"ID","logFC","AveExpr","t","P.Value","adj.P.Val","B","GeneSymbol"
"8105852",-0.611830499999999,7.10024833333333,-5.01285347276802,6.99077888173652e-05,0.0462071995550935,1.74739416034053,"MRPS36"
"8070097",-0.541732000000001,7.30806222222222,-4.83195677845455,0.000105667033766145,0.0462071995550935,1.37925459895424,"DNAJC28"
"8030448",-0.6237905,9.64304777777778,-4.82626216339786,0.000107054513838266,0.0462071995550935,1.36761462595255,"CPT1C"
"7950162",-0.935552499999999,10.1712788888889,-4.67931383061602,0.000150014774352943,0.0478499891706519,1.06627762740778,"PDE2A"
"8099965",-0.726569999999999,8.967825,-4.65207469782916,0.000159720739272332,0.0479958395480431,1.01022795703681,"ACOT7"
"7930870",-0.825672499999999,10.2435844444444,-4.65131448815849,0.00016000054629044,0.0479958395480431,1.00866287790739,"TOMM22"
"8112331",-0.759905,10.0153944444444,-4.60254457788838,0.000179026751115875,0.0480346473102612,0.908169795610188,"ISCA1"
"7901212",-0.565148499999999,8.10795888888889,-4.43761119613623,0.000262020616263222,0.0542690471007077,0.567158074389856,"UQCRH"
"8147848",-0.97533375,9.78181833333333,-4.40512509494206,0.000282474179656548,0.0542690471007077,0.499808383927618,"OXR1"
"7992402",-0.369292749999999,8.99958388888889,-4.32958468590817,0.000336471691345,0.0542690471007077,0.343009421668619,"NDUFB10"
"8073032",-0.390795749999999,7.470805,-4.2961890626157,0.000363545543518065,0.0542690471007077,0.273615950422151,"TOMM22"
"7906128",-0.561561499999998,8.86429611111111,-4.29169240867635,0.000367354537945828,0.0542690471007077,0.264269175141172,"SLC25A44"
"8159249",-0.322004499999999,8.94402388888889,-4.24114772735171,0.00041302984145924,0.0552973859168711,0.159161510596726,"MRPS2"
"8001764",-0.565767499999999,11.2347277777778,-4.18689690744405,0.000468419664318834,0.0553935299253898,0.0462680980303629,"GOT2"
"7983239",-0.72228375,10.903055,-4.16668480033945,0.000490910911299783,0.0555981653522071,0.00419093706941442,"CKMT1A"
"7983256",-0.72228375,10.903055,-4.16668480033945,0.000490910911299783,0.0555981653522071,0.00419093706941442,"CKMT1B"
"7945539",-0.47515625,9.31355444444444,-4.08913529108665,0.000587714559740961,0.0568378593785441,-0.157307950329486,"SLC25A22"
"7906978",-0.438412499999999,11.5154,-4.08146252627307,0.000598275140084633,0.0568378593785441,-0.173290058967111,"MGST3"
"8047372",-0.540326999999999,7.35341666666667,-4.08116798230756,0.000598684305234661,0.0568378593785441,-0.173903591372872,"NDUFB3"
"7975268",-0.56502025,7.57778388888889,-4.07918529564557,0.000601445845761066,0.0568378593785441,-0.178033522692904,"ARG2"
"7985757",-0.458368749999998,10.2718805555556,-4.00370131531006,0.000716619432698386,0.0595140394864635,-0.335272156383116,"MRPS11"
"8006762",-0.567947499999998,10.3025588888889,-3.95439374215589,0.000803501331664785,0.0605017820866439,-0.437969895513776,"MRPL45"
"8096109",-0.678869249999999,6.07686333333333,-3.94761440879595,0.000816241650525446,0.0605017820866439,-0.452087766210757,"MRPS18C"
"8114618",-0.701451749999999,9.19618166666667,-3.92720427707826,0.000855827518351553,0.0605017820866439,-0.494587394342449,"NDUFA2"
"8175844",-0.475796249999999,10.716415,-3.90362358074767,0.000903951592579103,0.0609288991459643,-0.543679783500938,"IDH3G"
"7965918",-0.840328999999998,9.59486444444444,-3.77015824421047,0.0012317184245877,0.0647623011831157,-0.821251290544202,"NT5DC3"
"7929919",-0.380253249999999,9.38549055555555,-3.75403264449299,0.00127858429680824,0.0652748765884517,-0.854743180896829,"SFXN3"
"8000323",-0.5786725,8.62299722222222,-3.75184812727309,0.00128506784223588,0.0653862623279701,-0.85927936946991,"NDUFAB1"
"8081343",-0.363530999999999,7.64930166666667,-3.73488421826432,0.00133653903849905,0.0659386694495097,-0.894497408038636,"TRMT10C"
"8166511",-0.633450499999998,9.67218944444444,-3.72303389487876,0.00137370323622226,0.0660237214328129,-0.919090818704754,"PDK3"
"8035494",-0.457225,10.6604088888889,-3.72251387592677,0.00137535735609203,0.0660237214328129,-0.9201698666834,"FKBP8"
"8072274",-0.35959125,9.76952666666667,-3.71708247173275,0.001392752526304,0.0660237214328129,-0.931439267184318,"UQCR10"
"8138640",-0.456957249999999,9.04424888888889,-3.71560032907684,0.00139753716355211,0.0660237214328129,-0.934514232045793,"CYCS"
"8126646",-0.346090749999999,9.78645388888889,-3.7146258214203,0.00140069193685158,0.0660237214328129,-0.936535954751669,"MRPS18A"
"8012450",0.286721,6.78880055555555,3.69577968081446,0.00146311013186228,0.0675689016097342,-0.975624056144796,"SLC25A35"
"8047419",0.339925749999999,7.12796611111111,3.68292291052167,0.00150726561954034,0.0676843496622257,-1.00227819885579,"CASP8"
"7937079",-0.492234999999998,11.2392388888889,-3.67009663652463,0.00155263148769333,0.0679431382662348,-1.02885927528856,"BNIP3"
"8085233",-0.320946749999999,8.31916,-3.65029418022842,0.00162534045831016,0.0683094675303073,-1.06987752514264,"RPUSD3"
"8174288",0.310156250000001,7.50737222222222,3.61555182328006,0.00176113605428972,0.0686767597974643,-1.14177857444673,"SLC25A53"
"7901601",-0.386688999999998,9.91455722222222,-3.57743974856979,0.00192302666771255,0.0698266291764721,-1.22055250980241,"MRPL37"
"8028705",-0.358666499999999,9.80915666666667,-3.57175224028606,0.00194841442442564,0.0700088144568933,-1.23229834952468,"TIMM50"
"8048752",-0.467857249999999,7.56319444444444,-3.55583435799653,0.00202124075967162,0.0708950164535941,-1.26515791292786,"MRPL44"
"8128322",-0.729961999999999,9.29160444444445,-3.54523224347562,0.00207123080251638,0.071359388907949,-1.28703226631426,"NDUFAF4"
"7945071",-0.345448999999998,8.86215611111111,-3.52646102345704,0.00216274806948877,0.071359388907949,-1.32573724784219,"FOXRED1"
"8080184",-0.38297675,8.87981611111111,-3.51422432954804,0.00222454205042423,0.071359388907949,-1.3509514876333,"ALAS1"
"8160968",-0.35231575,9.38331722222222,-3.50358748121598,0.002279668605473,0.0720855893223499,-1.37285793865313,"STOML2"
"8022404",-0.40679175,7.69145666666667,-3.49646667184282,0.00231732289590127,0.0724506107650935,-1.38751718414911,"FAM210A"
"7920057",-0.309515999999999,8.41725833333333,-3.46614455348926,0.00248464009112693,0.0741359495724205,-1.44988431592185,"TDRKH"
"8127629",-0.440914499999999,9.99766,-3.45802239983033,0.00253144176080815,0.0742348051419883,-1.46657437884627,"COX7A2"
"8066461",-0.674967999999999,9.78975722222222,-3.44749483030287,0.00259339654991229,0.074407998962082,-1.48819705359702,"TOMM34"
"8111892",-0.849324499999999,9.77029444444445,-3.44749090287448,0.0025934199388734,0.074407998962082,-1.48820511799674,"OXCT1"
"8009784",-0.304766499999999,8.90045722222222,-3.43876926817483,0.00264587481253092,0.0746607573159678,-1.50610965194023,"MRPS7"
"7915695",0.23995425,7.39418833333333,3.43468113775359,0.00267081996208406,0.0749202125337094,-1.51449930097864,"MUTYH"
"8076563",-0.30216875,8.23434277777778,-3.42559302009929,0.00272710545564806,0.0757007700865634,-1.5331433626244,"MCAT"
"8081945",-0.362740749999999,9.53728388888889,-3.42312707343199,0.00274257784547697,0.0757007700865634,-1.53820062143426,"NDUFB4"
"8093314",-0.362740749999999,9.53728388888889,-3.42312707343199,0.00274257784547697,0.0757007700865634,-1.53820062143426,"NDUFB4"
"8003627",-0.407571249999999,9.32024722222222,-3.41850241088436,0.00277182786684421,0.0760527478979962,-1.54768322867737,"TIMM22"
"7984405",-0.454766749999999,7.71618944444444,-3.41121485109162,0.00281854330254986,0.0763940387784872,-1.56262106712118,"C15orf61"
"8098576",-0.689241249999998,10.0758005555556,-3.40996930151799,0.00282660467234574,0.0763940387784872,-1.56517355674833,"SLC25A4"
"8049737",0.323478,7.47047,3.40326238960647,0.00287040356890636,0.0769620278029168,-1.57891489270808,"AGXT"
"8171823",-0.673522499999999,10.3898566666667,-3.37781382537955,0.00304273705406103,0.0787819913991599,-1.63100683881752,"APOO"
"8133690",-0.506864999999998,11.1513166666667,-3.37158985870145,0.00308640646341515,0.0788229909694899,-1.64373518009363,"MDH2"
"8087100",-0.337193999999999,8.63713,-3.36895993146767,0.00310504314598566,0.0788229909694899,-1.64911209657355,"UQCRC1"
"8015712",-0.321812500000001,8.97247722222222,-3.36704404035389,0.00311868934187316,0.0788229909694899,-1.65302862198966,"COA3"
"7910241",-0.260090249999998,9.97504833333333,-3.34824133415165,0.00325577357824292,0.0802301094094164,-1.69144140238668,"GUK1"
"8112622",-0.453142499999999,8.42066333333334,-3.34677572005256,0.00326670367584011,0.0802301094094164,-1.6944336846979,"GFM2"
"7949995",-0.401588249999999,9.00207333333334,-3.34098889149188,0.00331021244470096,0.0806429383365007,-1.70624571452288,"MRPL21"
"7922095",-0.548051,9.69560277777778,-3.33612066181674,0.0033472539993951,0.0809981950711181,-1.71617935537789,"MPC2"
"8117987",-0.368252749999999,8.78296111111111,-3.31589310929224,0.0035055584345661,0.0819699909543211,-1.75742036596326,"C6orf136"
"8056693",-0.45164575,7.78125555555556,-3.31227840677166,0.00353460966743608,0.0819699909543211,-1.76478445340014,"FASTKD1"
"7995040",-0.307908999999998,8.48116055555556,-3.30309279000292,0.00360949848084555,0.0826016982245458,-1.78348993491045,"BCKDK"
"8073192",-0.52340625,10.234615,-3.30062834135919,0.00362985347485482,0.0826132817171845,-1.78850653794727,"UQCRFS1"
"8086451",-0.587688999999999,9.76624388888889,-3.29381562572335,0.00368670886202032,0.0828580634494041,-1.8023700397102,"HIGD1A"
"8053654",0.334565250000001,5.62870166666667,3.29342458198243,0.00368999861366472,0.0828580634494041,-1.80316559583739,"FABP1"
"8105311",-0.301006999999999,8.39254611111111,-3.28198306630692,0.0037875342754577,0.0831883435157751,-1.82643317118857,"NDUFS4"
"8084092",-0.873269999999998,10.45532,-3.28062293595162,0.00379929532382585,0.083336716994354,-1.82919791032218,"NDUFB5"
"8172244",-0.390414249999999,8.81365055555556,-3.2718649358481,0.00387588534529285,0.0837153348464562,-1.8469939532913,"FUNDC1"
"8042801",-0.417918249999999,8.71782055555556,-3.2670621496438,0.00391852496128213,0.0838645402226894,-1.85674838795409,"DGUOK"
"8044844",-0.302978499999999,8.47946888888889,-3.26658450878152,0.00392279047987013,0.0838645402226894,-1.85771829039608,"TMEM177"
"7933537",-0.503696749999999,9.57246277777778,-3.26156490610352,0.00396789273952163,0.0840986152436994,-1.8679091258899,"OGDHL"
"8164428",-0.463529499999999,9.09456888888889,-3.24838792297006,0.00408871476123658,0.0846354423493055,-1.89464340095335,"TRUB2"
"8130191",-0.270383,6.37558777777778,-3.24658003521959,0.00410556937090814,0.0847316316502828,-1.8983093301414,"RMND1"
"7948424",-0.344552000000002,8.39972777777778,-3.24404629958612,0.00412930513103554,0.0847316316502828,-1.90344626160462,"MRPL16"
"7992396",-0.453232500000001,8.04018833333333,-3.24396329854563,0.00413008493763429,0.0847316316502828,-1.90361452267011,"FAHD1"
"7940835",-0.321813749999999,10.6690216666667,-3.21662042083678,0.00439495305744734,0.0864381142231779,-1.95898688905805,"COX8A"
"7912112",-0.453899499999999,8.70066388888889,-3.20621144194331,0.0045000780684613,0.0867626516766393,-1.98003548305929,"DNAJC11"
"8061138",-0.414545999999998,7.90649833333333,-3.19529370506605,0.00461297434625439,0.0874599456201928,-2.00209420225344,"PET117"
"7931778",-0.312997500000001,10.57863,-3.19296335931881,0.00463742657583253,0.087684493296704,-2.00680004100375,"PITRM1"
"8161857",-0.394432499999999,9.33393666666667,-3.18730351297586,0.00469734208502759,0.0880176698959841,-2.01822568417599,"RFK"
"8039068",-0.483348,9.67760166666667,-3.18199863908636,0.00475418397589537,0.0881295670286603,-2.02892994603886,"NDUFV2"
"7927649",-0.643392249999999,8.83443388888889,-3.17111870279683,0.00487286602854332,0.0889370475850925,-2.05086900154828,"CISD1"
"8146930",-0.286762499999999,8.000595,-3.16081276423757,0.00498794350794158,0.0894446594186795,-2.07163220002414,"TMEM70"
"7981283",0.200114250000001,9.51608666666667,3.15476630109181,0.005056685385948,0.089942549837559,-2.08380546156243,"SLC25A29"
"8047262",-0.3787575,8.24732833333334,-3.14577064331358,0.00516066469966742,0.0905095217427326,-2.10190460088443,"C2orf69"
"7952549",-0.235886249999999,7.64323666666667,-3.11724308697425,0.00550434234426476,0.092192196698684,-2.15920723232425,"RPUSD4"
"8043848",-0.439751000000001,9.27019111111111,-3.10533670500322,0.0056542665629246,0.092998232926409,-2.18307986373811,"MRPL30"
"7993754",0.309526250000001,5.70293222222222,3.10335538668187,0.00567959688056926,0.0931135092724347,-2.18704993202136,"ACSM2A"
"8024194",-0.337597499999998,11.2479666666667,-3.09681585662938,0.00576398603056176,0.0935081295627853,-2.20014834874214,"GPX4"
"8168470",-0.656364499999999,7.96057944444444,-3.0924771109377,0.00582064525756426,0.0937624401690584,-2.20883427635932,"COX7B"
"8047097",-0.758074999999997,10.3225777777778,-3.08464876018622,0.00592424464038287,0.094281777849505,-2.22449723316543,"GLS"
"7928401",-0.2965255,7.90782388888889,-3.07900194021323,0.00600008176366136,0.0946016366993244,-2.23578816584515,"CHCHD1"
"7954591",-0.378521499999999,8.65615722222222,-3.07807565481834,0.00601261136045132,0.0946016366993244,-2.2376397112089,"MRPS35"
"8146945",-0.560948749999998,10.5710194444444,-3.06980106707625,0.00612567037222135,0.0950449423969498,-2.2541724098792,"GDAP1"
"8020058",-0.519856,9.59219388888889,-3.06118530654751,0.00624557959604181,0.0958954816522053,-2.27137268066732,"NDUFV2"
"8061019",-0.584480499999999,7.44784388888889,-3.05517820144233,0.00633052513234513,0.0964261186329807,-2.28335651019334,"NDUFAF5"
"8169904",-0.372756749999999,7.84574833333333,-3.05192087863691,0.00637705318803424,0.0965605911787067,-2.28985170740112,"SLC25A14"
"8015460",-0.36997525,9.58097055555556,-3.04438707437876,0.00648593916563812,0.0970684466301051,-2.30486626244286,"ACLY"
"8164535",-0.275029249999998,9.11505277777778,-3.0443562067054,0.00648638897654395,0.0970684466301051,-2.3049277571272,"CRAT"
"8146448",-0.490350249999999,8.38480055555555,-3.02644787096217,0.00675250689878619,0.0979693476598664,-2.3405724125239,"MRPL15"
"8063478",0.217668000000001,8.67437333333333,3.02545881950072,0.00676750793831365,0.0979693476598664,-2.34253911560276,"FAM210B"
"7975602",-0.215005249999999,8.01537111111111,-3.02467804886226,0.00677937272113707,0.0979693476598664,-2.34409151607971,"ACOT2"
"8011747",-0.5023515,10.0323616666667,-3.02097861211503,0.00683586427355387,0.0979693476598664,-2.35144537635371,"SLC25A11"
"7992954",0.29485075,7.16902277777778,3.01388532314254,0.00694545665653411,0.0983894361188648,-2.36553774464432,"TRAP1"
"8074939",-0.326335999999998,10.0373927777778,-3.00533348667221,0.00707984285721043,0.0985839550447464,-2.3825139156294,"CHCHD10"
"8137330",0.243316750000001,9.08768277777778,3.00292137796937,0.0071181995282508,0.098774800382281,-2.38729939797121,"ABCB8"
"8165995",-0.557691,8.57940333333334,-3.00007659708064,0.00716369446384576,0.0989188443950738,-2.39294170003761,"HCCS"
"7936661",-0.362251249999997,10.0485094444444,-2.9993169127356,0.00717589109670145,0.098951664106584,-2.39444815887697,"PRDX3"
"8161229",-0.32832275,9.54219277777778,-2.98086022849312,0.00747844843379629,0.100456548911604,-2.43101005782328,"TOMM5"
"7915084",-0.199521999999999,8.04592055555556,-2.96210171407287,0.00779855237871725,0.102118267814187,-2.46809426718552,"YRDC"
"8177851",-0.402389999999999,8.689695,-2.96171792877878,0.00780523745644069,0.102118267814187,-2.46885217490349,"C6orf136"
"8179167",-0.402389999999999,8.689695,-2.96171792877878,0.00780523745644069,0.102118267814187,-2.46885217490349,"C6orf136"
"7950142",-0.321864749999998,8.978355,-2.96100171450121,0.00781772782626847,0.10212987931712,-2.47026648345174,"CLPB"
"8071206",-0.38029,8.30697222222222,-2.93828372092898,0.00822406604602139,0.104199667859351,-2.5150681555904,"MRPL40"
"7941946",-0.4215025,10.0862755555556,-2.93299210029905,0.00832159372158314,0.104639012895602,-2.52548687873075,"NDUFV1"
"8110090",-0.442661499999998,9.61570555555555,-2.93179616952408,0.00834378920318021,0.104806188001964,-2.52784067052822,"SFXN1"
"8053366",-0.436029249999998,9.15617722222222,-2.92917215702116,0.00839268857708436,0.105014964633674,-2.53300401486628,"SUCLG1"
"7934255",-0.54466025,9.37167777777778,-2.92482790834237,0.0084742521110812,0.105412719557094,-2.54154882943679,"MICU1"
"8116635",-0.421829749999999,8.03505611111111,-2.92276939120234,0.00851316676842713,0.105572779846673,-2.54559625599072,"BPHL"
"7928318",-0.310308749999999,8.25374,-2.91955630335565,0.00857425156496848,0.105894695680679,-2.55191181716831,"MCU"
"7939825",-0.403324,10.0656088888889,-2.90846554031751,0.00878835699583991,0.106763359453379,-2.57369300444722,"NDUFS3"
"8075263",-0.330214,9.50612222222222,-2.90687921149343,0.00881939799985265,0.106763359453379,-2.57680603827992,"NIPSNAP1"
"7975989",-0.336579999999999,11.1341888888889,-2.90506074974264,0.00885511102643502,0.106972888543961,-2.58037388152871,"SLIRP"
"7915870",-0.311627499999999,8.60236388888889,-2.90494534520552,0.00885738215802327,0.106972888543961,-2.5806002801797,"ATPAF1"
"8147344",-0.760119999999998,11.2724488888889,-2.90214009116672,0.00891276139633365,0.107369108615673,-2.58610260864933,"PDP1"
"8093219",-0.3284675,8.55625444444444,-2.89985295999673,0.00895815839321951,0.107609885738642,-2.59058728878445,"BDH1"
"7908766",-0.507189999999999,8.74414722222222,-2.89059903312174,0.00914411735881421,0.108793570066209,-2.60871993355054,"TIMM17A"
"7920047",-0.3343905,9.032075,-2.8810770874327,0.00933933084139772,0.10925317884567,-2.62735623190594,"MRPL9"
"7939507",0.213231250000001,7.38266444444444,2.87394341278508,0.00948819694910268,0.109706577779764,-2.64130378006077,"ACCS"
"7925174",-0.854924999999999,10.1773033333333,-2.870485271141,0.00956117885932026,0.10982577741641,-2.64806055065041,"TOMM20"
"8056766",-0.672153749999998,9.830525,-2.86886110690176,0.00959564146768491,0.10982577741641,-2.65123294644635,"SLC25A12"
"8174047",-0.405032250000001,7.54968166666667,-2.86315615964828,0.00971763994500561,0.110132150186811,-2.66237096046352,"TIMM8A"
"7943827",-0.4689085,8.81185722222222,-2.86155812564107,0.00975207929777556,0.11025510922549,-2.66548942499938,"DLAT"
"7974190",-0.454081999999999,9.17151277777778,-2.84205063184839,0.0101820352373477,0.111648811649757,-2.70350557230576,"DNAJC19"
"8123728",-0.332669999999999,7.63757666666667,-2.83482606375541,0.0103458320535516,0.112506365031576,-2.71756037047654,"LYRM4"
"8076417",-0.348638,9.72178777777778,-2.83400804459701,0.0103645366262332,0.112506365031576,-2.71915091869724,"NDUFA6"
"7959153",-0.277015,12.5668722222222,-2.83221306670463,0.010405693606853,0.112529516085543,-2.7226404545044,"COX6A1"
"8073645",-0.440877499999999,9.33549944444444,-2.82896841811107,0.0104804875053438,0.112617304636457,-2.7289461297039,"SAMM50"
"7951679",-0.341346999999999,9.22266222222222,-2.82830612555362,0.0104958174500831,0.112617304636457,-2.73023290115944,"TIMM8B"
"8061572",0.313474000000001,7.03866777777778,2.82329730530548,0.0106124526568179,0.112948149840785,-2.73996089486686,"COX4I2"
"8094974",-0.38865525,9.59681833333333,-2.82228743617647,0.0106361182506824,0.112948149840785,-2.7419214483876,"OCIAD1"
"8128383",-0.364381999999999,7.19618444444444,-2.81539355079641,0.0107990261939183,0.11346644846289,-2.75529810867714,"COQ3"
"8119153",-0.261392499999999,12.3679055555556,-2.79974214051445,0.0111777890229338,0.114398510208806,-2.78562130058022,"COX6A1"
"8139468",-0.2047635,8.10815,-2.79782508578525,0.0112250454397244,0.114615252378566,-2.78933096576989,"TBRG4"
"8046408",-0.318587249999998,8.57633166666667,-2.79712226279682,0.0112424181906117,0.114673585381069,-2.79069074334713,"PDK1"
"8105153",-0.45914525,9.97631444444444,-2.79604987916372,0.0112689754664172,0.114673585381069,-2.79276526977142,"NNT"
"8073135",-0.2932635,7.99228166666667,-2.78845210824524,0.0114588564351708,0.115575047892979,-2.80745434929799,"MIEF1"
"8140814",-0.525273249999999,9.73260722222222,-2.7848059994928,0.0115510605205894,0.115744957537516,-2.81449801277426,"SLC25A40"
"8013567",-0.6263485,7.16879888888889,-2.78155693231448,0.0116338207839625,0.116073597852952,-2.82077163470466,"LYRM9"
"8135856",-0.375665249999999,9.88383666666667,-2.78151990801718,0.0116347671222873,0.116073597852952,-2.82084310843312,"ARF5"
"8027932",-0.289777499999999,10.81625,-2.77922925300283,0.0116934592672919,0.116189683400255,-2.82526439114932,"COX6B1"
"8142663",-0.531806499999999,9.03746055555556,-2.77434238331853,0.0118196189856001,0.116506173287012,-2.83469196099174,"NDUFA5"
"7953243",-0.445831249999999,10.1677827777778,-2.76877626895468,0.0119648967213081,0.11713616801089,-2.84542196026908,"NDUFA9"
"8021470",0.337222750000001,6.43562277777778,2.76281746618427,0.0121223116622253,0.117664632419666,-2.85689952852696,"PMAIP1"
"7912928",-0.407563749999998,10.0097205555556,-2.75992700027713,0.0121993794275235,0.117947853332025,-2.86246347924441,"SDHB"
"8168875",-0.360956499999999,8.42841888888889,-2.7444772985233,0.0126192970728728,0.119182489839819,-2.89216367406218,"ARMCX3"
"7904755",-0.519452499999998,10.4201322222222,-2.74442269986468,0.0126208051880689,0.119182489839819,-2.89226851487231,"PEX11B"
"8042335",-0.43924,10.6567322222222,-2.7439252710791,0.0126345529963537,0.119182489839819,-2.89322364320515,"VDAC2"
"8079311",-0.363324749999998,7.98350333333333,-2.74065781244872,0.0127252134913161,0.119423341793537,-2.89949585673167,"LARS2"
"7956639",-0.20200575,8.03462166666667,-2.74030908532134,0.0127349259640309,0.119442571563254,-2.90016509527028,"TSFM"
"7964064",-0.334703749999999,10.3963527777778,-2.73951592857988,0.012757042642605,0.119505938186747,-2.90168710591082,"CS"
"8050079",-0.30061275,8.67773333333334,-2.73372025647667,0.012919765278691,0.120366375065633,-2.91280317075693,"RNASEH1"
"7991209",-0.36277075,8.79702555555556,-2.73039198258971,0.0130141032985706,0.120600832564524,-2.9191824619085,"MRPL46"
"7954752",-0.485528749999999,10.0770694444444,-2.71961742298104,0.0133240199606993,0.12124520536779,-2.93981226877707,"DNM1L"
"8126066",-0.338951249999999,10.296205,-2.71561715530738,0.0134408603336379,0.121529375867096,-2.94746297801181,"MTCH1"
"7962312",-0.6909685,8.52389888888889,-2.70973780039116,0.0136143555524562,0.122175366670145,-2.95869910958364,"ABCD2"
"8118622",0.246698000000002,7.59791055555555,2.70865204692862,0.0136466273782742,0.122175366670145,-2.96077300997163,"HSD17B8"
"8178234",0.246698000000002,7.59791055555555,2.70865204692862,0.0136466273782742,0.122175366670145,-2.96077300997163,"HSD17B8"
"8179534",0.246698000000002,7.59791055555555,2.70865204692862,0.0136466273782742,0.122175366670145,-2.96077300997163,"HSD17B8"
"8052866",-0.260519749999999,7.80891444444444,-2.70519237676548,0.0137499448826057,0.122606282013585,-2.96737903742334,"FAM136A"
"8089034",-0.475894499999999,8.41732833333333,-2.70500584642629,0.0137555363862439,0.122606282013585,-2.96773510613109,"ARMC10"
"7900228",-0.320352499999999,11.8904611111111,-2.69771531665928,0.013975780880256,0.123566536370123,-2.98164403099572,"NDUFS5"
"8082066",-0.4702535,9.03104444444444,-2.68164905953619,0.0144730218448937,0.125138459716807,-3.01223982018402,"FAM162A"
"7987642",-0.668029749999999,7.23455388888889,-2.67558641034217,0.0146649857955463,0.125773791542965,-3.02376518502253,"NDUFAF1"
"8136614",-0.410673499999999,8.87702444444444,-2.67531387214538,0.0146736717730139,0.125773791542965,-3.02428303234059,"AGK"
"7916219",-0.3600595,7.46630055555555,-2.67194890465582,0.0147813185469875,0.126067418865373,-3.03067492795913,"COA7"
"8014487",-0.332110249999999,9.17644944444444,-2.6713643254267,0.0148000957051159,0.126074466122115,-3.03178501141823,"ACACA"
"7910630",-0.470450249999999,8.28781,-2.67116088934227,0.0148066355425365,0.126074466122115,-3.03217130096235,"COA6"
"8079563",-0.302870249999999,9.86817,-2.66856013708922,0.0148904835243996,0.126201965528217,-3.03710856925256,"DHX30"
"7896952",0.195810500000002,8.60108388888889,2.66791414865665,0.0149113798377028,0.126201965528217,-3.0383345955006,"ATAD3A"
"7897824",-0.255788999999999,10.073895,-2.65636064538356,0.0152898390647349,0.12708581411345,-3.06024058585756,"MFN2"
"8034544",-0.243641999999998,8.40460166666666,-2.65506176427791,0.0153329514582084,0.127190155631282,-3.06270076975953,"PRDX2"
"8053533",-0.347325499999999,9.73846111111111,-2.65228158667813,0.0154256184319102,0.127489518474745,-3.06796490147694,"IMMT"
"8148728",-0.328138999999998,9.44277944444445,-2.64636983940232,0.0156244313664824,0.127950489722028,-3.0791505753362,"CYC1"
"8092265",-0.361425249999999,8.93091055555555,-2.64146914446305,0.0157910797647085,0.128368062237671,-3.08841501059963,"MRPL47"
"8008064",-0.503514749999999,9.51275166666667,-2.62712490074533,0.0162885797391705,0.129683233639961,-3.11548869061806,"PNPO"
"8102141",-0.332827249999999,7.55946277777778,-2.62431140745896,0.0163878835948414,0.129894832436721,-3.12079134866242,"PPA2"
"7914940",-0.284324499999999,9.53196555555556,-2.61651731999408,0.0166659786007482,0.130550154492248,-3.13546793469981,"MRPS15"
"8138224",-0.388915499999999,9.33860666666667,-2.61389241224015,0.0167606359258469,0.130810710459901,-3.14040638648202,"NDUFA4"
"8139758",-0.320729499999999,9.08651555555556,-2.60803234319643,0.0169737934316905,0.131617476329545,-3.1514234475228,"CHCHD2"
"8043718",-0.313672499999999,11.2783,-2.59886613892484,0.0173123528106809,0.132730695725821,-3.16863393995415,"COX5B"
"8032284",-0.233322499999999,8.90355111111111,-2.5960881733121,0.0174162112017733,0.132968438896779,-3.1738444843392,"UQCR11"
"8008263",-0.519095999999999,10.1562666666667,-2.59592922621254,0.0174221714295517,0.132968438896779,-3.17414254064562,"PDK2"
"8166335",-0.46450975,9.49726222222222,-2.59557944737164,0.0174352942822117,0.132968438896779,-3.17479841413158,"PDHA1"
"8073605",0.300214250000001,6.48436555555556,2.58524705279001,0.017827174776675,0.134028321999308,-3.19415476560146,"BIK"
"7989708",-0.34602975,8.40004,-2.58237029725835,0.017937752457248,0.134188574156141,-3.1995377516905,"MTFMT"
"7929664",0.2213535,7.31785833333333,2.57985966014311,0.0180347854276195,0.134340995611509,-3.20423342912563,"HOGA1"
"8005994",-0.478224249999999,9.79030888888889,-2.57811899761985,0.0181023501314616,0.134496170610386,-3.20748779153478,"ERAL1"
"7937217",-0.283642749999999,9.23203555555556,-2.57769253455735,0.0181189398702874,0.13451646396008,-3.20828495894733,"ECHS1"
"7965515",-0.2576725,10.0753788888889,-2.5735012927946,0.0182827467126022,0.134898902372517,-3.21611624530155,"NDUFA12"
"8094848",-0.435938249999999,9.61964166666666,-2.57318654365947,0.0182951042732359,0.13491124664373,-3.21670411514287,"SLC30A9"
"8013222",-0.228495,8.40403166666667,-2.56943246549172,0.018443103573882,0.13520023360815,-3.22371322056549,"TOP3A"
"8009176",-0.21232775,8.01398611111111,-2.5686191985645,0.0184753138100306,0.135202752512657,-3.22523102363772,"TACO1"
"8100298",-0.297369499999999,8.15744277777778,-2.55934104563087,0.0188465545473091,0.136070301438852,-3.2425312161991,"OCIAD2"
"7925480",-0.430145249999999,8.08991333333333,-2.55047839061296,0.0192077196216634,0.137009305964551,-3.25902962179509,"FH"
"8145454",-0.266359999999999,11.3989777777778,-2.54930473594377,0.0192560331117025,0.137118933815303,-3.26121246301109,"BNIP3L"
"8099246",-0.195568999999999,8.87543944444445,-2.54521322352972,0.0194253557239568,0.137351387350376,-3.26881847042223,"GRPEL1"
"8110166",-0.341964250000001,9.71991388888889,-2.53945196825261,0.0196661542409068,0.137828654548405,-3.27951880663519,"HIGD2A"
"7928752",-0.586915000000001,10.4529788888889,-2.53552711467762,0.0198318023849737,0.138188764574342,-3.28680190029267,"GHITM"
"7971541",-0.595331749999999,9.91047111111111,-2.53547344957018,0.0198340763793557,0.138188764574342,-3.2869014464635,"SUCLA2"
"7993126",-0.319078749999999,10.6785372222222,-2.52882231591384,0.0201178152142885,0.138766867832555,-3.29923129678202,"ABAT"
"7956856",0.279256,7.88117277777778,2.52731263836028,0.0201827473124749,0.138819203283716,-3.30202780526649,"MSRB3"
"7898663",-0.398896,10.0729638888889,-2.5198310924339,0.0205074480852008,0.139495862668073,-3.31587486354826,"PINK1"
"8100532",-0.200806749999999,8.78459555555556,-2.51973821010795,0.0205115098544279,0.139495862668073,-3.31604665045244,"NOA1"
"8048026",0.250219,7.14343944444444,2.51653364825929,0.0206521096322773,0.140023069522691,-3.32197168002484,"CPS1"
"8126512",-0.181810499999999,8.49624833333333,-2.49931337135828,0.0214232634423502,0.142398740902318,-3.35374913441002,"MRPL2"
"7911566",0.28117775,6.26710888888889,2.49697888109089,0.0215298605343064,0.142634255115559,-3.3580490219991,"MRPL20"
"8039945",0.28117775,6.26710888888889,2.49697888109089,0.0215298605343064,0.142634255115559,-3.3580490219991,"MRPL20"
"8033190",-0.323829749999998,10.3267416666667,-2.49610300014919,0.0215699829599996,0.142664194571741,-3.35966180351725,"SLC25A23"
"8048257",-0.234020750000001,8.66068277777778,-2.49418823863807,0.0216579386835435,0.142664194571741,-3.36318655062573,"PNKD"
"7950644",-0.4667075,11.2765644444444,-2.48907010292041,0.0218946959225432,0.143215873529604,-3.3726017369324,"NDUFC2"
"8075778",-0.30504075,9.44006833333333,-2.48544890146196,0.0220636694125465,0.143748451840091,-3.37925753860726,"TXN2"
"8028563",-0.245660249999999,7.38310666666667,-2.48286894650457,0.0221848001344834,0.143845478944287,-3.38399664674439,"MRPS12"
"7985134",-0.451031249999999,11.4711216666667,-2.48126798916215,0.0222602790014874,0.144039298372176,-3.38693623373331,"IDH3A"
"8172453",-0.171316499999999,8.29740833333333,-2.47767770075958,0.0224304219918964,0.144343050125829,-3.39352515557953,"TIMM17B"
"8152597",-0.186101999999999,6.080215,-2.47702326655762,0.0224615663456785,0.144346579851344,-3.39472567578882,"MRPL13"
"8081277",-0.460557999999998,9.71746555555556,-2.46993304721144,0.0228015921447714,0.145167230142343,-3.40772230309211,"NIT2"
"8120067",-0.508125249999999,9.76469555555556,-2.46561963150895,0.0230108000829148,0.145787421730804,-3.41562000185783,"SLC25A27"
"8036284",-0.324337499999999,8.030545,-2.46169053974988,0.0232029285030207,0.146268063302741,-3.42280810130749,"COX7A1"
"8091629",-0.268277499999999,6.82690555555556,-2.45848433742751,0.0233608184232788,0.146663289444361,-3.42866951313137,"C3orf33"
"8150253",-0.207294749999999,7.183425,-2.45525311436682,0.0235209559321497,0.14693586317254,-3.43457284249489,"STAR"
"8034762",-0.30449825,9.86162444444444,-2.4459813732694,0.0239861694755259,0.147983289447897,-3.45149057578663,"PRKACA"
"7985983",-0.388782999999998,10.0728955555556,-2.44578734768867,0.0239959959544713,0.147983289447897,-3.45184426524773,"NGRN"
"8005089",-0.171379999999999,8.61423111111111,-2.44426372944717,0.0240732907574127,0.148076260169129,-3.45462118421821,"COX10"
"7935230",-0.25057825,7.87246888888889,-2.44205600998262,0.0241857032292853,0.148389784489684,-3.45864340050544,"ALDH18A1"
"8132439",0.191642,6.34872722222222,2.43982785143151,0.0242996530362588,0.148470251563958,-3.4627010118864,"SUGCT"
"8033069",-0.171812999999999,8.57022166666667,-2.43855902049134,0.0243647657504884,0.148584909376192,-3.46501080118393,"NDUFA11"
"7960553",-0.280497499999999,11.3989944444444,-2.4365923204576,0.0244660128945975,0.148902363617513,-3.46858980654341,"MRPL51"
"8026724",-0.199065499999999,8.64008444444445,-2.43114080338551,0.0247487165568768,0.14945032276173,-3.47850290868937,"MRPL34"
"8013588",-0.321183749999999,10.2518916666667,-2.43082672470976,0.0247650964460874,0.14945032276173,-3.47907369279019,"POLDIP2"
"8106776",-0.2498525,9.00927944444445,-2.43039827383594,0.0247874573978368,0.14945032276173,-3.47985226886067,"COX7C"
"7949637",0.214616,8.53360388888889,2.42813700607705,0.0249057857101987,0.149514817529268,-3.48396027333132,"MRPL11"
"8112570",-0.32770575,9.153565,-2.42691760789887,0.0249698131209426,0.14961860687535,-3.48617473171888,"MRPS27"
"8047217",-0.456378249999999,9.24804722222222,-2.42335739651223,0.02515762958969,0.150013179163307,-3.4926369518542,"COQ10B"
"7941976",-0.179193,8.63024666666667,-2.41717549296355,0.0254868826806432,0.150575109127995,-3.50384645081567,"NDUFS8"
"8112857",-0.374193499999999,8.54197777777778,-2.4168074830486,0.025506609234277,0.150575109127995,-3.50451329634361,"MTX3"
"8116956",-0.270473249999998,8.60464666666667,-2.41641361970466,0.025527737372999,0.150575109127995,-3.50522693195634,"SIRT5"
"7939329",-0.3348605,9.66155611111111,-2.40651682508569,0.0260640147489055,0.151935821588218,-3.52313934799891,"PDHX"
"7990436",-0.2128875,10.7448833333333,-2.40600021641353,0.0260922941938788,0.151974949256465,-3.52407333834237,"COX5A"
"8045816",-0.37389975,9.47252333333333,-2.39948185517127,0.0264515745093163,0.152663069049344,-3.53584922888618,"GPD2"
"8113873",-0.213821749999998,9.55614111111111,-2.39744367515729,0.0265648563918156,0.152764159349097,-3.5395279835352,"HINT1"
"7936871",-0.37544125,10.0743872222222,-2.39153189917009,0.0268959896785096,0.153243629076888,-3.55018917036876,"OAT"
"8041495",-0.397292499999998,8.53030555555555,-2.38431706539175,0.0273053085734581,0.154465657419374,-3.56318184562626,"NDUFAF7"
"8113938",-0.395552249999999,9.08906,-2.38083854961298,0.0275047161604803,0.155173385119562,-3.56943878625724,"ACSL6"
"8003116",-0.34157875,8.61543722222222,-2.37855450295852,0.0276363849522254,0.155506541575426,-3.57354460821244,"HSDL1"
"8055672",-0.291202749999999,8.92169555555556,-2.37586854451685,0.027791971585007,0.155652934357838,-3.5783702865739,"MMADHC"
"7919055",0.297414250000001,6.30430111111111,2.37197717600757,0.028018825608924,0.156097625827556,-3.58535660042401,"HMGCS2"
"7997909",-0.188778249999999,8.57260555555555,-2.37101544879548,0.0280751554018319,0.156178814362313,-3.58708230245691,"SPG7"
"8124008",-0.348533999999999,8.12086,-2.36302070168687,0.0285475033457406,0.156876264103932,-3.60141371447176,"MCUR1"
"8060722",-0.248759,8.68329944444445,-2.36126631835604,0.0286521377151889,0.156964499753643,-3.60455523009461,"PANK2"
"7985997",-0.222571249999999,7.81418444444444,-2.34491765841338,0.0296444338279761,0.159469034888215,-3.63377101379193,"NGRN"
"8051882",-0.427539249999998,9.86721055555555,-2.34351526038075,0.0297310192699264,0.159624048553689,-3.63627215469613,"LRPPRC"
"7976755",0.215620000000001,7.64536611111111,2.33853936702635,0.0300401284524398,0.160270611379872,-3.64514011070687,"SLC25A47"
"8017143",-0.270904499999999,7.34536,-2.3384097942554,0.0300482172801659,0.160270611379872,-3.64537089909488,"PTRH2"
"7976000",-0.296259999999999,7.90770388888889,-2.33318826870757,0.030375862977391,0.161065150232987,-3.65466553399605,"ADCK1"
"8134079",-0.286753,8.79037722222222,-2.32890796999033,0.0306469091349245,0.161741889002161,-3.6622764398653,"GTPBP10"
"7999981",0.220652500000001,5.79354277777778,2.32769126469702,0.0307243631567192,0.161808723666817,-3.66443852711406,"ACSM1"
"8107259",-0.358386249999999,10.1377472222222,-2.32317528572191,0.0310134301650548,0.162341484704579,-3.67245812449829,"SLC25A46"
"8079170",-0.314088999999999,8.46264388888889,-2.31864442615525,0.0313059738251615,0.162976080434084,-3.68049572585514,"TCAIM"
"7906703",-0.334273749999999,9.97373388888889,-2.31737238803628,0.0313885625797072,0.163089907877667,-3.68275076053637,"NDUFS2"
"8146198",-0.414596249999999,8.657265,-2.30312482544674,0.0323274525364247,0.165194473159198,-3.70796266120924,"POLB"
"8098924",-0.209701249999998,8.80305944444444,-2.29914429597326,0.0325943561008439,0.165592379648658,-3.71499133947412,"LETM1"
"7898249",0.168529250000001,7.68363888888889,2.29289088847021,0.0330177679338666,0.166554543444872,-3.72601997928291,"SLC25A34"
"8026982",-0.165293249999999,8.57650833333333,-2.29025429934221,0.0331978034576671,0.166851448360768,-3.73066499633446,"MPV17L2"
"8150830",-0.2739165,7.99012833333333,-2.28843199593929,0.0333227649136799,0.167226541572087,-3.73387373105597,"LYPLA1"
"8013431",-0.369925749999999,8.65983055555555,-2.28771067996743,0.0333723475797488,0.167325282613167,-3.73514344606218,"AKAP10"
"8171111",-0.199277499999997,12.4316722222222,-2.28599028042398,0.0334908809218882,0.167590300880089,-3.7381709361195,"SLC25A6"
"8177003",-0.199277499999997,12.4316722222222,-2.28599028042398,0.0334908809218882,0.167590300880089,-3.7381709361195,"SLC25A6"
"8094876",-0.437596999999998,8.76350944444444,-2.28447043654675,0.0335959187323874,0.167737787679158,-3.74084445482829,"GUF1"
"8071426",-0.33737725,8.77760055555555,-2.28217194394961,0.0337553461566874,0.167992662392203,-3.74488581588544,"SNAP29"
"8088384",-0.409115999999999,8.50784166666667,-2.28177227005451,0.0337831392278444,0.168067710573664,-3.74558832020323,"PDHB"
"8084844",-0.457699999999998,10.1495777777778,-2.28080407875429,0.0338505540086931,0.168139765278538,-3.74728982296292,"OPA1"
"7956401",-0.2030315,8.49970277777778,-2.275891075688,0.0341945571924777,0.168777967808765,-3.75591780961705,"SHMT2"
"8083630",-0.265865499999999,8.68634055555555,-2.27038723591687,0.0345837490283884,0.169403335864157,-3.76557117335611,"GFM1"
"7905163",-0.326855,11.2401111111111,-2.2654579659719,0.0349357657722929,0.170062742978703,-3.77420577338857,"MRPS21"
"8117194",-0.270834499999999,8.43243611111111,-2.26517101311191,0.0349563592260986,0.170062742978703,-3.77470810735173,"MRS2"
"7914245",-0.2074155,8.74583333333334,-2.26059841138737,0.0352860257541595,0.170922141334921,-3.78270803206766,"MECR"
"8044375",0.179917000000001,7.16712111111111,2.25393170369179,0.0357717902969202,0.172010621133814,-3.79435549918868,"BCL2L11"
"8046573",-0.428241999999998,8.33877222222222,-2.25383684156916,0.035778746461805,0.172010621133814,-3.79452109488246,"MTX2"
"7971184",-0.237087749999999,7.71695166666667,-2.25073369106132,0.0360069841456124,0.172485437332626,-3.79993594451326,"MRPS31"
"7934326",-0.176314999999999,8.75393277777778,-2.2506637002368,0.0360121473740035,0.172485437332626,-3.80005802694281,"MRPS16"
"7901087",0.2613925,6.96735444444445,2.24602926420004,0.0363555464256477,0.172957655284297,-3.80813696070146,"HPDL"
"7964183",-0.308657499999999,8.54830388888889,-2.24545486069529,0.0363983168414182,0.17305781309995,-3.8091376320272,"GLS2"
"8058428",-0.338523749999998,10.151355,-2.24532377467727,0.0364080840506834,0.173059239776675,-3.80936597748626,"NDUFS1"
"7989680",0.189924000000001,7.44912666666667,2.24420357874928,0.0364916479068923,0.173210871747817,-3.81131699833996,"PIF1"
"7967987",-0.179206249999999,7.47935777777778,-2.24307031252528,0.0365763658139317,0.173413534459132,-3.81329022578709,"MRPL57"
"7909815",-0.206706499999999,8.66978944444445,-2.24259403105367,0.0366120243068018,0.173453504524965,-3.8141193529726,"IARS2"
"7957540",-0.38805075,9.18508,-2.2406096494947,0.0367609355278686,0.173893100374591,-3.81757276476461,"MRPL42"
"8048370",-0.238580999999999,8.37961,-2.23851931374505,0.0369183983679792,0.174216540597875,-3.82120870321053,"BCS1L"
"7976402",0.208282500000001,7.209565,2.23784977148826,0.0369689649373154,0.174257591381341,-3.82237290262158,"COX8C"
"7996041",-0.281202749999999,9.35186,-2.23573616198097,0.0371290103426206,0.174409563480716,-3.82604675357035,"COQ9"
"8131860",-0.308981999999999,9.65566666666667,-2.23504259153174,0.0371816667124159,0.17449200829435,-3.82725188177079,"MALSU1"
"8142554",0.335805000000002,9.05381166666667,2.22654625918173,0.0378322930256143,0.175715143098602,-3.84199766457402,"AASS"
"7999025",-0.332423499999999,10.0568972222222,-2.22542131970755,0.0379192154414871,0.17590776600883,-3.84394765913275,"TRAP1"
"7993800",-0.2465815,8.25456722222222,-2.21678604085813,0.0385925649741569,0.177261519426435,-3.85889753878847,"LYRM1"
"8160587",-0.446883999999999,8.05947888888889,-2.21148711880889,0.0390111563588579,0.178134184487232,-3.86805488602386,"NDUFB6"
"8016870",-0.336438499999999,8.23264277777778,-2.20785727221118,0.0393002904591861,0.178816858625242,-3.87432056623254,"MRPS23"
"7933582",-0.337794999999997,10.3982988888889,-2.2042969409944,0.0395857894405882,0.179282920430259,-3.8804605082852,"TIMM23"
"8110318",-0.236758749999999,10.4082238888889,-2.20073092141786,0.0398736435564983,0.180023418237386,-3.88660454313791,"PRELID1"
"8174092",-0.266764249999998,7.67290611111111,-2.19793257384573,0.0401008679424293,0.180486428748185,-3.89142190943645,"ARMCX2"
"7998222",-0.387226249999999,10.2702094444444,-2.19640310175171,0.0402255595908474,0.180681297409476,-3.89405340598448,"MRPL28"
"8177964",0.2129055,7.65256166666667,2.19189839166119,0.0405948702467516,0.181376890808068,-3.90179772172627,"MCCD1"
"8179246",0.2129055,7.65256166666667,2.19189839166119,0.0405948702467516,0.181376890808068,-3.90179772172627,"MCCD1"
"8105181",-0.361606499999999,9.573365,-2.18535954735099,0.0411364544543809,0.182507731374753,-3.91302263666684,"MRPS30"
"8146216",-0.395876249999999,11.536025,-2.1836644295068,0.0412779256117703,0.182818713633295,-3.9159293825752,"VDAC3"
"7912659",-0.184363749999999,7.71831055555556,-2.181667858601,0.0414451245134649,0.183093704607291,-3.91935136911634,"AGMAT"
"8039462",0.257912750000001,5.53488388888889,2.17995770139946,0.0415888290691428,0.183354037471337,-3.9222810122365,"COX6B2"
"7901219",-0.2447915,8.27114777777778,-2.17886291940486,0.0416810619836,0.183544434079119,-3.92415576271631,"NSUN4"
"8148270",-0.245712499999999,10.6634644444444,-2.1739682237115,0.0420957137619932,0.184186725510261,-3.93253091884965,"NDUFB9"
"8022342",-0.306415999999999,8.56005111111111,-2.16786176358989,0.0426182879734839,0.18496625842715,-3.94296402962154,"AFG3L2"
"8143433",-0.250714499999999,8.20283833333333,-2.16488272807749,0.0428753638097893,0.185220437435157,-3.94804757246384,"MRPS33"
"8094688",-0.308265,7.06942333333333,-2.16321882095653,0.0430195643394233,0.185367608458046,-3.9508851406162,"LIAS"
"8081612",-0.440348999999998,8.98791833333333,-2.16252158418163,0.0430801206712444,0.185389617175884,-3.95207380193442,"ABHD10"
"8129763",0.231712250000001,5.33079222222222,2.15532909307423,0.0437093447673858,0.186590160113348,-3.964322503659,"MTFR2"
"8051066",-0.296574999999998,11.2417388888889,-2.1484291787228,0.0443208167656398,0.187307954744387,-3.97605028469584,"MPV17"
"8117955",-0.190741,8.66505222222222,-2.1483389508817,0.0443288640257039,0.187307954744387,-3.97620349738904,"MRPS18B"
"8177824",-0.190741,8.66505222222222,-2.1483389508817,0.0443288640257039,0.187307954744387,-3.97620349738904,"MRPS18B"
"8179139",-0.190741,8.66505222222222,-2.1483389508817,0.0443288640257039,0.187307954744387,-3.97620349738904,"MRPS18B"
"8082444",-0.36961525,8.99943055555556,-2.14663983700275,0.0444806531029528,0.187607176555564,-3.97908798972577,"ACAD9"
"7996947",-0.336236249999998,11.1369116666667,-2.14578977206163,0.044556770127476,0.187655802546746,-3.98053059006949,"CYB5B"
"7900352",0.167884500000001,7.57196833333333,2.14406983996404,0.0447111393699507,0.18806806563937,-3.98344835829821,"OXCT2"
"7915257",0.167884500000001,7.57196833333333,2.14406983996404,0.0447111393699507,0.18806806563937,-3.98344835829821,"OXCT2"
"8051928",-0.408875,11.6311277777778,-2.14289700972684,0.0448166829473343,0.188321692591796,-3.98543720170892,"PREPL"
"8143028",-0.291987,9.18603,-2.1414228022408,0.0449496685723337,0.188629406844794,-3.98793619191571,"CHCHD3"
"8037872",0.246895250000001,8.09597222222222,2.13134456068581,0.045868447419727,0.190220661817742,-4.00499276692635,"BBC3"
"8051226",-0.365308999999999,8.07544444444444,-2.1274756185163,0.0462256604807153,0.19072976439375,-4.01152784770885,"TRMT61B"
"7973377",-0.20006125,8.78349388888889,-2.1268593495913,0.0462827919261981,0.190735940853468,-4.01256813881048,"BCL2L2"
"8006345",-0.332058499999999,10.1178944444444,-2.12461172320804,0.046491701931144,0.191131188408676,-4.01636070652891,"RHOT1"
"8064522",-0.300655,9.14480555555556,-2.12285643065457,0.0466554450545389,0.191410344255912,-4.01932085299092,"IDH3B"
"8157638",-0.162267249999999,8.33321222222222,-2.12028990560102,0.0468958052192903,0.19187633649382,-4.02364642490771,"MRRF"
"8151909",-0.300909,7.23620666666667,-2.1196284091299,0.0469579372688384,0.191967014945858,-4.02476078819818,"UQCRB"
"8090678",-0.179887749999999,9.15831888888889,-2.11165127174448,0.0477130955565479,0.193484708652585,-4.0381826440238,"MRPL3"
"8163930",-0.365431749999998,9.51404388888889,-2.11103278882871,0.0477721012432407,0.193593693307269,-4.0392219903617,"NDUFA8"
"8053059",-0.168692499999997,10.4770055555556,-2.1049764436086,0.048353399504552,0.194212683148742,-4.049389802293,"BOLA3"
"7980454",-0.1799735,7.60925777777778,-2.10312013046328,0.048532848494134,0.194575512492573,-4.05250276439643,"ALKBH1"
"7942879",-0.269216999999999,7.50144,-2.09400249183978,0.0494230195438674,0.196002653853282,-4.06776843162321,"TMEM126B"
"8171802",-0.24759675,8.67498,-2.09270744239284,0.0495506471142101,0.19620311480255,-4.06993345683933,"ACOT9"
"7966345",-0.263234749999999,8.97434277777778,-2.08637256520382,0.050179251205219,0.197309698556941,-4.08051212586686,"PPTC7"
"8083063",-0.421596249999999,8.74954888888889,-2.08427585311033,0.0503888863177404,0.197605603205288,-4.08400912232482,"SLC25A36"
"7949033",0.147303000000001,8.03076,2.08191170094418,0.0506262086133839,0.198014902877933,-4.0879495833194,"MACROD1"
"7979516",-0.243940249999999,8.17871611111111,-2.07847103100225,0.0509733976881954,0.198732922820674,-4.09367943106499,"TRMT5"
"8093578",-0.259080999999999,9.42690388888889,-2.07650063915617,0.0511731904661429,0.199162817938921,-4.09695815936576,"NAT8L"
"8074261",-0.19431425,8.81920611111111,-2.07545290850257,0.051279715033778,0.199339106146553,-4.09870080222228,"BID"
"8078898",-0.227660749999998,8.51949444444445,-2.07381373937249,0.0514467732552568,0.19949030034707,-4.10142607175934,"SLC25A38"
"7980955",-0.223956,7.777765,-2.06477591168388,0.0523767149490998,0.20082766900739,-4.11642843203104,"NDUFB1"
"8108199",0.240756500000001,7.89536888888889,2.06051715987127,0.0528201416576694,0.201563112870058,-4.12348370627744,"SLC25A48"
"7913242",-0.168439,7.98349222222222,-2.05378161239807,0.053528355888082,0.202676104844834,-4.13462371507804,"MUL1"
"7956013",-0.3004065,9.36318,-2.04605614810825,0.0543511613817805,0.204332738633875,-4.14737299777397,"BLOC1S1"
"8073430",-0.281433749999999,11.1433583333333,-2.04542503256999,0.0544188783498792,0.204418717160548,-4.14841319904017,"ACO2"
"8168868",-0.207334249999999,8.17710944444445,-2.03884628961115,0.0551292853590073,0.205422398223019,-4.15924429572146,"ARMCX1"
"7979416",-0.28273225,7.63784222222222,-2.0369201989776,0.0553388446813481,0.205747805725567,-4.1624112323198,"TIMM9"
"8144742",-0.431141249999999,9.01467666666667,-2.03626483991414,0.0554103108351371,0.205747805725567,-4.16348836549113,"MICU3"
"8001041",0.191765750000002,8.11825222222222,2.03561073325597,0.0554817230001912,0.205927425118422,-4.16456322335601,"COX6A2"
"8038792",-0.156504749999999,8.36574333333333,-2.02306762074029,0.0568671860336307,0.208285224522684,-4.18513259263853,"ETFB"
"7928524",-0.227410499999999,7.88671166666667,-2.02060185594337,0.0571431640456243,0.208608701556072,-4.18916675167061,"VDAC2"
"8022572",-0.2163085,9.14288888888889,-2.01895403593073,0.0573282627014822,0.208830212858087,-4.19186096326446,"OSBPL1A"
"8133938",-0.285116249999998,7.88874666666667,-2.01602408387754,0.0576587091618745,0.209350435738725,-4.19664804421921,"CROT"
"7956097",-0.210212249999998,8.29860833333333,-2.01206419067042,0.0581080242745057,0.210055681714061,-4.20311088326267,"SUOX"
"8136591",-0.151300999999999,7.93507111111111,-2.00718794206036,0.0586656182381177,0.211031385906631,-4.21105819255289,"ADCK2"
"8123148",-0.23078175,8.70107833333334,-2.0015085255499,0.0593210823784457,0.212069366540166,-4.22029902564213,"MRPL18"
"8043278",-0.360845749999999,9.41009111111111,-1.99758448521903,0.059777773433229,0.21277174314408,-4.22667397002108,"MRPL35"
"8072777",0.13966125,7.94234666666667,1.99619609372176,0.0599401091218224,0.213138168883951,-4.2289276175231,"MPST"
"8121886",-0.318004499999999,8.59262666666667,-1.99592639028803,0.0599716894453965,0.213204926699057,-4.22936528590721,"HINT3"
"8135464",-0.42906025,9.03534055555556,-1.99151073474544,0.0604908481327351,0.214045034035673,-4.23652552226714,"DLD"
"8136336",0.25363625,4.87305722222222,1.98860128568641,0.0608351075811502,0.214624557864967,-4.24123780231602,"AKR1B10"
"8007550",0.213771,8.02538833333333,1.98083691498353,0.0617623960909677,0.216132685511398,-4.25379166086268,"NAGS"
"8142307",-0.393620249999999,9.43716166666666,-1.97653310004937,0.0622818051295428,0.217020760606198,-4.26073667238901,"PNPLA8"
"8096528",0.261214750000001,6.82377444444444,1.97652981883681,0.0622822026054448,0.217020760606198,-4.26074196352129,"PDHA2"
"8059551",-0.72294,10.0773183333333,-1.97651992971031,0.0622834005571922,0.217020760606198,-4.26075791023696,"SPHKAP"
"8175052",-0.26336575,8.21195555555556,-1.97534171856513,0.0624262740337139,0.217171883201255,-4.26265746639739,"AIFM1"
"7960124",-0.139176500000001,9.41899277777778,-1.97382906798361,0.0626101306524239,0.21739690645637,-4.26509514539218,"PGAM5"
"8107859",-0.275364499999999,7.89971277777778,-1.97379122053805,0.0626147370361055,0.21739690645637,-4.2651561221381,"LYRM7"
"8152255",-0.277322999999998,9.44266833333333,-1.97294438693831,0.062717883470322,0.217397185708027,-4.2665202742982,"SLC25A32"
"8065992",-0.218925999999999,9.31739055555555,-1.96781326680652,0.0633461086883268,0.218369953514361,-4.27477781734257,"NFS1"
"7897404",-0.24673125,10.6681416666667,-1.95802017041082,0.0645606807826827,0.220411872041524,-4.29049915649871,"PARK7"
"8102904",0.281630000000001,5.83970388888889,1.95751705450141,0.0646236343433499,0.220525321906831,-4.29130545519727,"UCP1"
"7942889",-0.24556975,7.78940388888889,-1.95698446472527,0.0646903353341361,0.220598978615763,-4.29215884194001,"TMEM126A"
"8035880",-0.199832999999999,7.76248833333333,-1.95407536965951,0.0650557482891686,0.221222451870455,-4.2968175122517,"UQCRFS1"
"7993872",-0.273737500000001,11.1203388888889,-1.95335810271898,0.0651461259108133,0.221321350316534,-4.29796546001275,"UQCRC2"
"8051777",-0.1504435,9.33143722222222,-1.95265776347303,0.0652344781961695,0.22141818761446,-4.29908605047803,"COX7A2L"
"8065889",-0.29475625,8.47602222222222,-1.94996571345164,0.0655750892045074,0.222076255618642,-4.30339107013911,"UQCC1"
"7907466",-0.182218750000001,7.59652888888889,-1.94713301617736,0.0659351997493096,0.222556686752556,-4.30791681423285,"DARS2"
"8072989",-0.2029165,8.92364388888889,-1.94423672582013,0.0663052084581581,0.223254578423631,-4.31253970606295,"PICK1"
"8142332",-0.153644499999999,6.15789055555556,-1.9414133164556,0.0666676786165692,0.223659425873879,-4.31704192701733,"IMMP2L"
"7950864",-0.290525999999997,9.48995333333334,-1.93818356280733,0.0670844695561642,0.224220303200991,-4.32218683937239,"ME3"
"8132592",-0.290849999999999,10.1548633333333,-1.93797837435224,0.0671110264509173,0.224244440314721,-4.32251350903535,"OGDH"
"8053842",0.128391250000001,8.10961277777778,1.93664647245519,0.0672836370250096,0.22457330212728,-4.32463340661306,"GPAT2"
"7934870",-0.290198749999999,9.45869277777778,-1.93472306984607,0.0675335988088176,0.224944811872821,-4.32769306360298,"ATAD1"
"8005141",-0.441695499999999,9.64995388888889,-1.93428396602395,0.0675907791672215,0.224967030580865,-4.3283912884321,"TTC19"
"7948267",-0.207747000000001,7.98648,-1.93057741301523,0.0680751605232703,0.225692640701715,-4.33428096668498,"TIMM10"
"8031097",-0.201682499999999,10.6581833333333,-1.92918509931393,0.068257904320842,0.225723188372811,-4.33649141555864,"NDUFA3"
"8088458",-0.229593749999998,8.39435833333333,-1.9288200134548,0.0683058943603728,0.225745048587328,-4.33707085477859,"FHIT"
"8130383",-0.197592499999998,8.47890111111111,-1.9227716341527,0.0691053038498098,0.227012559420592,-4.34665988141586,"MTRF1L"
"8110678",-0.124738999999999,8.61850444444445,-1.9218883283755,0.0692227398414624,0.22721900320398,-4.34805859648346,"CCDC127"
"7941164",-0.1954485,8.09218,-1.92153068179868,0.0692703393436306,0.227285621711162,-4.34862480895862,"MRPL49"
"7996725",-0.1924875,7.756645,-1.92077366409206,0.0693711870192835,0.227325304023333,-4.34982306043309,"DUS2"
"7972810",-0.2086465,8.54416222222222,-1.91545817155991,0.0700829654978504,0.228645159923763,-4.35822791216568,"CARS2"
"7960117",-0.287104,9.59967722222222,-1.91413201981948,0.0702615488637235,0.22884660006998,-4.36032241221238,"PXMP2"
"8078312",-0.179616749999999,7.01351333333333,-1.9138817883642,0.0702952908083369,0.228880215313683,-4.36071751516227,"CMC1"
"8082305",-0.180835999999999,8.89251944444445,-1.9132396196011,0.0703819482661757,0.228934766276227,-4.3617313104237,"CHCHD6"
"8135235",-0.38984575,9.53659222222222,-1.90870716210854,0.0709962693086956,0.229935101563237,-4.3688802888889,"PMPCB"
"7906652",-0.127377249999999,8.21068888888889,-1.90399248359717,0.0716403080255992,0.230974414679346,-4.37630469285038,"NIT1"
"8114145",-0.226713999999999,8.68923722222222,-1.88797918649912,0.0738664182201152,0.234867277260808,-4.40142975385072,"VDAC1"
"7957746",-0.265527499999999,10.3182177777778,-1.88374127131385,0.0744656609262511,0.23569231101344,-4.40805524796675,"SLC25A3"
"7946267",-0.175041,9.50827,-1.8811692929054,0.074831422137799,0.236221261179588,-4.41207135146583,"MRPL17"
"7999752",-0.389464749999998,9.51841555555556,-1.8797321134245,0.0750364910875734,0.236596176282373,-4.41431387317827,"LYRM2"
"8125775",-0.263762249999999,9.34050333333334,-1.87385100521758,0.0758808155180496,0.237932339608673,-4.42347847695329,"UQCC2"
"8033465",0.116809500000001,8.38081333333333,1.87201560303277,0.0761460201099132,0.238235305199919,-4.42633463096951,"TIMM44"
"8036602",-0.271878749999999,10.471055,-1.8695908299641,0.0764976336367921,0.238764689464217,-4.43010502629338,"ECH1"
"7925611",-0.218733749999999,8.116205,-1.86136056470997,0.0777017500019528,0.240695429325055,-4.4428779266467,"TFB2M"
"8025586",-0.140931500000001,8.47953277777778,-1.85766241840837,0.078248194750054,0.241668689415875,-4.44860476079764,"MRPL4"
"7958414",-0.303865999999998,10.1232144444444,-1.85702753505121,0.0783423443967945,0.2418216541149,-4.44958714131215,"ISCU"
"8126681",-0.151479999999999,7.57196555555556,-1.85371661637585,0.0788349461667258,0.242527047606942,-4.45470654849413,"AARS2"
"7998577",0.180386500000001,8.38303277777778,1.8506537228571,0.0792930611964608,0.243247411348959,-4.45943690216146,"NME3"
"8036155",0.150424,6.41800611111111,1.85022345641865,0.0793576023156729,0.243292331990458,-4.46010098055032,"PRODH2"
"8044111",-0.177265999999998,7.46389611111111,-1.84781850431603,0.079719199530666,0.243635629809324,-4.46381086834789,"MRPS9"
"8110920",-0.283189,6.48666222222222,-1.84697984481812,0.0798456352247149,0.243820626932991,-4.46510381131692,"FASTKD3"
"7973433",0.20594375,6.49946555555556,1.84582735075152,0.080019670747933,0.244028884394731,-4.46687993079437,"DHRS2"
"8106107",-0.214325249999999,8.10595833333333,-1.84560347624066,0.0800535160186378,0.244063850334057,-4.46722485787604,"PTCD2"
"7967230",-0.26289275,8.23861777777778,-1.84045394737432,0.080835485712425,0.245045444989677,-4.47515090409439,"DIABLO"
"7906728",-0.193458499999999,7.97201944444445,-1.83817619339035,0.0811834945046239,0.245661328330537,-4.47865192765533,"TOMM40L"
"8078818",-0.221234499999999,7.50193055555556,-1.83320767386817,0.0819471621539145,0.246552331999538,-4.48627845307469,"EXOG"
"8168580",-0.35798875,8.95203388888889,-1.81717630512405,0.0844541456614661,0.250139627120605,-4.51078896512954,"APOOL"
"7950321",0.154458000000001,7.081335,1.80961780675532,0.0856591586052139,0.251953351379741,-4.52229348104455,"UCP3"
"8095894",-0.3175645,7.67099722222222,-1.80440605377771,0.0864987359168701,0.253422649346592,-4.53020667688222,"MRPL1"
"8052250",-0.226001999999999,7.64991166666667,-1.80189531176337,0.0869057478151476,0.254033946536825,-4.53401315297239,"MTIF2"
"8166769",0.222922500000001,4.85164666666667,1.80109466270553,0.0870358893351935,0.25425811609001,-4.53522622053653,"OTC"
"8171001",-0.228530499999999,9.13108888888889,-1.79602821191949,0.0878633502845243,0.255476844004216,-4.54289369651575,"FUNDC2"
"8144557",-0.179892749999999,8.92048666666667,-1.79398047147521,0.0881997250972242,0.255763755263456,-4.54598842519867,"MSRA"
"7934544",0.14559775,8.59071111111111,1.7928158853311,0.0883915258503169,0.255994836586762,-4.54774734987217,"COMTD1"
"8111474",0.20340425,6.15938388888889,1.79210638241437,0.088508554418207,0.256132987972464,-4.5488185506825,"AGXT2"
"8109475",-0.1422105,6.84694333333333,-1.78768689459467,0.0892405571954391,0.257290053938569,-4.55548436025198,"MRPL22"
"7916422",0.1345785,8.14434166666667,1.78753319855243,0.0892661082186933,0.257312846761212,-4.55571596867634,"PARS2"
"7935810",-0.140197499999998,11.39795,-1.78433690997107,0.0897989117642113,0.258203411175918,-4.56052936732829,"NDUFB8"
"7941104",-0.195153749999999,10.665675,-1.78341401067211,0.0899532661586512,0.258382841898258,-4.56191806647685,"ARL2"
"8164896",0.14352175,8.32677944444444,1.78284354398415,0.0900487913953478,0.258538611950221,-4.56277620291643,"SURF1"
"8047356",-0.178910249999999,7.65553333333333,-1.77974922026226,0.0905684727299254,0.259099174046946,-4.56742753922501,"NIF3L1"
"8176219",0.136779,6.70557666666667,1.77846361230913,0.0907851493289025,0.259369554179725,-4.56935837147335,"CMC4"
"7962183",-0.263627999999999,9.456885,-1.77405575360115,0.0915314634000545,0.260379012593469,-4.57597099166776,"AK4"
"7998604",-0.147199999999999,10.5591777777778,-1.77263452587616,0.0917732275607457,0.260665345065575,-4.57810063351259,"HAGH"
"7983985",0.258043500000001,5.90129,1.77084268049546,0.0920788248163018,0.260954966914948,-4.58078391051693,"LDHAL6B"
"7999965",0.238112750000001,5.96839388888889,1.76724343598738,0.0926953335137382,0.261867578934582,-4.58616795949774,"ACSM2A"
"8049919",0.125403249999999,8.04808777777778,1.76576299929161,0.0929499494094111,0.262150979627745,-4.58838027020514,"D2HGDH"
"7927548",-0.259500999999999,6.20490722222222,-1.76529086893176,0.0930312767761437,0.262228770150557,-4.58908552857769,"TIMM23"
"8135211",-0.341642749999999,8.67273277777778,-1.76383914850438,0.0932817300762955,0.262400640523193,-4.59125324106097,"FAM185A"
"8047815",-0.321698999999999,8.21768166666667,-1.75825923720827,0.0942498177840756,0.263783826406352,-4.59957340466947,"FASTKD2"
"8073578",-0.1622785,9.30648722222222,-1.74958648039372,0.0957717183116672,0.265537709222035,-4.61246808423623,"SMDT1"
"8053165",-0.1774735,9.62299888888889,-1.74760208796044,0.0961229054671348,0.266129482050123,-4.61541210008988,"MRPL53"
"7952797",0.216375,6.00626166666667,1.74133655774259,0.0972390401539372,0.267805485525695,-4.62469189494438,"SPATA19"
"8117219",-0.2894455,9.77179055555556,-1.73993995735066,0.0974893448485556,0.268095698333528,-4.62675713472034,"ACOT13"
"8168650",0.129759500000001,7.14252388888889,1.73522242268624,0.0983389470796109,0.269120729917794,-4.63372447444401,"PABPC5"
"8012856",-0.228321499999999,9.09472777777778,-1.73464322206767,0.098443695749646,0.269296725055534,-4.63457896323581,"ELAC2"
"8042962",-0.1951925,8.32203777777778,-1.73357873914502,0.0986364582255367,0.269536163277447,-4.63614885067108,"MRPL19"
"8163896",0.321305000000001,10.4941972222222,1.7275011533484,0.0997432492724924,0.270902151331313,-4.64509875359301,"STOM"
"7899057",-0.247828499999999,9.368805,-1.72562446777053,0.100087162364594,0.271207865010897,-4.64785781107213,"MTFR1L"
"8159337",-0.1399695,8.18802833333333,-1.72061904932412,0.101009417691814,0.272522229271845,-4.6552060952334,"PMPCA"
"8080896",-0.208342749999999,8.52205722222222,-1.72054902863651,0.101022370661092,0.272522229271845,-4.65530878113017,"SLC25A26"
"7990566",-0.187417249999999,9.09129944444444,-1.72030459373548,0.101067599297021,0.272577989129507,-4.65566722324478,"ETFA"
"8011212",-0.2110375,11.4597555555556,-1.71389166507714,0.102260428161056,0.273915766081472,-4.66505808044815,"SDHC"
"7998485",0.112218750000001,7.344305,1.70794104313106,0.103378040473208,0.275286197507711,-4.67374926636648,"C16orf91"
"8104166",-0.185349999999999,10.6654922222222,-1.69838776262742,0.105194154609518,0.277635544697254,-4.68765646113369,"SDHA"
"8121002",-0.283541249999999,8.43852166666667,-1.69372025382008,0.106091340924302,0.278436460846259,-4.69443056358996,"SMIM8"
"7902038",0.1204045,8.33491111111111,1.68662203573664,0.107468281641673,0.280326782124778,-4.70470637643482,"AK4"
"7949857",0.163751750000001,7.97083555555556,1.68629439861126,0.107532204505595,0.280361742496498,-4.70517992319784,"NUDT8"
"7934101",0.129698250000001,6.95327666666667,1.68353797898561,0.108071274614711,0.281238705028998,-4.70916122155911,"AIFM2"
"8169709",-0.137639499999998,9.35130888888889,-1.6818171104212,0.10840899016265,0.281676571124359,-4.71164438226984,"GLRX5"
"8151993",-0.431131999999998,9.84839777777778,-1.68151719382775,0.108467939903191,0.281676571124359,-4.71207696256833,"COX6C"
"8100834",-0.300923749999999,9.43451111111111,-1.68093531319907,0.108582388673158,0.281841892395553,-4.71291606847791,"GRSF1"
"8118124",0.160321000000001,7.83885777777778,1.67959884232164,0.108845645794734,0.282240596561773,-4.71484253248633,"MCCD1"
"8159687",0.139968500000001,10.2179022222222,1.67906988370388,0.108949989828502,0.282297736462439,-4.71560469304798,"MRPL41"
"8153363",0.161651,7.00250888888889,1.67905460452133,0.108953005113938,0.282297736462439,-4.71562670574893,"CYP11B1"
"8117207",-0.302324499999999,9.30906555555556,-1.67629911747171,0.109497953234557,0.282939108245465,-4.71959413173337,"ALDH5A1"
"8161147",-0.228706249999999,8.57072277777778,-1.67562247358183,0.109632126423752,0.283175929992373,-4.72056765139526,"HINT2"
"8130474",-0.22389875,7.60044944444444,-1.67311983299832,0.110129597475749,0.283867825653896,-4.72416581259456,"SERAC1"
"8080212",0.141412500000001,7.26608,1.67138265886998,0.11047603885972,0.284351438276288,-4.72666110524346,"GLYCTK"
"7949971",-0.245244999999998,8.57062222222222,-1.67034396136274,0.110683627011098,0.284566776718645,-4.72815218977202,"CPT1A"
"8116724",-0.16018775,8.56829944444444,-1.66991368851625,0.110769716033254,0.284700828619009,-4.72876966103899,"FARS2"
"7927981",-0.26879075,8.94339944444445,-1.65077066389689,0.114657875080339,0.289246402496405,-4.75612246331675,"SUPV3L1"
"8002987",-0.244537499999999,10.7006866666667,-1.64989004654323,0.114839488770282,0.289463320029076,-4.75737513743368,"CMC2"
"8056716",-0.202978749999999,8.87470722222222,-1.64875006990624,0.115074953326796,0.289727842791858,-4.75899601340913,"METTL5"
"8005435",0.118120000000001,8.69662777777778,1.64766202354411,0.115300073008359,0.289979072636497,-4.76054227780206,"MIEF2"
"8158147",-0.180772750000001,7.89892555555555,-1.64481857120688,0.115890152960193,0.290666489631434,-4.76457964208159,"SLC25A25"
"8140461",0.174532500000001,8.47914,1.64352227765459,0.116160010302869,0.291073138399657,-4.76641850718272,"FAM185A"
"7936322",-0.31785975,8.124415,-1.63864258318505,0.117180620411186,0.292462815905482,-4.77333096591958,"GPAM"
"8107576",0.178009750000001,5.24805444444445,1.63201954423228,0.118577982220385,0.294121802293815,-4.78268852629901,"FTMT"
"8169659",-0.176851749999999,9.43601722222222,-1.62669477435183,0.119711612425502,0.295480916155072,-4.79019128579358,"NDUFA1"
"8083011",-0.164841749999998,7.660395,-1.62614288616598,0.119829629455681,0.295662628528034,-4.79096786521868,"MRPS22"
"8137693",-0.133834999999999,7.29348777777778,-1.62425292758586,0.120234526457279,0.296163171371739,-4.79362579352965,"COX19"
"8150112",-0.224702499999998,10.3154522222222,-1.62340085602082,0.12041744784705,0.296388214145715,-4.79482334158622,"GSR"
"8075529",-0.163553000000001,8.87315277777778,-1.62050161098907,0.121041611867013,0.297221427015923,-4.79889457647793,"PISD"
"7997702",-0.156366749999999,9.52586666666667,-1.61512289264869,0.122206791593634,0.298388174796013,-4.80643314088257,"COX4I1"
"7948344",0.1939075,5.51183111111111,1.61293052661047,0.122684421030636,0.298984349488186,-4.80950046542824,"GLYAT"
"8060599",0.141235250000001,8.80304222222222,1.61242552079877,0.122794664091364,0.299130668461022,-4.81020657229124,"MRPS26"
"8052784",-0.114618999999999,8.11566722222222,-1.61089916864368,0.123128374512855,0.299627767188352,-4.81233973134992,"NFU1"
"7993726",0.28201175,7.70493055555556,1.6015544430243,0.125188107842915,0.302079022164326,-4.8253663329948,"ACSM5"
"8095221",-0.279083499999999,9.21909388888889,-1.59404477332398,0.126864264707742,0.304380993080681,-4.83579341725346,"PAICS"
"8166184",0.332700500000001,9.11331888888889,1.59285909149414,0.127130621457441,0.304769091041585,-4.83743633602348,"CA5B"
"8097670",-0.207649749999998,7.65317222222222,-1.59259420904215,0.12719018983248,0.304769091041585,-4.83780323926466,"MMAA"
"7975747",-0.208036249999999,8.90994444444444,-1.58942427429458,0.127904881068894,0.305732148237686,-4.84219050596225,"DLST"
"8157027",-0.327450749999999,7.38126833333333,-1.58150068854308,0.129706051554908,0.308333147613605,-4.85312795013029,"NIPSNAP3B"
"8102713",-0.143952499999999,7.92935111111111,-1.58018370305178,0.130007472482094,0.308565030382513,-4.85494184916836,"NUDT6"
"8041027",-0.177592749999999,7.57400888888889,-1.57343469142264,0.131561335936974,0.310043018097064,-4.86421929805773,"MRPL33"
"7993737",0.213751750000001,5.67647777777778,1.56625024018816,0.133232463622225,0.312630570861325,-4.87406205726746,"ACSM2B"
"7960716",-0.162573499999999,9.79113111111111,-1.56305905894701,0.133980400869287,0.313568946913942,-4.87842296924482,"PHB2"
"8036656",-0.0915810000000002,7.95187833333333,-1.56236915460078,0.134142557254327,0.313838162513866,-4.87936486482104,"SARS2"
"7996341",-0.160281749999999,8.61858666666667,-1.56178333396855,0.134280377952714,0.314006162279059,-4.88016440986428,"PDP2"
"7956242",-0.173293,8.08720388888889,-1.56173404220482,0.134291979756575,0.314011239463108,-4.88023167423593,"COQ10A"
"8097327",0.1799255,5.49076888888889,1.5616776851084,0.13430524555114,0.314020206524563,-4.88030857808973,"SLC25A31"
"7947934",-0.286329999999998,10.2251722222222,-1.5611894406248,0.134420218233974,0.314134615843391,-4.88097473862637,"MTCH2"
"7998762",0.12484025,8.46296055555556,1.55510756661211,0.135859271138378,0.316284282678682,-4.88925947367891,"ECI1"
"8126394",-0.162804749999999,8.94040333333333,-1.55162868657572,0.136688167878976,0.317227041574513,-4.89398725928259,"MRPS10"
"8135876",-0.150117249999999,9.51215722222222,-1.55067590506317,0.136915914771423,0.317398344615422,-4.89528066821551,"SND1"
"7967056",0.110248250000001,7.46701722222222,1.54779746960375,0.137605874153207,0.318265880547544,-4.89918446126132,"TRIAP1"
"7969815",-0.17687775,7.51005666666667,-1.54757214608521,0.137660005755645,0.318265880547544,-4.89948981436076,"CLYBL"
"8100127",0.16366525,4.61115111111111,1.54525400788314,0.138217941661857,0.318979955885422,-4.90262931512074,"COX7B2"
"7926708",-0.308991749999999,8.03753333333333,-1.54508871297075,0.138257796903699,0.319027710568432,-4.9028530390337,"THNSL1"
"8034615",-0.110333749999999,7.95977777777778,-1.54172146731815,0.139071772291217,0.319753680567647,-4.90740653916758,"TRMT1"
"8033564",-0.144649999999999,9.24911611111111,-1.53962998552961,0.139579351749149,0.32042492433448,-4.91023098054685,"NDUFA7"
"8021716",-0.244672749999999,8.02661555555556,-1.5386626639288,0.139814629010781,0.320708714671534,-4.9115363002331,"TIMM21"
"7974647",0.175799,5.67658388888889,1.53471997795488,0.140776993899764,0.321933242083843,-4.91685007749684,"TOMM20L"
"7926661",-0.200782249999999,9.69627944444444,-1.53036418651424,0.141846565868949,0.323032973376541,-4.92270837473271,"MSRB2"
"8105456",0.241841750000001,5.90068222222222,1.52648923301513,0.142803711385017,0.324236970882163,-4.92790914545128,"SETD9"
"8033002",-0.122518,8.17443555555556,-1.52482169107789,0.143217248575235,0.324710930533135,-4.93014409529063,"LONP1"
"7918008",-0.1987345,8.62891055555555,-1.52367490048293,0.143502217618928,0.324997473181278,-4.93168000125745,"DBT"
"8013179",-0.161778249999999,8.66120055555556,-1.51857462748141,0.144775278892676,0.326221997786386,-4.93849997951046,"ATPAF2"
"8026735",0.0944152500000011,8.16761333333333,1.51741207806712,0.145066759861341,0.326591474178707,-4.94005203184685,"GTPBP3"
"8078300",-0.119833749999999,7.19001055555556,-1.5138270460626,0.145968669957786,0.327801902177406,-4.94483238324281,"OXSM"
"7975311",-0.193300999999998,8.98560444444444,-1.51371622345242,0.14599662384974,0.327820458852573,-4.94498001617168,"EXD2"
"8042905",-0.10613125,8.87724055555556,-1.51278654111775,0.146231300769476,0.327933264408188,-4.94621816631372,"HTRA2"
"8065569",-0.149732999999999,10.015125,-1.51093868740674,0.146698672272939,0.328621211697528,-4.94867737864913,"BCL2L1"
"7935647",-0.262427749999999,8.91026444444444,-1.50823959211041,0.147383556978448,0.329436414851239,-4.95226525749658,"COX15"
"8065719",-0.149104,8.14271555555556,-1.50385105516864,0.148502750675377,0.330881697620317,-4.95808821641432,"PXMP4"
"8114845",0.152506500000001,6.90735666666667,1.50165043861256,0.149066593578828,0.331627605157628,-4.96100313407071,"PRELID2"
"7973056",-0.242345,10.2293211111111,-1.49876025973947,0.149809789659947,0.332485680394883,-4.96482637421172,"APEX1"
"8077099",0.122020500000002,8.44837333333333,1.49640650276524,0.150417294833625,0.332974603606381,-4.9679357599918,"SCO2"
"7944463",0.113542250000001,7.58751222222222,1.49604078053773,0.150511869216249,0.333031914318526,-4.96841854721703,"NLRX1"
"8169640",-0.110597499999999,10.7828055555556,-1.49428128551533,0.150967550865073,0.333578446203983,-4.97073995259017,"SLC25A5"
"7955450",-0.20184425,9.89639444444444,-1.49284070470711,0.15134148151502,0.333895949917148,-4.97263900306344,"LETMD1"
"8024273",-0.138950999999998,8.723455,-1.49193725082141,0.15157637809319,0.334174578651191,-4.97382925208277,"NDUFS7"
"7943605",-0.2430445,8.59471222222222,-1.49118378072567,0.15177250784243,0.334371685780438,-4.97482147420849,"ACAT1"
"8048432",0.36001,8.44885944444445,1.48732048427386,0.152781404369784,0.335586939857556,-4.97990275888802,"CYP27A1"
"8140107",-0.128989749999999,8.78954722222222,-1.47905884514826,0.154957374297984,0.338025137054506,-4.99073431134795,"DNAJC30"
"7992973",-0.136758999999999,8.71039222222222,-1.47268164701959,0.156654301862151,0.340011621739394,-4.99906275896276,"DNAJA3"
"8080676",-0.138616999999999,7.55765944444444,-1.45976482977738,0.16013788544252,0.344179811572513,-5.01584468877797,"PDE12"
"8021208",-0.203888749999999,9.55243277777778,-1.45908287428387,0.16032354493331,0.34435994536533,-5.01672745583767,"ME2"
"7896961",0.105929750000001,8.18616388888889,1.45802445164931,0.160612043123167,0.34460333783569,-5.01809689901204,"ATAD3B"
"8091656",-0.277911750000001,7.94736666666667,-1.4525656877377,0.162106675943315,0.346512645521216,-5.02514722350559,"METTL15"
"7976443",0.230946500000001,7.99942888888889,1.45197582783698,0.162268857082755,0.346750489942529,-5.02590780703089,"IFI27"
"7945283",-0.15327675,8.762345,-1.45174364514656,0.162332731553908,0.346842464229368,-5.02620712327178,"ACAD8"
"8132458",-0.15499675,8.87842555555556,-1.45144684033488,0.162414413616341,0.346898008032333,-5.02658969119488,"MRPL32"
"8145281",0.18789275,9.37164388888889,1.44597014683127,0.163927629128332,0.348528080396275,-5.0336377433694,"SLC25A37"
"8030158",0.110447750000001,8.72029888888889,1.44467011362242,0.164288505604078,0.34900563806935,-5.03530766670875,"BAX"
"8145532",0.17257125,7.07646333333333,1.44352971657148,0.164605599262365,0.349166887853664,-5.03677154934529,"EPHX2"
"8087419",0.10996725,8.02782833333334,1.43880325580576,0.16592511474628,0.350358839857117,-5.04282890226985,"AMT"
"8111430",-0.185505499999998,8.68468111111111,-1.43531449853124,0.166904581708798,0.351364244344215,-5.04728987267302,"AMACR"
"8115997",-0.14472775,9.10024555555556,-1.43514889114917,0.166951192064369,0.351411204385062,-5.0475014150554,"RAB24"
"8034210",-0.147885749999999,9.735015,-1.43142448943533,0.168002214797689,0.352398245314266,-5.05225371532862,"TMEM205"
"7990333",0.1473935,6.71234722222222,1.42805312689861,0.168958219833818,0.353468324064253,-5.05654702866979,"CYP11A1"
"8077353",-0.201857999999999,7.63275833333333,-1.42575316355245,0.169612931778647,0.354214863863121,-5.05947130415758,"TRNT1"
"8060839",-0.122239999999999,8.06330611111111,-1.42455029146126,0.169956159030499,0.354567844325408,-5.06099918609801,"CRLS1"
"8077123",0.1021445,8.39861055555556,1.42054600470985,0.171102784353504,0.356151479531554,-5.0660779640333,"CPT1B"
"7924190",-0.1997285,8.34310277777778,-1.41837798918064,0.171726194145157,0.356763675694416,-5.06882295014297,"ANGEL2"
"8086899",-0.120165499999999,7.03855611111111,-1.41710940149647,0.172091823346692,0.357197257386226,-5.07042758461403,"NME6"
"8008339",0.103379500000001,8.66418444444444,1.41689875131248,0.172152597132488,0.357244182413282,-5.07069392408939,"RSAD1"
"8016552",-0.168239,10.0376811111111,-1.41544048466231,0.172573789960049,0.357594715557891,-5.07253683864356,"PHB"
"7934050",-0.1522155,8.42182666666667,-1.41297072118872,0.173289028198347,0.358359075613784,-5.0756545750695,"SLC25A16"
"8136602",-0.127583249999998,8.63839833333333,-1.40916419788001,0.174396061839245,0.359454290676357,-5.08045121143655,"NDUFB2"
"8157021",-0.32155175,8.35960111111111,-1.40816481314471,0.174687649419156,0.35986974340838,-5.08170881982125,"NIPSNAP3A"
"8139244",-0.203721249999998,10.4088672222222,-1.40648129272568,0.175179731781672,0.360415195818978,-5.08382570805988,"COA1"
"8140859",-0.13929675,7.35268333333333,-1.40548126675751,0.175472560252092,0.360616580589674,-5.08508219253811,"MTERF1"
"8016825",-0.116955749999999,9.50780666666667,-1.40532893895809,0.175517199519952,0.360686057669311,-5.08527352188389,"COX11"
"8043564",0.109012749999999,8.77467111111111,1.39979182860592,0.177146039273941,0.362610489852965,-5.09221698337346,"FAHD2A"
"8022009",-0.1651735,8.13298055555556,-1.39796817196589,0.17768514889093,0.363236893304694,-5.09449898081659,"METTL4"
"8034843",-0.109860499999999,8.98315611111111,-1.39784147552126,0.177722651756408,0.363236893304694,-5.09465743070369,"NDUFB7"
"8003313",0.164200250000001,6.03123888888889,1.39078751189385,0.179820700079635,0.36564823514819,-5.10346098119589,"CA5A"
"8166455",-0.133291999999998,7.02890111111111,-1.38509813535631,0.181527291414055,0.367382953746992,-5.11053521326927,"PRDX4"
"8110861",0.12486,10.5708833333333,1.38238209141965,0.182346553470386,0.368198495506576,-5.11390407920775,"MRPL36"
"8122773",0.0923229999999999,8.72547444444444,1.37829043613768,0.18358632639083,0.369701475632932,-5.11896905880373,"MTHFD1L"
"8062206",-0.124628499999999,8.76059055555556,-1.37151959609646,0.185652659795059,0.372233191617756,-5.12732373037009,"ROMO1"
"7942465",-0.126216499999999,8.70686277777778,-1.36753825304364,0.186876316413918,0.37365163680023,-5.13222074378166,"MRPL48"
"8022763",-0.1139975,3.73663944444444,-1.36689637004558,0.18707419722973,0.373867687723326,-5.13300916739801,"SLC25A52"
"8071119",-0.1659245,9.06530777777778,-1.36200240739209,0.188588402500979,0.375586341173222,-5.13901048131187,"BCL2L13"
"7932678",-0.174628249999998,9.95493944444444,-1.35599713875827,0.190459738182168,0.377259839515268,-5.14635052276781,"YME1L1"
"8077238",0.091957,8.24952777777778,1.35477403434672,0.190842676780919,0.377681343760728,-5.14784223097351,"D2HGDH"
"8025035",-0.138614999999999,7.64248833333333,-1.3508265709054,0.192082744426376,0.3792338654708,-5.15264907026673,"ALKBH7"
"7987536",-0.102568999999999,9.23774777777778,-1.34380003425436,0.194305865681727,0.381611085833852,-5.16117684874161,"RMDN3"
"8014047",-0.13507725,7.75985166666667,-1.34327750913559,0.19447199663651,0.381760788239435,-5.1618095547796,"TEFM"
"8128626",-0.143461249999999,6.29585944444444,-1.34314196066041,0.194515111081153,0.381760788239435,-5.16197365232417,"PDSS2"
"7966213",0.0903427500000008,8.99989333333333,1.33400077243134,0.197440158066339,0.384814150265447,-5.17300871961948,"MMAB"
"8018236",0.121027750000001,7.74530111111111,1.33376331820683,0.197516599791543,0.384850501682895,-5.173294543337,"FDXR"
"8087935",0.155425000000001,8.45629277777778,1.32748196774842,0.199547188345598,0.387049684452823,-5.18084017662854,"NT5DC2"
"8049187",0.221545000000001,11.1923444444444,1.32643918977202,0.199885874961534,0.387403956844831,-5.182089996633,"EFHD1"
"8096251",-0.127834749999999,7.88723555555555,-1.32463940152989,0.200471496816665,0.388019498314508,-5.18424522276987,"NUDT9"
"8053763",-0.136956,9.00709166666667,-1.32447268000013,0.200525813516532,0.388056957611297,-5.18444474763483,"MRPS5"
"7998692",0.0949332500000005,7.89480555555555,1.32318104685681,0.200947010731573,0.388555901064413,-5.18598981346289,"NTHL1"
"8019238",0.128371,9.18509277777778,1.3205179759107,0.201817624153352,0.389267301826691,-5.18917147603108,"OXLD1"
"7913156",0.1090555,9.57152111111111,1.31893116273301,0.202337793644969,0.390019584944524,-5.19106477642067,"AKR7A2"
"8060063",-0.124579499999999,9.22514833333333,-1.31889942134118,0.202348209445795,0.390019584944524,-5.19110262933817,"NDUFA10"
"8116859",-0.259449999999998,10.1985788888889,-1.31710275103776,0.202938465651284,0.390561473303417,-5.19324400382965,"TMEM14C"
"7948088",-0.205396999999998,7.76190444444445,-1.3098598664011,0.205331665260048,0.393057388989177,-5.20185196509772,"SLC25A33"
"8002211",-0.13766775,6.72081833333333,-1.3069489928233,0.206299683238515,0.394190322093013,-5.20530036598027,"DDX28"
"8087224",-0.21577525,7.40185888888889,-1.30223913959935,0.207873514560958,0.395925203886067,-5.2108664549792,"SLC25A20"
"7982723",-0.20038875,9.08303833333333,-1.2951035270779,0.210275784259932,0.398899639853246,-5.21926745424064,"IVD"
"8113796",0.168852250000001,7.48587444444444,1.29234881993938,0.211208953613108,0.40005828138436,-5.2225003794362,"C5orf63"
"8130628",-0.189482500000001,9.13719555555556,-1.29197889400946,0.211334513053589,0.400112344254725,-5.22293408765187,"AGPAT4"
"8089988",-0.10461225,6.90986666666667,-1.29073299094741,0.21175782245557,0.400528301198767,-5.22439404663585,"CCDC58"
"7968972",-0.14607,8.38007,-1.28455315303988,0.213867256441019,0.402437865934819,-5.23161825154714,"COX17"
"7897890",-0.160819,9.64680888888889,-1.28111697783974,0.215047211509653,0.403927737442145,-5.23562259488494,"VPS13D"
"7961693",-0.222004999999999,11.6859111111111,-1.27644379296038,0.21666005008142,0.405847412605015,-5.24105408580079,"LDHB"
"8108603",-0.150603,8.29024833333333,-1.27581230613045,0.216878710316947,0.40604672993676,-5.24178676798547,"HARS2"
"8164362",-0.089233749999999,8.27344055555556,-1.27413727250971,0.217459540443512,0.406551966196357,-5.24372875339514,"PTGES2"
"7911559",-0.168231999999998,9.82002222222222,-1.27356475726329,0.217658340444079,0.406744290142918,-5.24439202076792,"MRPL20"
"8039939",-0.168231999999998,9.82002222222222,-1.27356475726329,0.217658340444079,0.406744290142918,-5.24439202076792,"MRPL20"
"7905198",-0.101883249999999,8.35802555555555,-1.26572608100767,0.220394417242059,0.409741647733604,-5.2534480908168,"TARS2"
"8047243",-0.140891499999998,7.72684555555556,-1.25839142324875,0.222978568951675,0.412427364203084,-5.26187931865407,"MARS2"
"8049942",0.12596225,7.50534722222222,1.25232566781553,0.225133259091928,0.414686281089442,-5.26882077259271,"NEU4"
"8052979",-0.153657249999999,9.67710388888889,-1.25051359289927,0.225780047401326,0.415408058080027,-5.27088896810891,"SFXN5"
"8130438",-0.223264499999999,7.31353333333333,-1.24778666801335,0.226756067761639,0.416453215017059,-5.27399655747896,"TFB1M"
"8155327",-0.10659575,8.39388111111111,-1.24768057758593,0.226794105056913,0.416477129719834,-5.27411734187212,"ALDH1B1"
"8010271",-0.143571999999999,8.52545722222222,-1.24234354177766,0.228713960950239,0.418379516941063,-5.28018238377992,"PGS1"
"8170865",0.0963352500000017,8.16506666666666,1.24155219098331,0.228999686723944,0.418728781473021,-5.28107980935723,"TAZ"
"7955358",-0.163884749999999,7.87958833333333,-1.24118182694648,0.229133504684111,0.418840146319702,-5.28149965188583,"COX14"
"7922104",-0.184227249999999,9.32908722222222,-1.24043980329302,0.229401789135337,0.419208131981742,-5.28234048687887,"GCSH"
"7904396",0.132975500000001,6.07295722222222,1.23963761001099,0.229692099242743,0.419401321899492,-5.28324902551451,"HAO2"
"8092314",-0.165295,7.95345555555556,-1.23448188240312,0.23156465783362,0.421149683847829,-5.28907636412747,"DNAJC19"
"8019357",-0.174749999999999,10.8720333333333,-1.23416906463645,0.231678648018103,0.421201155904879,-5.28942926925402,"DCXR"
"8061129",0.177483250000001,6.85391444444445,1.23414693397567,0.231686714013682,0.421201155904879,-5.28945423307218,"MGME1"
"8002999",-0.178702749999999,9.31153055555556,-1.23409471989978,0.231705745408821,0.421201155904879,-5.28951313006785,"GCSH"
"8100893",-0.204412,8.74847222222222,-1.23368014511357,0.231856895326202,0.421335973567458,-5.28998069166457,"COX18"
"8069340",0.0935267500000004,7.71709944444444,1.23222569053796,0.232387771812404,0.421955264371121,-5.29161998719321,"YBEY"
"8060286",0.0971777500000009,7.42073611111111,1.23175068267464,0.232561351074827,0.422155334827373,-5.29215500685435,"DTYMK"
"8077262",0.0971777500000009,7.42073611111111,1.23175068267464,0.232561351074827,0.422155334827373,-5.29215500685435,"DTYMK"
"7959220",0.101353500000001,7.973105,1.23109541409933,0.232800964590878,0.42240405978316,-5.29289277404911,"ACADS"
"7924956",0.0868010000000008,8.38272222222222,1.22646698697982,0.234498828175296,0.42416924607523,-5.29809443684961,"ABCB10"
"7912646",-0.148417999999999,8.68025444444444,-1.22548687085672,0.234859577672176,0.424533729145538,-5.29919380751955,"CASP9"
"8154885",-0.0927954999999988,8.07530055555556,-1.22390856196447,0.235441392577407,0.424942949609641,-5.30096258641859,"NUDT2"
"8162880",-0.137075249999999,9.94289166666667,-1.22389753484971,0.235445461386209,0.424942949609641,-5.30097493747135,"MRPL50"
"7975661",-0.12465725,7.69922777777778,-1.22286471714617,0.235826790460054,0.425277547765837,-5.30213133819642,"COQ6"
"8085531",-0.150175499999999,8.94239833333334,-1.21856625084245,0.23741889548677,0.427107729376141,-5.30693522598516,"MRPS25"
"8082886",-0.161034,9.10441333333334,-1.21812086337586,0.237584328933027,0.427266832324224,-5.30743216020462,"PCCB"
"7973327",-0.0880882499999988,7.26019666666666,-1.21691314052383,0.238033363560757,0.427585381725859,-5.30877888039959,"MRPL52"
"8153868",0.101061250000001,8.27397111111111,1.21412987342648,0.23907064798849,0.428415567307485,-5.31187814375021,"C8orf82"
"7983478",0.117707000000001,4.83984722222222,1.21403643557409,0.239105530481897,0.428429039899678,-5.31198208514107,"C15orf48"
"7906746",-0.160355499999999,8.95676388888889,-1.21368887025385,0.239235318547516,0.428592402974101,-5.31236866116205,"SDHC"
"8005699",-0.11654675,8.57483944444444,-1.21168043774779,0.239986357494415,0.429334446027824,-5.31460067259666,"DHRS7B"
"8016159",-0.263209999999999,10.3100277777778,-1.2116477840543,0.23999858288709,0.429334446027824,-5.31463693527453,"DCAKD"
"8104298",0.0914475000000003,8.87868333333333,1.2112370577496,0.240152397320755,0.42935032683761,-5.31509298514437,"NDUFS6"
"8011850",-0.183814500000001,9.88407666666667,-1.20373810523171,0.242973881305467,0.432497665231912,-5.32339625040256,"C1QBP"
"7959986",0.0983460000000003,7.88066333333333,1.20076678274124,0.244098763679615,0.433503468677804,-5.32667408402703,"PUS1"
"8054131",-0.147261749999999,8.56969333333333,-1.20026037335275,0.244290872454141,0.433563129867615,-5.32723204216678,"COA5"
"8034286",-0.0786509999999985,8.70024,-1.19846729793733,0.244972003566137,0.434197423759271,-5.32920602144782,"ECSIT"
"8074498",-0.0777924999999989,8.42742055555556,-1.19811861028649,0.245104625300126,0.434340005780645,-5.32958959512591,"TXNRD2"
"8103706",-0.234029999999999,8.99994166666667,-1.19424690214283,0.246580860537988,0.435935165834841,-5.33384224636528,"AADAT"
"7964535",0.143785500000002,6.61643666666667,1.19355537870294,0.246845235217968,0.436194119675884,-5.33460056933819,"CYP27B1"
"8146517",-0.147303999999999,6.70120555555556,-1.19176863565852,0.247529311195697,0.436939165290947,-5.33655816544438,"CHCHD7"
"8042830",0.29525625,8.078115,1.18987467734429,0.248255996184128,0.437896906549925,-5.33863048488429,"MTHFD2"
"8068168",-0.212041250000001,11.2646994444444,-1.18684145666257,0.249423148538929,0.438932539342567,-5.34194346712748,"SOD1"
"8018352",-0.142872749999999,7.35328,-1.17703335663525,0.253225484702411,0.442559781867319,-5.3526064782734,"SLC25A19"
"8130732",-0.179499249999998,9.73653555555556,-1.17653330745087,0.253420499860531,0.442877362297597,-5.35314807558411,"MPC1"
"8153390",-0.111866999999999,8.49953333333333,-1.1754032365857,0.253861633474878,0.443456481737328,-5.35437131245386,"TOP1MT"
"8089795",-0.135096249999999,8.51077222222222,-1.16965789393178,0.256113290612938,0.445634120184459,-5.36057466076381,"COX17"
"8109141",-0.112589999999998,8.786475,-1.16731567865991,0.257035506044706,0.446576031588135,-5.36309607593431,"GRPEL2"
"7988852",-0.0916714999999992,6.61895611111111,-1.16592506168584,0.257584216360012,0.447210246345238,-5.36459102511749,"BCL2L10"
"8022356",-0.168342499999999,10.2773311111111,-1.15842689956545,0.26055793812208,0.450523988188974,-5.37262522931126,"SPIRE1"
"7931754",-0.154907499999998,9.83768722222222,-1.1568057931498,0.261204210673984,0.451068957475176,-5.37435633965496,"IDI1"
"8158123",0.084664750000001,8.14833777777778,1.14744146628379,0.26496078976935,0.454623674694817,-5.3843150340278,"FPGS"
"8001818",-0.169289749999999,9.21138111111111,-1.14630287477913,0.265420267807518,0.455012029922613,-5.38552111210211,"TK2"
"7968872",-0.134731249999999,10.3215894444444,-1.14606639841638,0.265515771851391,0.455099969793463,-5.38577147469842,"DNAJC15"
"7901513",-0.20391525,9.231845,-1.14589720197911,0.265584119674895,0.455106560112367,-5.38595057910907,"SCP2"
"7947332",-0.177377999999999,6.49160333333333,-1.14521911117346,0.26585816916498,0.455324527983317,-5.38666814813051,"IMMP1L"
"8050102",-0.0696784999999983,8.39040777777778,-1.13876022095136,0.268479041719983,0.458085916072266,-5.39348459453493,"CMPK2"
"7912975",-0.169325500000001,8.10222222222222,-1.13700540587446,0.269194399357185,0.458742305921295,-5.39533076999021,"ALDH4A1"
"7983594",-0.104290749999999,7.49143055555555,-1.13586280430747,0.269660942835853,0.459146679953988,-5.39653152843341,"DUT"
"8164940",0.0865195000000005,7.69731111111111,1.13390894397601,0.270460121522156,0.459951483358608,-5.39858240558317,"SARDH"
"8161249",-0.104036499999998,6.81245055555556,-1.13332677635243,0.270698580944123,0.460033207998034,-5.39919288635585,"SLC25A51"
"8141107",0.226676250000002,8.38526,1.13300042021456,0.27083232632275,0.460050197406827,-5.39953499521888,"SLC25A13"
"8081867",-0.182989500000001,9.93897833333333,-1.13031139108129,0.271936186455787,0.461101960605915,-5.40235055629472,"TIMMDC1"
"7991837",0.109667000000001,9.34118888888889,1.12991916361365,0.272097474837863,0.461281483614699,-5.4027607533594,"NME4"
"8159984",-0.10300825,7.04023555555556,-1.12679085937152,0.273386395133335,0.462354154201924,-5.40602794064349,"PLGRKT"
"8063857",-0.0798847499999996,8.23404166666667,-1.12671645354893,0.273417106415209,0.462354154201924,-5.40610555369516,"MTG2"
"7973314",-0.103841999999999,10.043915,-1.12191117311437,0.275405889162055,0.46431341222425,-5.41110850188814,"OXA1L"
"7950683",-0.206310499999998,8.51768444444444,-1.12033088562825,0.276062248955909,0.464989236000594,-5.41274972031647,"NARS2"
"8136631",-0.178745749999999,8.85918944444445,-1.11900652670233,0.276613195700384,0.465406244428281,-5.4141235875063,"SSBP1"
"7966046",-0.0907252499999989,7.43358166666667,-1.11865692358793,0.276758768800554,0.465580595399992,-5.41448602313004,"MTERF2"
"8048835",-0.161389999999999,10.7263111111111,-1.11726313260757,0.277339696145287,0.466157489275599,-5.41592999159228,"MFF"
"7911532",0.110641750000002,8.91780611111111,1.11703773397203,0.277433725553143,0.46626846152549,-5.41616335707696,"AURKAIP1"
"7958174",0.158082250000002,8.55995277777778,1.11264020172482,0.279272924571295,0.468188637650831,-5.42070809147565,"TXNRD1"
"8072143",0.0819457500000007,6.99406833333333,1.10952412796387,0.280581571525157,0.469355668780364,-5.42391898362691,"HSCB"
"7958761",-0.109215749999999,7.30922166666667,-1.10551260959798,0.282272875079628,0.47100175001385,-5.42804096425842,"ACAD10"
"8024708",0.0920267500000002,7.46412277777778,1.09849122532929,0.285251079609326,0.473857772787454,-5.43522420112785,"MRPL54"
"7940996",-0.12349375,10.6338338888889,-1.09821813234282,0.285367376243306,0.473980023283951,-5.43550277842395,"PRDX5"
"7980096",-0.260648,7.62232444444444,-1.09400477102446,0.28716601482995,0.475754442200888,-5.43979304853809,"ALDH6A1"
"7970546",-0.136938500000001,8.25647444444444,-1.08768777501435,0.289878097119387,0.47836997570423,-5.4461982044864,"MICU2"
"8172296",-0.0982274999999978,10.7035833333333,-1.07703731427146,0.294492652234587,0.483065258891254,-5.45692337038012,"NDUFB11"
"7897460",-0.143167249999999,8.01309611111111,-1.07648333853139,0.294734118999948,0.483222313276935,-5.45747868728714,"SLC25A33"
"8000310",-0.0737549999999988,8.203885,-1.07391945766638,0.295853524530551,0.484008981786162,-5.46004549298037,"EARS2"
"8037657",0.0899817500000016,8.88385388888889,1.07380486962682,0.295903625854036,0.484067162722897,-5.4601600856703,"DMPK"
"8152750",-0.13736525,8.74301777777778,-1.07330337504598,0.296122966309944,0.484211874931111,-5.46066147364897,"TMEM65"
"7905986",-0.0691982499999987,8.39942722222222,-1.07291116515588,0.296294590228496,0.484349794827347,-5.4610534561199,"FDPS"
"7920100",-0.0984405000000001,6.17602666666667,-1.07074935721856,0.297241845214172,0.485445444383768,-5.46321174075831,"THEM5"
"7969835",-0.0874782499999992,8.31757777777778,-1.06690281880133,0.298932701117141,0.487155617204146,-5.46704250211442,"PCCA"
"8114778",-0.179672499999998,10.0695455555556,-1.0551370161118,0.304147596517237,0.492185192517226,-5.47868432167917,"GCSH"
"7973826",-0.143376249999999,7.79340222222222,-1.04940492564365,0.306711661251744,0.494718446802961,-5.48431456250888,"NUBPL"
"8074388",0.114494000000001,9.29474222222222,1.04412549014226,0.309086863964179,0.497197025865984,-5.4894761062603,"SLC25A1"
"7956257",-0.0861802499999988,7.89589166666667,-1.04243380581382,0.309850712636977,0.497881438986266,-5.49112512190695,"SPRYD4"
"7931168",-0.19954525,8.73342722222222,-1.04112681614444,0.310441778884852,0.498470362710562,-5.4923975183475,"ACADSB"
"8025728",-0.0935940000000001,8.86192166666667,-1.03585523022723,0.312833912151471,0.500934441324783,-5.49751516193266,"QTRT1"
"8094259",0.116082750000001,8.80609833333333,1.02940259120488,0.315779749083763,0.503689499652314,-5.50374787849883,"LAP3"
"8018511",-0.0747897499999995,7.95099611111111,-1.02630661590285,0.31720010948914,0.505156497305333,-5.50672600938624,"MRPL38"
"8073612",0.125076500000001,8.42285555555555,1.0255711453862,0.317538188672452,0.505525654708421,-5.50743230891185,"TSPO"
"8144378",-0.167438499999999,8.92530888888889,-1.01751524161898,0.321257970009903,0.509086551847504,-5.51513909047009,"AGPAT5"
"8010949",-0.132293999999998,8.25509666666667,-1.01541192442946,0.322234198687487,0.509905527692104,-5.51714231374872,"GLOD4"
"8057689",0.117896749999999,7.15303555555556,1.01137354779249,0.324114403809862,0.511567941963262,-5.52097811498151,"OSGEPL1"
"8016699",0.0594024999999999,8.68887611111111,1.01101538486633,0.324281529911076,0.51175895072985,-5.52131765111623,"MRPL27"
"8072346",0.0726075000000004,7.1577,1.00957320552527,0.324955092029094,0.512384794208113,-5.52268373817683,"MTFP1"
"7973116",0.0889382500000004,8.38692611111111,1.00864638446801,0.325388476351727,0.512766389659918,-5.52356073659546,"METTL17"
"8123695",-0.138052,8.47652055555556,-1.00528096007874,0.326965564508643,0.514482888400562,-5.52673917996476,"ECI2"
"7950420",0.0755527500000012,7.67914,0.999631466538499,0.329625012927718,0.516901302284315,-5.53205337524481,"LIPT2"
"8158418",0.0663585000000006,8.43568166666667,0.992732953794881,0.332892851777752,0.519662290071752,-5.53850599898951,"ENDOG"
"7935819",-0.107965999999999,7.61697111111111,-0.992278510842637,0.33310891107874,0.519801640837418,-5.53892965934576,"MRPL43"
"8050591",0.0980662500000005,6.82671,0.990402200362149,0.334002012381851,0.520731610538863,-5.54067702778456,"NDUFAF2"
"8077635",0.0787259999999998,7.74288833333333,0.985550161258735,0.336319234736594,0.522494775914374,-5.54518183550687,"OGG1"
"8030078",-0.0600985,8.57933055555556,-0.984945458637714,0.336608806223796,0.522739770571976,-5.54574186786458,"SPHK2"
"8007471",-0.154275999999999,9.43154388888889,-0.981882416921853,0.338078246735847,0.524019708666023,-5.5485738833401,"NBR1"
"8153373",0.0691510000000012,7.00992277777778,0.976953965102751,0.340451891620453,0.526131376370845,-5.55311392786842,"CYP11B2"
"8130556",0.20584775,10.0944488888889,0.97684055899839,0.340506645487045,0.526167151233624,-5.55321815410483,"SOD2"
"7899016",-0.10544125,9.75068722222222,-0.975350223242565,0.341226762900833,0.526815390379239,-5.55458683779794,"SDHD"
"7928342",0.089266750000001,5.91430611111111,0.972186765024313,0.342758798621008,0.528152145757958,-5.5574858221943,"NUDT13"
"8089072",0.11725525,8.49460444444445,0.969386253029782,0.344119010987217,0.529195026272001,-5.56004510832992,"CPOX"
"8151471",-0.159265999999999,7.21257111111111,-0.968240138092834,0.344676749925727,0.529710225342792,-5.56109057813489,"MRPS28"
"8085350",-0.0891487499999987,8.91670333333333,-0.96816348303767,0.344714075072618,0.529718689204955,-5.56116046192533,"TAMM41"
"8007272",-0.0853182499999999,8.30709277777778,-0.964540945913017,0.346481141953555,0.531428558829404,-5.56445730287555,"COASY"
"8092523",-0.0806339999999996,6.67827166666667,-0.963209750317547,0.347132055972019,0.532059292381713,-5.56566600542295,"EHHADH"
"8171079",0.0762960000000004,7.67674833333333,0.962435969686079,0.347510796239857,0.532345738976745,-5.56636789098174,"GTPBP6"
"8065668",-0.077745499999999,7.92563944444444,-0.961788112922334,0.347828118694339,0.532684797542333,-5.56695516030706,"CDK5RAP1"
"7936641",-0.0879077499999989,7.97941888888889,-0.961186718052909,0.34812286161616,0.53284744377052,-5.56749999264143,"SFXN4"
"8039923",0.084796,8.96751111111111,0.958680561845122,0.349352967546801,0.533719909366704,-5.56976711868286,"AURKAIP1"
"7979916",-0.110116999999999,9.11940611111111,-0.941183846668918,0.358023712795424,0.541598090270739,-5.58544550883423,"SYNJ2BP"
"7949067",-0.0746239999999995,8.57856277777778,-0.936910625814819,0.360163366847817,0.543452196761307,-5.58923479436169,"BAD"
"7975956",0.0835400000000009,7.37543888888889,0.934134686763976,0.361557940128223,0.544667906277403,-5.5916879605824,"GSTZ1"
"7917037",-0.206352999999999,9.51775055555555,-0.933857316398185,0.36169748537451,0.544779534559871,-5.59193271574428,"CRYZ"
"8120932",-0.182343499999999,7.44277944444444,-0.933155938247797,0.36205051155119,0.545138639916794,-5.59255132571469,"PRSS35"
"7961390",-0.152524750000001,8.87525722222222,-0.923177739797799,0.367098047336052,0.549879152555154,-5.60130616017033,"HEBP1"
"8114455",-0.138144999999999,10.8823122222222,-0.922468515097883,0.367458604437288,0.550196472342314,-5.60192516578011,"HSPA9"
"8132922",-0.10137275,8.06569444444444,-0.919141849472781,0.369152993406697,0.551472696327361,-5.60482286052287,"MRPS17"
"8010664",0.0707647500000007,9.028785,0.918557845591834,0.369450986829271,0.551715903863938,-5.60533057182792,"MRPL12"
"8043413",0.07478475,7.06054166666667,0.913723781064378,0.371923799011145,0.554141164116436,-5.60952181390161,"RPIA"
"7912012",-0.0665375000000002,9.17872777777778,-0.908335398024571,0.374693171926915,0.55676028807108,-5.61416984248602,"ACOT7"
"8140386",-0.118721999999999,8.22902666666666,-0.903091538414156,0.377401424315145,0.559020417163209,-5.61866905807584,"STYXL1"
"7919038",-0.10996725,7.66681166666667,-0.89680438166616,0.38066559875531,0.561885913722652,-5.62403196958657,"WARS2"
"8078173",-0.0769562499999988,8.33394222222222,-0.895005329459458,0.38160306251115,0.56278559376466,-5.62556023268688,"OXNAD1"
"8120860",-0.194791749999998,9.22796388888889,-0.891464235884063,0.383452738094815,0.564348736754908,-5.62856010618587,"BCKDHB"
"8129379",-0.195808249999999,8.70576111111111,-0.884854474744973,0.386921120501576,0.567618711990658,-5.63413042318361,"ECHDC1"
"7959148",0.0820937500000011,6.41906111111111,0.878199231306324,0.390434143052266,0.570438159772326,-5.6397005753117,"SIRT4"
"8164235",0.0789262500000013,8.16488333333333,0.877709507477445,0.390693470421397,0.570666804905302,-5.64010892533859,"PTRH1"
"7919751",0.123051250000001,10.0157394444444,0.876904809054316,0.391119833631979,0.57100949067879,-5.64077945782858,"MCL1"
"7921713",0.068383750000001,8.01044277777778,0.876885866774377,0.39112987371876,0.57100949067879,-5.64079523507819,"TSTD1"
"8019392",-0.1164575,9.47495111111111,-0.86842804410505,0.395629664145866,0.574976252763515,-5.64780849853853,"FASN"
"8126214",0.0686224999999993,8.10941388888889,0.867199793335536,0.396285919810471,0.575553182933319,-5.64882176133738,"MOCS1"
"8071289",0.108603750000001,9.58618833333333,0.866025773571689,0.396913861472494,0.575982063361634,-5.64978904960999,"COMT"
"7943853",-0.0891955000000006,8.86207055555555,-0.864437618817665,0.397764338223378,0.576618885011268,-5.65109562538389,"SDHD"
"7958466",0.174673750000001,8.51895777777778,0.852701693136351,0.404085714709027,0.582403435731003,-5.66068213721162,"ACACB"
"7940486",-0.111590249999999,9.09328833333333,-0.845052043623313,0.408240777682002,0.58621671444185,-5.66686554676152,"SDHAF2"
"7934026",0.1065935,6.73001388888889,0.839001945028086,0.411546366865579,0.589488917556707,-5.6717194600341,"DNA2"
"8071444",0.100102000000002,8.19857777777778,0.837895219983121,0.412152894982192,0.589799507659534,-5.67260387444392,"AIFM3"
"8141717",-0.0961974999999987,9.19321555555555,-0.834585101571881,0.413970374688842,0.591358340813178,-5.67524262134854,"FIS1"
"7927669",-0.0888830000000005,7.83467944444445,-0.831656373510053,0.415582700160699,0.592847657223375,-5.67756925459187,"TFAM"
"8073585",-0.0830309999999986,7.32285833333333,-0.826958538970106,0.418177290386929,0.595292779226223,-5.68128544121514,"SERHL2"
"8058052",-0.0841962499999975,10.0577144444444,-0.82683751919683,0.418244264564924,0.595292779226223,-5.68138091472933,"HSPD1"
"8088142",0.173304000000002,8.81865,0.822410874781367,0.420698712360781,0.597203488466786,-5.68486420915897,"CHDH"
"8032057",-0.0684122500000002,8.57587055555555,-0.819229673622326,0.422468214408953,0.598786324914671,-5.68735673906332,"POLRMT"
"8050474",-0.0732044999999994,8.35109666666667,-0.809744356029591,0.427772135137728,0.603918914299954,-5.69473529284549,"RDH14"
"8049876",0.137770000000001,9.48633611111111,0.807911000492024,0.428802095799151,0.604748481831696,-5.69615221649622,"BOK"
"8033179",0.0750547500000007,7.20163166666667,0.802309191358819,0.431958752372349,0.607284689146348,-5.70046306857082,"SLC25A41"
"7999317",-0.0900572499999995,6.89288055555556,-0.802064981377345,0.432096695658278,0.607427327338245,-5.70065036317288,"TMEM186"
"8151296",-0.145259749999998,6.86094611111111,-0.80081566677493,0.432802807630272,0.608108421057226,-5.7016076813937,"LACTB2"
"7922058",0.0897447500000008,5.79962055555556,0.795527395125659,0.435799698519291,0.611033458042649,-5.70564452289958,"ADCY10"
"8089875",0.0899377500000009,5.20265833333333,0.794096822278235,0.436612623133756,0.611812579432905,-5.7067322692822,"POLQ"
"8016366",0.0600462500000013,7.32549722222222,0.792609932152928,0.437458547220379,0.612533946459082,-5.70786089849445,"MRPL10"
"7906041",-0.099682499999999,8.27954166666667,-0.792562425490934,0.437485591541377,0.612546055319509,-5.70789692601332,"DAP3"
"8111331",-0.0586119999999992,9.65776222222222,-0.792363380274872,0.437598914137975,0.61262744046637,-5.70804785354174,"GOLPH3"
"8121300",-0.0942099999999989,8.32841388888889,-0.791678534350211,0.437988957142985,0.612844465224343,-5.70856687248034,"QRSL1"
"7931607",-0.0517077499999996,8.45147777777778,-0.790714798482566,0.438538202296557,0.613380239462628,-5.70929654119723,"MTG1"
"7976515",-0.0527282500000002,9.84462222222222,-0.786651047714647,0.440858873120511,0.615251179776758,-5.71236416972792,"GLRX5"
"8136849",-0.109798749999999,9.55773055555555,-0.78652409554962,0.440931493219492,0.615275162590287,-5.71245976478595,"GSTK1"
"7962203",-0.0832307500000004,7.50391555555556,-0.786241725286015,0.441093043197421,0.615449005168645,-5.71267233802017,"YARS2"
"8054045",0.110004000000001,9.33995166666667,0.784849739796168,0.441889961472832,0.615854606755553,-5.71371920521052,"FAHD2A"
"8079707",-0.079149249999999,9.53721555555556,-0.784220292984885,0.44225061421055,0.616160454469589,-5.71419202190125,"NDUFAF3"
"7944011",-0.109735999999999,8.24679444444445,-0.783769645599087,0.442508932099762,0.616290463441419,-5.71453031316836,"REXO2"
"8086201",-0.0620164999999981,8.50708111111111,-0.783246955295681,0.442808662553653,0.616486028277748,-5.71492245756478,"ACAA1"
"7905968",0.0568445,8.48762722222222,0.774264660588601,0.447978971261917,0.621385369969092,-5.72162307268316,"MTX1"
"8153838",0.0544082500000002,7.59768444444444,0.774183348057493,0.448025943937243,0.621424637810479,-5.72168339950445,"RECQL4"
"8102839",-0.0551069999999985,8.59781,-0.77355618198248,0.448388346957922,0.621823689656723,-5.72214850258994,"NDUFC1"
"7910950",-0.144947249999999,5.522465,-0.768147390550494,0.451521212682165,0.624137201189888,-5.72614496414888,"KMO"
"8174005",-0.0601442499999993,7.93160722222222,-0.767661744133219,0.451803159057734,0.624245395541117,-5.72650251281002,"TRMT2B"
"7943721",-0.0685602499999998,8.01002777777778,-0.762693020945181,0.454693954385891,0.626757103791481,-5.7301484528405,"FDX1"
"8023466",-0.109997749999999,8.08125111111111,-0.76240906986604,0.45485949531977,0.62693338089504,-5.73035613843242,"FECH"
"8145942",-0.115929,7.554955,-0.761758376387237,0.455238981745028,0.627205842930133,-5.73083179035733,"LETM2"
"7997179",0.0741210000000012,7.23457666666667,0.760807541921379,0.455793856648413,0.627649629645252,-5.73152615703372,"DHODH"
"8173135",0.09917375,6.93836222222222,0.754695081409383,0.45937066161491,0.630554109330821,-5.73597044694657,"ALAS2"
"8138547",0.0718475000000007,8.85117722222222,0.753200020674044,0.46024809332427,0.631303018060483,-5.7370523554885,"TOMM7"
"7923027",-0.0747497499999991,7.69908888888889,-0.747869436009762,0.46338475746298,0.634010766295544,-5.74089343123926,"GLRX2"
"8155699",-0.0588059999999994,8.745115,-0.74571062134027,0.464658708364237,0.63487282908698,-5.74244170877964,"FXN"
"7915261",-0.0646827499999991,8.75011111111111,-0.741606068706668,0.467086653721696,0.637215768069018,-5.74537381966502,"TRIT1"
"8027128",-0.0442522499999993,8.94093333333333,-0.740764736741828,0.46758525756832,0.637715504270187,-5.74597294685019,"SLC25A42"
"8021905",-0.0576894999999997,8.01304722222222,-0.740140017915619,0.467955694204243,0.638034593582745,-5.74641740536616,"RBFA"
"7916229",0.0857695000000006,7.89938277777778,0.737036433893832,0.469798607495728,0.639633800858083,-5.74862022083424,"ECHDC2"
"7914617",0.0813220000000009,8.09752111111111,0.735047230050278,0.470982070032785,0.64064259103238,-5.75002749771971,"AK2"
"7930148",0.0645175000000005,8.02257444444444,0.731860218075976,0.472881850989298,0.641915569015885,-5.75227469275024,"SFXN2"
"7916590",0.103004499999999,9.57215277777778,0.73063209095358,0.473615150605095,0.642457314954623,-5.75313819798042,"AK2"
"7997525",-0.074342749999999,7.54949277777778,-0.726860736563057,0.475871187530427,0.644109062243928,-5.75578130597243,"MLYCD"
"8120698",-0.0801727499999993,8.13848166666667,-0.71905623732098,0.480559977960347,0.647817543577397,-5.76120994246892,"MTO1"
"7971246",-0.0838322499999971,8.88312222222222,-0.71714448636277,0.481712645182769,0.648561964605178,-5.76253126468569,"VWA8"
"8147228",-0.106582999999999,8.79730277777778,-0.715436494688583,0.482743828004016,0.649215284989285,-5.76370894227573,"DECR1"
"8174086",0.0756150000000007,9.08304666666666,0.714630007699322,0.483231185338032,0.649588338499851,-5.76426409967193,"ARMCX6"
"7945357",-0.0525434999999971,9.15640333333334,-0.71406471207973,0.483572963109613,0.649779215200193,-5.7646528761237,"SIRT3"
"7959563",-0.0491714999999992,7.801355,-0.709645061700913,0.486249952564589,0.652060598894205,-5.76768240605815,"C12orf65"
"8007154",0.1024465,9.09862277777778,0.705912682910267,0.488517372217424,0.65396957207776,-5.77022695735855,"FKBP10"
"7992439",-0.0495192499999999,7.07158444444444,-0.704342436141643,0.489473129989015,0.65459020038735,-5.77129367393861,"GFER"
"8094456",-0.0684017500000008,8.00865722222222,-0.702238737165721,0.490755281527416,0.655582274494207,-5.7727192516073,"SMIM20"
"7966052",0.0793827500000005,7.57837222222222,0.697813198505657,0.493458876509983,0.657675227600884,-5.77570502788232,"CRY1"
"8012823",-0.044751250000001,8.22860055555555,-0.696439473839269,0.494299840475231,0.658400743591638,-5.77662819589909,"SCO1"
"8159945",0.0807865000000008,10.2377461111111,0.694666777896863,0.49538626572694,0.65921495044001,-5.77781692841692,"AK3"
"8147424",-0.053236499999999,7.02390333333333,-0.693685212243073,0.495988424778895,0.659770008546585,-5.77847390856656,"NDUFAF6"
"7932094",-0.0744254999999998,7.663005,-0.691235772343891,0.497492911864747,0.661067183588493,-5.78010951718757,"PHYH"
"8168873",0.0918639999999991,8.39516944444444,0.68185607128365,0.503278228950447,0.666364914086706,-5.786321955102,"ARMCX6"
"7957386",0.168831250000002,8.65846611111111,0.679221223520419,0.504910246714141,0.667593078062215,-5.78805256794299,"ACSS3"
"8043251",-0.103026499999998,9.78981444444444,-0.678125685523795,0.505589703861386,0.668226109215757,-5.78877025958986,"PTCD3"
"8034605",0.0648552500000008,8.49142555555556,0.669878373943424,0.510721336238836,0.672712066646011,-5.79413770076871,"GADD45GIP1"
"7958439",-0.0942619999999983,9.71762277777778,-0.667104636019496,0.512453780936261,0.674216401625892,-5.79592882015512,"USP30"
"7997025",-0.128140999999998,9.16827944444445,-0.665702661516847,0.513330692923627,0.674901743532896,-5.79683143919239,"PDPR"
"8138776",-0.0803697499999986,8.41374111111111,-0.663529020621644,0.514691932903143,0.676096626553414,-5.79822729295171,"HIBADH"
"7911085",-0.0590357499999994,9.14887388888889,-0.662124430786572,0.51557262987439,0.676724987907434,-5.79912696727615,"COX20"
"8068857",-0.061149499999999,9.61295444444444,-0.6588185191087,0.517648804333043,0.678088737634035,-5.80123730703685,"NDUFV3"
"8101699",-0.103624999999999,7.72670944444445,-0.656023010621537,0.519408068457532,0.679388601283768,-5.80301396302005,"PPM1K"
"7905092",0.0447875000000005,7.89716055555556,0.655592916542938,0.519679029398787,0.679609755997369,-5.8032866646833,"BOLA1"
"8044491",0.053486250000001,8.17380666666667,0.649316509206838,0.52364211717236,0.682923174787046,-5.80724679387155,"CHCHD5"
"8013068",0.0436224999999999,8.10454777777778,0.633068823481492,0.533978463130886,0.691332917336083,-5.8173291116105,"PLD6"
"7970704",-0.0616839999999997,8.17107388888889,-0.632145070245685,0.534569451918439,0.691654194637259,-5.81789498904624,"MTIF3"
"7901613",-0.0868332500000014,8.27297444444445,-0.628813348247823,0.536703936306643,0.693408175362186,-5.81992937586115,"ACOT11"
"8173629",-0.0861927499999988,8.36134611111111,-0.62641206377341,0.538245191576984,0.694622307039992,-5.82138923875524,"ABCB7"
"7919326",0.0740835000000006,8.170555,0.623690387210134,0.539994979087203,0.695756556559728,-5.82303741037854,"ACP6"
"8053890",-0.079688749999999,10.5538827777778,-0.62305094145447,0.540406528536376,0.696042246023094,-5.82342364263314,"STARD7"
"7950753",-0.0685567499999991,8.08058333333333,-0.621324041409088,0.54151881144942,0.696893147600377,-5.82446481045357,"CCDC90B"
"8166925",0.0953412500000011,8.50174888888889,0.621265328790024,0.541556649433979,0.696897072703505,-5.82450016024347,"MAOA"
"8008664",-0.0936157499999992,9.284,-0.620272128312241,0.542196943756917,0.697469052484265,-5.82509766239952,"AKAP1"
"8128356",-0.10021675,8.66074722222222,-0.619566597124467,0.542652031144609,0.697821213494846,-5.82552154766706,"FBXL4"
"8069620",-0.0930664999999983,9.47072611111111,-0.61883248105062,0.54312577430089,0.698187742525548,-5.82596211544043,"MRPL39"
"8103922",0.0520877500000012,7.27235611111111,0.615364172359876,0.545366957220155,0.700068760343865,-5.82803678541544,"CASP3"
"7978692",0.0645982500000007,5.63859833333333,0.611773206633125,0.547692601465481,0.701662182761723,-5.83017303031149,"SLC25A21"
"7991374",-0.0842524999999982,10.2900344444444,-0.605403458506122,0.551830854226841,0.705046542870648,-5.8339328068491,"IDH2"
"7950294",0.0448812500000007,7.65645222222222,0.597061765696878,0.557275155782736,0.709289398533718,-5.83879931052868,"COA4"
"7926807",-0.0727827499999996,8.78046111111111,-0.597055840703771,0.557279032796967,0.709289398533718,-5.83880274405644,"PDSS1"
"8052331",0.0604275000000004,8.12445666666667,0.593407621840326,0.559668926239878,0.711189414838347,-5.84091065635742,"PNPT1"
"8137310",-0.0535804999999997,8.48305944444444,-0.584514012713885,0.565517362533849,0.71564425434363,-5.84599717092488,"ABCB8"
"8023871",-0.0662209999999995,9.40010444444444,-0.584090333390076,0.565796762057218,0.71583459177062,-5.84623763859975,"ZADH2"
"7906688",-0.0549992499999991,6.70453888888889,-0.583541693115551,0.566158674445797,0.716129212240606,-5.84654878062567,"PPOX"
"7903803",0.1320275,11.6768388888889,0.582363083795229,0.566936552721655,0.716806877058056,-5.84721623426336,"AHCYL1"
"8137332",0.0426525000000015,8.27332166666667,0.573160959724894,0.573028841079719,0.721857646845921,-5.85238269678082,"ABCB8"
"8074335",0.125279250000001,8.69757666666666,0.570223225250984,0.574980804001329,0.723550106985346,-5.85401534207729,"PRODH"
"8156861",0.0674532500000008,8.76171222222222,0.564687061178993,0.578668466614253,0.726495143953622,-5.85707004181928,"STX17"
"8151917",-0.050655499999999,7.05788444444445,-0.562962363187966,0.579819738173424,0.727577080156793,-5.85801579948931,"MTERF3"
"8016018",-0.0584339999999998,9.24965833333333,-0.562830271413116,0.579907959875054,0.727660361017473,-5.85808811825118,"SLC25A39"
"8085481",-0.0521502499999992,6.78295111111111,-0.562011619107414,0.580454874162281,0.728130455909312,-5.85853595536608,"CHCHD4"
"8137334",0.0449022500000004,7.79342055555556,0.559300153473787,0.582268171384599,0.729392911047816,-5.86001474088252,"ABCB8"
"7920114",-0.0405809999999993,8.42839,-0.558769957912644,0.582623073579816,0.72966525130812,-5.86030309200342,"THEM4"
"8046360",-0.0479514999999995,6.75169722222222,-0.556599404535905,0.584077131633014,0.730798746880523,-5.86148080750301,"METAP1D"
"8103951",0.132227999999999,9.237455,0.554825973055113,0.585266507006022,0.731682018614535,-5.86243975866867,"ACSL1"
"8163505",-0.0521227499999998,7.80694833333333,-0.553638985529992,0.586063252875626,0.732345393961754,-5.86307994696705,"HDHD3"
"8110676",-0.0670537499999997,6.55519833333333,-0.55106136312947,0.587795304799198,0.73369084334239,-5.86446558990269,"CCDC127"
"7971388",-0.0736922499999997,6.88806388888889,-0.550563445210104,0.588130178192685,0.733939380229436,-5.86473253264096,"SLC25A30"
"8169711",0.0494017500000004,5.83634333333333,0.546746715423702,0.590700261304613,0.735976764144672,-5.86677099178128,"GLUD2"
"7971222",-0.0428302499999998,7.23929333333333,-0.545836014066029,0.59131432527636,0.73650000302119,-5.86725535505444,"MTRF1"
"8095705",0.0532425000000015,7.71332333333333,0.541440504648669,0.594282549086782,0.738710047296919,-5.86958214204518,"MTHFD2L"
"8176255",-0.0819244999999994,8.91878111111111,-0.540111466929391,0.595181472692373,0.739358211320622,-5.87028208672759,"TMLHE"
"7907439",0.124119000000001,10.484,0.53942428257442,0.595646527016292,0.739632385234439,-5.87064334218695,"PRDX6"
"7918188",-0.0369944999999997,7.238355,-0.538370278918856,0.596360174424992,0.740153410647742,-5.87119656982499,"SLC25A24"
"7993608",-0.0583902499999991,7.77697277777778,-0.536587235077645,0.597568396935375,0.74094119731724,-5.87213006969246,"COQ7"
"8044804",0.0929482500000007,9.07845833333333,0.530300733969834,0.601837781152691,0.744311409176458,-5.87539736312566,"DBI"
"7967072",-0.0724089999999982,8.14764222222222,-0.526605899693268,0.604353972875654,0.746030409882026,-5.87730025554491,"COQ5"
"8068413",-0.039902249999999,8.12683666666667,-0.524872466454668,0.605536196992044,0.746910853037409,-5.87818854835203,"CBR3"
"7958000",-0.0824749999999997,10.4202544444444,-0.521839595263363,0.607607335800237,0.748373111150425,-5.87973589457978,"CHPT1"
"8108174",0.0391025000000003,6.85059888888889,0.516704389194061,0.611121898461481,0.751062113943526,-5.8823359774699,"PCBD2"
"8128133",0.0428645000000014,8.56036388888889,0.516433415732215,0.611307623659907,0.75123491216106,-5.88247248423586,"LYRM2"
"8086949",-0.0428820000000003,7.24846833333333,-0.516064190307034,0.611560734123605,0.751453911310763,-5.88265837484213,"CCDC51"
"8008321",0.0863852500000012,7.57622944444444,0.514991383159853,0.612296445771217,0.751978266260114,-5.88319775837212,"ACSF2"
"8135229",0.0431912500000015,8.36582611111111,0.514520965963741,0.612619182328576,0.752178583896079,-5.88343392963144,"ARMC10"
"8151644",-0.0914247499999988,8.36455277777778,-0.508180234014859,0.6169772171606,0.755136570475887,-5.88659679613743,"RMDN1"
"8101437",-0.0462137500000005,8.29901555555555,-0.506081439456602,0.618422955250542,0.756238904879992,-5.88763530937466,"COQ2"
"7965979",-0.0505532499999991,7.52724888888889,-0.505455027320238,0.618854763357964,0.75660022234368,-5.88794445683244,"ALDH1L2"
"8023646",0.0437357500000004,8.43901111111111,0.501455567631443,0.621615071593724,0.758498865393441,-5.88990949052879,"BCL2"
"8121214",-0.118466749999999,5.88953611111111,-0.49953913240221,0.622939777956374,0.759363931415463,-5.89084569847028,"TSTD3"
"7943867",0.0547237500000001,8.02120166666667,0.496055687611706,0.625351024593481,0.761327717217153,-5.89253847700801,"BCO2"
"8107998",0.0341645000000012,8.95276222222222,0.491139773925678,0.628761187463827,0.763775902337859,-5.89490773342809,"UQCRQ"
"8172905",0.0374777500000015,8.53810277777778,0.486488657242235,0.631995540863682,0.766223256777528,-5.89712820024998,"HSD17B10"
"7902367",-0.0801799999999991,9.78840444444444,-0.485756586187597,0.632505312185274,0.766653214032503,-5.89747581887482,"ACADM"
"8039306",0.0353902500000014,8.4146,0.485040695034536,0.633003998848517,0.766915334921918,-5.89781526102691,"RDH13"
"8076481",-0.0665925000000002,10.4451833333333,-0.482583185767484,0.634717256258183,0.768169554083012,-5.89897678310489,"CYB5R3"
"7970577",-0.0572575000000003,7.62634222222222,-0.477392631068432,0.638342791408706,0.770872317131923,-5.90141114331849,"MIPEP"
"8005247",0.0316975000000007,8.43523777777778,0.471484128331747,0.642481172172872,0.773500220191638,-5.90415095305676,"NT5M"
"7973530",0.0312382500000003,7.87630166666667,0.469137450016064,0.644128146423175,0.774502921112685,-5.90522987983174,"PCK2"
"7949400",0.0365002500000005,7.29718333333333,0.468943236844341,0.644264536037298,0.774638943286531,-5.90531893722371,"SLC25A45"
"8086216",-0.114681999999999,3.87136722222222,-0.465968205877847,0.646355414922439,0.776087997211513,-5.90667865046466,"ACAA1"
"8032484",-0.0329932499999997,7.38312333333333,-0.465792192987846,0.646479212986554,0.776180664003652,-5.90675883084971,"TIMM13"
"8038069",0.0514840000000019,7.47227277777778,0.465190323388625,0.646902615606025,0.776439172807624,-5.90703278111361,"TMEM143"
"8141094",0.165097749999999,10.1577827777778,0.465126475970163,0.646947538155584,0.77646297004529,-5.90706182195281,"PDK4"
"8111552",0.0861994999999996,9.10476888888889,0.4626480538445,0.648692407020372,0.777647273578284,-5.9081861161155,"NADK2"
"8012197",0.0428602500000009,8.049415,0.462647396087221,0.64869287037393,0.777647273578284,-5.90818641371687,"PLSCR3"
"8106689",-0.0486952499999988,8.03869666666667,-0.461946707110406,0.649186550146716,0.777972451331121,-5.90850320464269,"CKMT2"
"7926152",0.0411602500000005,7.42534944444444,0.459555637739109,0.650872459666664,0.779291632129483,-5.90958070624334,"ECHDC3"
"8155250",-0.0440814999999995,8.60500222222222,-0.454148952667332,0.654691731205095,0.782064668649496,-5.91199699486233,"GRHPR"
"8105499",-0.0307699999999987,8.10239944444445,-0.453062816744326,0.65546015616041,0.782604649032465,-5.91247902403766,"NDUFAF2"
"7922462",-0.0728687499999993,9.53397888888889,-0.44629360378203,0.660258109920763,0.786378969810998,-5.91545776219337,"MRPS14"
"8145291",0.0535885000000009,8.69270611111111,0.444999575489094,0.661177029788226,0.786988330623385,-5.91602219267283,"SLC25A37"
"8098084",-0.0817527499999989,8.24181944444444,-0.435972001611598,0.667602974138006,0.791637330123689,-5.91991519312899,"ETFDH"
"7939072",0.065777,6.94840222222222,0.434638191944595,0.668554643879364,0.792173373803466,-5.92048375092726,"METTL15"
"7980438",-0.0654829999999986,9.13011444444444,-0.42877960661105,0.672741513262409,0.795351305464367,-5.92296084663383,"SPTLC2"
"8065444",-0.0743682499999994,8.37710444444444,-0.425288218375237,0.675241874102822,0.797118651421743,-5.92442138390758,"ACSS1"
"7984103",-0.0363535000000001,8.19817888888889,-0.422864089430764,0.676980193358746,0.798463019314447,-5.92542857077781,"LACTB"
"8102831",0.0373432500000014,7.14355,0.421602083094953,0.677885901216085,0.799134956728341,-5.92595067889318,"MGARP"
"8157233",-0.0997102500000005,8.76177333333333,-0.421492771275987,0.677964374996721,0.799184239295527,-5.925995830543,"HSDL2"
"8006479",-0.0477467499999983,9.07155722222222,-0.418977520387889,0.679771085154351,0.800319069077023,-5.92703159093626,"LIG3"
"8110894",0.0433475000000016,8.63875055555556,0.416945193265413,0.681232359852012,0.80117973465401,-5.92786404357565,"NSUN2"
"7988414",0.0866375000000025,11.5581555555556,0.415157590163414,0.682518740987039,0.802252572919677,-5.92859297183607,"GATM"
"7966600",0.0437267499999997,8.16907111111111,0.414001550111178,0.683351171539048,0.802820688685897,-5.92906273161497,"SLC8B1"
"7993453",-0.0409997499999999,7.63649388888889,-0.411329553517811,0.68527678505389,0.804307463974249,-5.93014358262102,"MPV17L"
"8067140",0.0637310000000001,5.40759388888889,0.410563427152713,0.685829312738881,0.804650589251855,-5.93045222122902,"CYP24A1"
"8091087",-0.0417127499999995,8.171135,-0.406544396481685,0.688730784426324,0.806948482671569,-5.93206205346832,"NMNAT3"
"8106068",-0.0607839999999996,8.49092888888889,-0.404082041422224,0.69051088547654,0.80843674239495,-5.93304067005299,"MCCC2"
"8177601",-0.0607839999999996,8.49092888888889,-0.404082041422224,0.69051088547654,0.80843674239495,-5.93304067005299,"MCCC2"
"8105318",0.0562277499999998,5.52413611111111,0.402048292189378,0.691982529157022,0.809536005048917,-5.93384454027387,"NDUFS4"
"8084045",-0.0605479999999997,8.67100277777778,-0.397282553499821,0.69543597683711,0.812118392338416,-5.93571265371867,"MFN1"
"7928589",0.0490170000000006,8.62325333333333,0.396394590312676,0.696080187076989,0.812505731883087,-5.93605830456341,"PPIF"
"8037608",-0.0408024999999992,7.58713055555556,-0.387056016218602,0.702869483059243,0.816845666029934,-5.93964739168048,"OPA3"
"7939818",-0.0359795000000005,8.66600611111111,-0.38344904072883,0.70549870569923,0.818387346839021,-5.94101111915175,"PTPMT1"
"7954196",-0.1089685,10.4213505555556,-0.379246333178405,0.708566959370473,0.820260544663583,-5.94258422742988,"MGST1"
"8080001",0.0478777500000008,7.91868,0.378039641891266,0.709448869130936,0.82082979659663,-5.94303274784746,"HEMK1"
"7896908",0.0338715000000005,8.121235,0.373332684313568,0.7128929490497,0.822865342132903,-5.94476884190744,"PUSL1"
"8081128",-0.0325389999999989,8.37075722222222,-0.363103444835057,0.720399385244285,0.82782545673468,-5.94846784493137,"NSUN3"
"8162142",-0.03469175,8.87396944444444,-0.36195490361698,0.721244043213103,0.828311228761994,-5.94887684455619,"ISCA1"
"7967789",0.0428427499999988,8.02563222222222,0.361900482830701,0.721284074348056,0.828311228761994,-5.94889619229051,"PXMP2"
"8098556",-0.0520082499999985,7.37940722222222,-0.361275364544651,0.721743961219078,0.82852190485116,-5.94911822927204,"PRIMPOL"
"7995362",-0.0662444999999999,8.678455,-0.360680055807178,0.722182018611075,0.828704380271644,-5.94932932627884,"GPT2"
"8075857",0.0497050000000014,8.56556611111111,0.358600713801024,0.723712870163793,0.829498860039198,-5.95006396898242,"TST"
"8073875",0.0258190000000008,8.01337611111111,0.358168030515975,0.724031569959122,0.829606447269983,-5.95021631178389,"TRMU"
"8019316",0.0221727500000008,7.76622055555556,0.354307864408228,0.726877113088592,0.83143630676634,-5.95156740236831,"PYCR1"
"8002830",0.0294145000000004,8.33816111111111,0.353511433205871,0.727464714135372,0.831613025253733,-5.95184436262205,"LDHD"
"8140129",-0.0284017499999984,8.25525,-0.352448829308928,0.728248964404885,0.832023942073478,-5.95221292729225,"ABHD11"
"7949719",0.0419312500000014,9.22196111111111,0.351131288193875,0.729221795901131,0.832647800358048,-5.95266839674527,"PC"
"7938880",-0.0603519999999993,7.67125888888889,-0.350923959890206,0.729374923537237,0.832647800358048,-5.95273991614523,"HTATIP2"
"8177901",0.0315632500000002,8.22903611111111,0.348914078515233,0.730859975191441,0.833575515873517,-5.95343107834035,"VARS2"
"8105663",-0.0440720000000004,7.99894944444445,-0.346213874680773,0.732856800824912,0.835102209935239,-5.95435346167691,"NLN"
"8073311",-0.0368350000000004,8.09538888888889,-0.344935702967753,0.733802701628609,0.835673731312942,-5.95478761533025,"XPNPEP3"
"8128606",-0.0438649999999996,7.39457944444445,-0.340626949122086,0.736994562459634,0.837714462646993,-5.9562394782873,"RTN4IP1"
"8017927",-0.0507087499999996,8.24574277777778,-0.337267179485655,0.739486831003302,0.839247861614812,-5.95735906811817,"ABCA9"
"7910261",0.0253352500000011,7.21780111111111,0.334070801367766,0.741860636956506,0.840662778162186,-5.95841403381357,"IBA57"
"7958784",-0.0595249999999986,11.3776444444444,-0.323926517455204,0.749411784250654,0.845755293526099,-5.96169639981627,"ALDH2"
"7934852",-0.064274999999998,11.8625333333333,-0.318130633420676,0.753737801350797,0.848537971111927,-5.9635268406956,"GLUD1"
"7990810",-0.032158249999999,7.54692444444444,-0.313297605256421,0.757351535849889,0.850693861538228,-5.96502819918882,"MTHFS"
"8035958",-0.0226492500000001,8.06227166666667,-0.308672628665544,0.760815069309427,0.852861950604799,-5.96644363166289,"CEP89"
"8125766",-0.0256147499999999,7.46335166666667,-0.30511412362608,0.763483473958177,0.854654874176683,-5.9675184967768,"BAK1"
"8004271",-0.0498374999999991,10.15071,-0.303818047087924,0.764456113563446,0.85531273422453,-5.96790691806398,"ACADVL"
"8057719",0.0475375000000009,8.25453777777778,0.303426861146889,0.764749757526103,0.855525892902387,-5.96802383098683,"HIBCH"
"8071107",0.0724000000000008,10.7120577777778,0.301681636217157,0.766060255229547,0.856507253587502,-5.96854360564916,"SLC25A18"
"8060196",0.0333100000000019,7.82962944444445,0.301010534024658,0.766564381436827,0.856893752600195,-5.9687426874871,"MTERF4"
"7958455",0.0441927500000016,7.73986222222222,0.300640189932062,0.766842626371191,0.857108199675089,-5.96885236171776,"UNG"
"8043840",0.0327037499999998,7.273945,0.298105432838814,0.768747894547285,0.858383589696209,-5.96959941861071,"LIPT1"
"7921970",0.0497642500000011,9.19922444444444,0.296692283958161,0.769810752801718,0.859253415441614,-5.9700131892064,"ALDH9A1"
"8103622",-0.0376839999999981,8.13992555555556,-0.296463618399181,0.769982780741,0.859378427399609,-5.97007995951497,"CBR4"
"8112822",0.0259345000000007,6.89665944444444,0.293073482988376,0.772534648428216,0.860678093777037,-5.97106389537303,"DMGDH"
"7989735",-0.0407592499999986,8.86755777777778,-0.288670165858801,0.775853130001618,0.862729817982362,-5.9723251514632,"CLPX"
"7948656",-0.0270649999999997,11.2954111111111,-0.287664897991444,0.776611353703026,0.863151375156852,-5.97261044048088,"FTH1"
"8118028",0.0266940000000006,8.224555,0.283651940144198,0.779640408029813,0.865499389460258,-5.97373946469239,"VARS2"
"7903119",0.0346292500000011,8.97375277777778,0.279713385792698,0.782616812266221,0.867527531727424,-5.97483226572437,"ABCD3"
"8060705",0.0293640000000008,8.68999166666667,0.276276515531937,0.785216896156041,0.869194381359963,-5.97577348811338,"MAVS"
"8058591",0.0492250000000007,6.67600277777778,0.272028662203242,0.788434079872128,0.871509795090205,-5.97692085793873,"ACADL"
"7901549",0.0349372500000017,7.44199166666667,0.268623419682225,0.791015912817819,0.873001552837087,-5.9778278971044,"CPT2"
"8098705",-0.0222704999999994,8.847805,-0.267550659314773,0.791829786602612,0.873481033852562,-5.97811129510312,"MTRF1L"
"7909801",-0.0415584999999993,7.66302555555556,-0.26614782316465,0.792894448758472,0.874002928470581,-5.97848019333641,"LYPLAL1"
"7975705",-0.0193557499999983,8.53458944444444,-0.265047451949777,0.793729850970728,0.874329795376299,-5.97876820667824,"ISCA2"
"8026090",0.0254722500000009,8.16829,0.264410018809169,0.794213907214164,0.874617689790648,-5.97893450797566,"GCDH"
"7990818",-0.0534649999999991,6.50018777777778,-0.26026756283128,0.797361693362143,0.876576608025597,-5.98000555753509,"BCL2A1"
"8029065",0.0261900000000024,9.12566,0.25871683726307,0.798540982524259,0.877375610758474,-5.98040218527975,"BCKDHA"
"8047223",-0.0345169999999991,7.69455611111111,-0.258315943027989,0.798845933593167,0.877570869378148,-5.98050433884186,"HSPE1"
"7959157",-0.0242834999999982,10.1465183333333,-0.256109330259494,0.800525044194125,0.878545893095971,-5.98106379966941,"GATC"
"7940891",0.0202520000000019,8.11337888888889,0.252775178079537,0.8030640334241,0.8802008993358,-5.98190009349386,"DNAJC4"
"8107532",-0.0363892500000003,9.60656,-0.251162659231214,0.804292788335611,0.880880763542228,-5.98230065133318,"HSD17B4"
"7938111",0.0226707500000006,9.59454388888889,0.250102361247675,0.805101029944933,0.881575183965352,-5.98256264721157,"TIMM10B"
"8072931",0.0225919999999996,7.73566388888889,0.248286237402367,0.806485942026302,0.882412014052635,-5.98300884705956,"GCAT"
"8014454",0.0176267500000012,7.68728111111111,0.244176021997787,0.809622656767244,0.884257869306942,-5.98400674819755,"MYO19"
"8000603",0.0189202500000012,9.18926,0.241291587106764,0.811825889431099,0.885379201660286,-5.98469716424138,"TUFM"
"8126653",0.0194727500000003,8.46596055555556,0.239559206294214,0.813149916387811,0.88618186802238,-5.98510790669913,"MRPL14"
"7959002",0.0290625000000021,7.85244666666667,0.232089685641298,0.818865279364624,0.889961719718115,-5.98684522022994,"SDSL"
"8148850",-0.0180067499999991,7.77506,-0.227238236975603,0.82258299053826,0.892458319842048,-5.98794429682365,"ADCK5"
"8002272",-0.014948500000001,8.66028222222222,-0.224742003108583,0.82449755838052,0.893736287021531,-5.98850081263835,"PDF"
"7913682",-0.0231867499999994,7.69581777777778,-0.222596744129695,0.826143834794964,0.894661689833268,-5.9889741964159,"HMGCL"
"8008388",-0.0231239999999997,9.18293666666667,-0.216562599597615,0.830778845883756,0.896779620815197,-5.99028150175496,"SPATA20"
"8096753",-0.0259267500000008,8.723045,-0.213503407492921,0.833131142714969,0.898367685262786,-5.99093062519491,"HADH"
"7935027",-0.0280417499999999,8.925105,-0.212316676473056,0.83404408776073,0.899150618084861,-5.99117996125321,"IDE"
"8042696",0.0172562499999999,8.27728444444444,0.207162366476766,0.83801204973286,0.901702007149914,-5.99224684857853,"SPR"
"8088664",0.0363580000000012,7.70782111111111,0.202120482217732,0.841897763970628,0.904470191712617,-5.99326521351682,"SUCLG2"
"8052934",0.0157400000000007,6.73173555555556,0.200493742406065,0.843152362309567,0.905289005955951,-5.99358845413549,"MCEE"
"8023261",-0.0382689999999996,8.16755555555556,-0.198681101632358,0.844550839343023,0.906164705236511,-5.99394557045983,"ACAA2"
"8170704",-0.0187137499999984,7.33184777777778,-0.192725370218425,0.849149461937449,0.909136001097467,-5.99509619471,"ABCD1"
"8025028",0.0118367500000005,8.77082777777778,0.19038327987399,0.8509593960978,0.910151904522913,-5.9955391232533,"CLPP"
"7924669",0.0171310000000022,8.80616777777778,0.188488399522063,0.852424352814394,0.910867433964,-5.99589352906924,"PYCR2"
"8005638",-0.0240597499999999,8.96669777777778,-0.187088206209879,0.85350721350226,0.911601517839021,-5.99615314297035,"ALDH3A2"
"8128013",-0.0219297499999987,8.27560944444444,-0.179881047090543,0.859085640447303,0.915564272636234,-5.99745892949951,"RARS2"
"8060736",-0.0351922499999987,6.916755,-0.171476284592425,0.865600595611367,0.919231508179092,-5.99891713308708,"PANK2"
"7905831",-0.0151732499999995,7.72948333333333,-0.169544521830245,0.867099412731687,0.920051731186992,-5.99924246038099,"FLAD1"
"8010673",0.0103887500000011,7.74113722222222,0.162660579428738,0.87244467918208,0.923388127232222,-6.00037190184494,"SLC25A10"
"8087405",-0.0114804999999985,9.28520055555556,-0.162447430599322,0.872610287333072,0.923478022089821,-6.00040612801597,"GPX1"
"8059111",0.012960250000001,7.92127611111111,0.160628852960554,0.874023493645258,0.924452075111101,-6.00069632459203,"ABCB6"
"7978956",0.0145610000000012,7.77871055555556,0.15924655339947,0.875097960851095,0.924814701572949,-6.00091472346613,"L2HGDH"
"8162264",0.0184499999999999,9.222675,0.158796777279992,0.875447627332772,0.925037434859714,-6.00098538074197,"AUH"
"8029521",-0.0140347500000002,8.23431833333333,-0.152259372509026,0.880532881201235,0.928054676669964,-6.00198986647037,"TOMM40"
"8090314",0.0258975,8.936275,0.151967532348182,0.880760020625754,0.928210160738928,-6.00203372631057,"ALDH1L1"
"7993756",-0.0179529999999997,5.08212888888889,-0.151850055285187,0.880851456101286,0.928210160738928,-6.0020513579142,"ACSM3"
"7997863",0.0114360000000009,7.78727666666667,0.151459951690886,0.881155096222308,0.928309219818025,-6.00210980923254,"ACSF3"
"7921121",-0.0150597499999997,8.61223777777778,-0.151447606407132,0.881164705576133,0.928309219818025,-6.00211165654446,"MRPL24"
"7950307",-0.0519669999999998,8.86368055555556,-0.150507498929171,0.881896524145679,0.928896040285736,-6.00225189020974,"UCP2"
"8037322",0.0110697499999991,8.29026888888889,0.137111330980926,0.892336147427772,0.935886093122584,-6.00415550286642,"ETHE1"
"8056753",0.0104557500000008,7.57771,0.136964162757497,0.89245095093186,0.935950815717073,-6.00417543300783,"METTL8"
"7978260",0.0136637500000022,7.93944777777778,0.133874636681914,0.894861596173914,0.937400319883056,-6.00458889834944,"DHRS1"
"8169624",0.0116617499999999,7.41718,0.116645841339798,0.908323136712331,0.946004096623171,-6.00672191706558,"SLC25A43"
"7916570",-0.0160915000000006,7.60649722222222,-0.113947974599061,0.910433767379446,0.947275581289714,-6.00702940092722,"OMA1"
"8170360",0.0086425000000002,13.3393111111111,0.11230241472046,0.911721479088982,0.948082138951462,-6.00721342253144,"FTH1"
"7937763",-0.0104054999999997,8.96958333333333,-0.109067867647629,0.914253357346951,0.949508910346524,-6.00756734757162,"MRPL23"
"8143863",0.00628425000000058,8.68119,0.101992875811816,0.919794619700867,0.953024690446221,-6.00830548580225,"FASTK"
"8118023",-0.0118150000000001,8.17239888888889,-0.100266334261252,0.921147527183976,0.953818224296471,-6.0084781137665,"VARS2"
"7935639",-0.00876374999999956,9.195885,-0.0983713120441962,0.922632738126022,0.954747250563513,-6.00866419824432,"SLC25A28"
"8050908",-0.0171162500000003,9.54940277777778,-0.0863217119576162,0.93208310336296,0.960764359120716,-6.00976443916459,"HADHA"
"7924853",0.0059945000000012,8.31827722222222,0.0806411335037102,0.936541987456397,0.963099877572883,-6.01023337577034,"MRPL55"
"8017621",-0.00720549999999947,6.72768055555555,-0.0792121732815297,0.937663971892178,0.963614440959921,-6.010346318231,"POLG2"
"8027205",-0.00744425000000037,8.92511444444444,-0.0791768087398573,0.93769174096253,0.963614440959921,-6.01034908779379,"NDUFA13"
"8109576",0.00669500000000039,7.10235555555556,0.0789652536351403,0.937857860713823,0.963614440959921,-6.01036562985327,"THG1L"
"7991258",0.00579324999999963,7.99079777777778,0.078073605409088,0.938558043013777,0.964006636998881,-6.01043486416484,"POLG"
"8073596",-0.00903824999999934,5.58447,-0.0761741273691051,0.940049811232499,0.96482456582851,-6.01057973428517,"SERHL2"
"8166817",-0.00652649999999785,6.79615833333333,-0.0701161718339457,0.944808956007839,0.967824594913017,-6.0110179431285,"MPC1L"
"7980098",-0.0117312499999986,10.6931761111111,-0.066380119955974,0.947745078146453,0.969495172566588,-6.01127011090408,"ALDH6A1"
"8172204",-0.0192699999999996,9.87131555555556,-0.0651753628925798,0.948692048692501,0.970098471005623,-6.01134848491599,"MAOB"
"7978335",-0.00484800000000047,8.37792333333333,-0.0562592400995296,0.955702687439183,0.97389540577391,-6.01188390744577,"SDR39U1"
"8092328",0.0058785000000008,8.73878666666667,0.0545967623194633,0.957010299763844,0.974516606978394,-6.01197504723228,"MCCC1"
"7998585",-0.00380274999999858,8.88415888888889,-0.0516502848024327,0.959328138667178,0.975790150024999,-6.01212986427034,"MRPS34"
"8101701",0.00872299999999994,8.96568388888889,0.0482828365320189,0.961977585760705,0.977459410740288,-6.01229628856605,"PPM1K"
"8040639",-0.00838424999999786,10.2095666666667,-0.0438556810986381,0.965461474896709,0.979463475507624,-6.01249802346245,"HADHB"
"7932069",-0.00547625000000032,8.18232111111111,-0.0419274617204233,0.966979087063149,0.980436409789668,-6.01257982851596,"NUDT5"
"8039511",-0.00342324999999943,8.71072055555556,-0.0364974398174338,0.971253479280492,0.983092993056983,-6.01279044104707,"ISOC2"
"8006668",0.00255550000000196,7.62210277777778,0.0348835774724734,0.97252405332515,0.983909462614453,-6.01284741602773,"MRM1"
"8113773",-0.007429749999999,9.82003388888889,-0.0317030901804001,0.975028228721635,0.985236554131594,-6.01295215775477,"ALDH7A1"
"8038202",0.00338124999999996,7.79153277777778,0.0301501868832896,0.976251014327066,0.985873772414422,-6.01299966386884,"BCAT2"
"8160024",-0.00296049999999855,9.01217722222222,-0.0289564756058388,0.977191006359878,0.986374297109918,-6.01303456022346,"GLDC"
"7968734",0.00213975000000075,7.139675,0.0213800167124446,0.983157852454178,0.990022361921293,-6.01322318503871,"SLC25A15"
"8146649",0.00278575000000228,7.81801111111111,0.021225885915406,0.983279250044291,0.990058640682354,-6.01322643301862,"MTFR1"
"8092409",0.00157800000000099,8.59754833333333,0.0201225002564127,0.984148318478623,0.990595941201933,-6.01324899829454,"PARL"
"8013500",-0.00118250000000012,8.02176944444444,-0.0159791337592392,0.987411963148644,0.992692020526742,-6.01332298219767,"TMEM11"
"8158214",-0.000909750000000121,8.28509166666666,-0.0138215897393184,0.989111509875732,0.993785499316066,-6.01335478358031,"COQ4"
"7926170",0.00139275000000195,8.594735,0.0120957705781566,0.990471015803919,0.994503148580396,-6.0133769067248,"DHTKD1"
"8146687",0.00216650000000112,8.81883888888889,0.00989192579567608,0.992207126953044,0.995405866410229,-6.01340087421876,"ADHFE1"
"8099541",0.00057100000000159,10.0956227777778,0.0031452326635066,0.997522143116449,0.998601809907952,-6.0134443790398,"QDPR"
"7991989",-1.22500000005715e-05,8.94669055555556,-0.000187244830699511,0.999852485732126,0.999915613520759,-6.01344925464169,"RHOT2"
"7939298",-4.32500000004583e-05,9.05342777777778,-0.000183351294270056,0.999855553118108,0.999915613520759,-6.01344925535538,"CAT"
