"ID","logFC","AveExpr","t","P.Value","adj.P.Val","B","GeneSymbol"
"225291_at",0.714040115550695,8.91378385205923,4.30132345074028,0.000218086758827743,0.128617199589907,0.597702701534496,"PNPT1"
"224873_s_at",-0.605289709879718,6.19449117160491,-4.28718936865044,0.000226291121364263,0.128617199589907,0.566360988474759,"MRPS25"
"224995_at",0.632536669081736,9.23353185266594,4.18409747011967,0.000296147127598243,0.133109518812106,0.337921426675559,"SPIRE1"
"222481_at",-0.52677212382046,7.65176853422384,-3.79238217022707,0.00081699420177681,0.169379736840125,-0.524814613835617,"TIMM10B"
"218549_s_at",-0.563365014844794,7.41183751081223,-3.64988814712774,0.00117689523973227,0.184068425546109,-0.835170473792314,"RMDN1"
"218375_at",0.523748943852216,7.71490526349504,3.62476153000959,0.0012547674928727,0.184850414670619,-0.88963010792025,"NUDT9"
"231156_at",1.55841831563078,3.4883626988433,3.59028947904428,0.00136984337227451,0.187040986973714,-0.964201000132835,"HAO2"
"232280_at",1.03074275436148,5.78231977605477,3.56203213938086,0.00147179943421788,0.190694511126936,-1.02519835932609,"SLC25A29"
"1558346_at",0.676799412254554,5.0509855170746,3.55426264369744,0.00150110616195732,0.191061886676686,-1.04194871863946,"COX17"
"238530_at",0.474216676730681,6.18743997257441,3.54220010928676,0.00154773683622997,0.192821030895275,-1.06793600355542,"NNT"
"221020_s_at",-0.584875181183869,7.5019621360887,-3.51364324100485,0.00166382686731979,0.197484780329657,-1.12936669708154,"SLC25A32"
"37278_at",0.631784273970596,6.66419109199627,3.49797516195836,0.00173107870622068,0.198711228401469,-1.16301526718328,"TAZ"
"235822_at",0.560105965452551,6.04096127660207,3.4781427783229,0.00182000636974101,0.204491096527633,-1.20554838715387,"COQ9"
"212833_at",-0.643180097716218,7.92630520500044,-3.47768385361939,0.00182211588643497,0.204491096527633,-1.20653182280845,"SLC25A46"
"213758_at",-0.570545383634885,7.43569368563117,-3.44862922975736,0.0019606201179201,0.20800188196325,-1.26871925978068,"COX4I1"
"213195_at",-0.646645466019251,6.70923050076779,-3.39693968365968,0.002232712233928,0.212240887684721,-1.37898061076893,"LYRM9"
"226154_at",-0.567031499643438,9.87546631876609,-3.36302591039045,0.00243076672192622,0.214644181678249,-1.45105183153358,"DNM1L"
"221927_s_at",-0.477597604753844,6.94559256086163,-3.35409573082728,0.00248568628713142,0.214644181678249,-1.46999245781668,"ABHD11"
"1561297_at",1.69799315960533,1.58825729059027,3.35053972487111,0.00250788812855122,0.214885321451604,-1.47753024075396,"WARS2"
"225606_at",0.558515703814694,6.68604018290464,3.32601122578355,0.00266634413740887,0.222473856921314,-1.5294549905369,"BCL2L11"
"208955_at",0.445243643913082,6.179108970488,3.29431550769294,0.0028854920822708,0.228585956614169,-1.59636925033187,"DUT"
"214306_at",-0.666456890329435,7.04681536792896,-3.28578209345795,0.00294740537960002,0.229835361063812,-1.61434843887092,"OPA1"
"235537_at",1.13885203094759,4.93368992077636,3.26340945006782,0.00311587894137498,0.234898934427375,-1.66141135622042,"OCIAD1"
"1555764_s_at",-0.502721671604488,8.22996190581629,-3.24257023458809,0.00328113708892386,0.238127804457872,-1.70514989249909,"TIMM10"
"225161_at",-0.512487781661217,7.55584795562643,-3.24013677645987,0.00330097708706454,0.238127804457872,-1.71025106617927,"GFM1"
"222403_at",-0.587921982529444,7.80664041305788,-3.22078589559446,0.00346291320031182,0.239590081193185,-1.75076798665529,"MTCH2"
"209273_s_at",-0.59836156996857,8.27517561682307,-3.21456970739778,0.00351653775600892,0.239590081193185,-1.76376531168766,"ISCA1"
"235433_at",-0.539481233337286,7.53085923768356,-3.21115367441408,0.00354634605985715,0.239590081193185,-1.77090404399747,"APOOL"
"218357_s_at",-0.462684233542795,9.3377914644914,-3.20516433630246,0.00359919719757749,0.240765016475387,-1.78341386759797,"TIMM8B"
"213647_at",0.757400488888942,5.8789699413054,3.20375028585725,0.0036117852611174,0.24130990382949,-1.7863661511954,"DNA2"
"203977_at",1.61183691922873,4.37284531109217,3.13747206162124,0.00425172574628226,0.251806385426273,-1.92420776239338,"TAZ"
"1569029_at",-1.55607830123949,2.92124291417089,-3.13597024468547,0.00426741874370077,0.251806385426273,-1.92731872099295,"METAP1D"
"209095_at",-0.679290496360068,9.05968795163997,-3.12932415483719,0.00433753584008098,0.253886068708533,-1.94107907354557,"DLD"
"212213_x_at",-0.571231677392347,8.71063946120707,-3.1222289907304,0.00441361035634109,0.255772264625136,-1.95575694401063,"OPA1"
"229676_at",-1.29937506585742,5.72841081966504,-3.12146989866831,0.0044218247415411,0.255772264625136,-1.95732653536537,"MTPAP"
"209018_s_at",-0.4354419489599,9.27218928603002,-3.12096021469241,0.00442734842637572,0.255772264625136,-1.95838033817616,"PINK1"
"228733_at",-0.87530513426173,5.50418748191294,-3.10074639371576,0.00465182921160348,0.26171067102438,-2.00012018898165,"PUSL1"
"218664_at",-0.612433978191154,6.45964037611827,-3.08056881277223,0.00488676271509642,0.264731172768356,-2.04167981759113,"MECR"
"220526_s_at",-0.448280118951059,9.39819897149108,-3.06994830252715,0.00501494221288548,0.265031088776348,-2.06351182241927,"MRPL20"
"226855_at",0.423123828107438,7.30185611879734,3.04706404590427,0.00530215550524725,0.267944665678925,-2.11045125549722,"PDP2"
"223698_at",-0.600985891409587,5.00338112890834,-3.04058411851289,0.00538629882330482,0.269041772667531,-2.12371691606622,"SLC25A36"
"1556552_a_at",1.24147953519885,2.67347677501458,3.03263130446673,0.00549131278990776,0.270668900292386,-2.13998214448515,"ACSF3"
"217964_at",-0.427723758792866,8.75497490187865,-3.01546092793331,0.00572475043266615,0.274099928419027,-2.17503964918121,"TTC19"
"236007_at",0.558570012051962,6.95761126552619,3.00517521481594,0.00586909415599229,0.276146519328518,-2.19600097140104,"AKAP10"
"1554574_a_at",-0.530630208857144,8.77273518219217,-2.96461764248176,0.00647280448128555,0.286309037009012,-2.27835936780605,"CYB5R3"
"229954_at",0.726653631487876,6.30490602783455,2.96390771120585,0.00648388120802767,0.286309037009012,-2.27979674884384,"CHDH"
"210153_s_at",-0.567254251956665,7.59617049106516,-2.9602942192715,0.00654054111974717,0.287434557073161,-2.28711060726388,"ME2"
"224015_s_at",-0.546799169332757,6.0260766571273,-2.95584489808562,0.00661095454060744,0.28912546597159,-2.29611093976868,"MRPS25"
"209531_at",-1.15419942187573,5.48928448724663,-2.95491828898074,0.00662570923813376,0.289142430434844,-2.29798460082843,"GSTZ1"
"201709_s_at",-0.542816579028487,8.27728328126656,-2.94773958412051,0.00674108464144619,0.290257373674106,-2.31249177046717,"NIPSNAP1"
"218271_s_at",-0.507819282955094,8.01572935810279,-2.94535044128445,0.0067799048297373,0.290434440490276,-2.31731650215981,"PARL"
"227978_s_at",0.542989816648117,6.00205472705608,2.94274914350528,0.00682241403256777,0.29121460374495,-2.32256773296079,"ZADH2"
"229131_at",0.446077737285426,5.90149093197814,2.9415465834848,0.0068421512870329,0.29121460374495,-2.32499465357491,"EXD2"
"218557_at",-0.6082903941595,6.97639853267373,-2.93853452067112,0.00689182599808913,0.29121460374495,-2.33107148373992,"NIT2"
"226271_at",-0.689047815039516,7.4340883410861,-2.92758215695362,0.00707535751108465,0.29121460374495,-2.3531448675557,"GDAP1"
"226702_at",-0.628729499072421,6.96498699830003,-2.92694895740532,0.00708610901968718,0.29121460374495,-2.35441991015812,"CMPK2"
"244687_at",0.384184533169368,6.72360270289806,2.92359387029077,0.00714333681258472,0.29121460374495,-2.36117385484315,"DBT"
"226269_at",-0.642818463459401,9.24640020899047,-2.91989824359688,0.00720688140743489,0.29121460374495,-2.36860936306592,"GDAP1"
"220061_at",-0.605058148251671,6.50241266268453,-2.9198339312882,0.00720799196775684,0.29121460374495,-2.36873872100958,"ACSM5"
"221550_at",-0.586420703728838,5.45310928657837,-2.91848735389731,0.00723128236219964,0.29121460374495,-2.37144694062651,"COX15"
"232296_s_at",-0.598296286382906,5.98620838143607,-2.91290855565056,0.00732853699072465,0.291296965530215,-2.38266104846628,"GFM1"
"227808_at",-0.783752365676068,8.27958331439299,-2.91213946789585,0.00734204145421013,0.291313462975195,-2.38420626720736,"DNAJC15"
"242317_at",-0.57223198565617,6.94223860876904,-2.91040630338845,0.00737256089160132,0.291349819197793,-2.38768780294856,"HIGD1A"
"223349_s_at",0.695925957680244,9.26657268486751,2.89447719158999,0.00765875468779171,0.294223985435641,-2.4196423925543,"BOK"
"236298_at",0.795628512294145,4.56265179231514,2.8712640006117,0.0080947515025993,0.298643133212219,-2.4660674293661,"PDSS1"
"226200_at",0.448933852340586,7.70101367126627,2.85964392469953,0.00832173947611595,0.298643133212219,-2.48924284525818,"VARS2"
"235850_at",-0.671257176850173,7.70786976836756,-2.8535382484169,0.00844341142983278,0.298643133212219,-2.50140285779321,"FAM162A"
"202785_at",-0.457266231470796,7.6700954846905,-2.85127244010254,0.00848899071541047,0.298643133212219,-2.5059123689873,"NDUFA7"
"206930_at",1.20579860269825,3.66353447468342,2.83674661090955,0.00878677216953956,0.301122959435363,-2.53478280266294,"GLYAT"
"226782_at",0.54340223140052,6.19661967370159,2.8335159839702,0.00885433051646554,0.301966038153639,-2.5411944080582,"SLC25A30"
"1552800_at",1.09435031466766,3.49956685855139,2.82088441880089,0.00912322326913473,0.303835218597707,-2.56623051061947,"ABHD11"
"235205_at",1.07751247353603,6.11489664912084,2.8057825898143,0.00945482951802314,0.30705076696775,-2.59609338115361,"OXR1"
"1560599_a_at",-1.119334860048,4.06452447979793,-2.80227974030207,0.00953335498155933,0.30705076696775,-2.60300915114841,"CEP89"
"212773_s_at",-0.460063278317071,9.27761920051533,-2.79652850585664,0.0096636204753915,0.308357162493746,-2.61435502123146,"TOMM20"
"223100_s_at",0.444867626598052,7.3933985239542,2.77045930678232,0.0102754281140229,0.311497250885921,-2.66564282387205,"NUDT5"
"1553118_at",-0.453566227284577,6.26007560477531,-2.76872932891669,0.0103172938317932,0.311922573176605,-2.66903809969357,"THEM4"
"209036_s_at",-0.480911657085388,9.44457725128902,-2.76172020062639,0.010488565823495,0.313140243481495,-2.68278371776512,"MDH2"
"209674_at",0.499044206880398,8.30224264108672,2.74952410965906,0.0107929834054295,0.315124310509497,-2.70666080878941,"CRY1"
"214096_s_at",0.504345836647593,7.86023689591377,2.74895440546091,0.0108074047143526,0.315124310509497,-2.70777488624627,"SHMT2"
"203032_s_at",-0.824105198330382,5.49666626693575,-2.74325939283291,0.0109525664373976,0.315253130799239,-2.7189054322152,"FH"
"203682_s_at",-0.596855725251365,6.8297548910623,-2.73738704281407,0.0111041678163772,0.316207589932678,-2.73037061668461,"IVD"
"1559591_s_at",0.557488438530269,7.56400033398052,2.73521337250944,0.0111607823378036,0.316515130143243,-2.73461140429916,"CHDH"
"1554878_a_at",-0.546481620445282,5.84512884324444,-2.72210337317039,0.0115080352369288,0.319692986911796,-2.76015316588315,"ABCD3"
"223476_s_at",0.461720324946955,5.753887054041,2.72170428316097,0.0115187637561933,0.319692986911796,-2.76092973784546,"C12orf65"
"200028_s_at",0.376900889494192,10.1503283944978,2.71744917744475,0.0116337371007337,0.320033051140595,-2.76920601613491,"STARD7"
"1559739_at",0.804883481065492,5.555427348142,2.71285054879674,0.0117592039250038,0.320712246150032,-2.77814314367452,"CHPT1"
"223481_s_at",0.935330575592085,4.42009019311265,2.70948241995092,0.0118519032657815,0.320842314724354,-2.7846840439287,"MRPL47"
"209448_at",0.579000302441536,8.15620623295535,2.70738817791127,0.0119098874868124,0.320842314724354,-2.78874899251556,"HTATIP2"
"220221_at",0.558363297617176,5.9009145979532,2.70393929128284,0.0120059590600357,0.321092902128517,-2.79543986221518,"VPS13D"
"224869_s_at",-0.526433049202276,7.48538229457878,-2.68890023444892,0.0124334455693783,0.323758339615288,-2.82456517664828,"MRPS25"
"225314_at",-0.82121579914922,6.87138293053079,-2.68628973829806,0.0125090876708958,0.323857992466975,-2.82961235387204,"OCIAD2"
"216234_s_at",-1.19917584914636,3.9974080018337,-2.68620365127602,0.012511589473146,0.323857992466975,-2.82977875332132,"PRKACA"
"224247_s_at",-0.459767474885085,6.91015260026925,-2.68616327115523,0.0125127631342408,0.323857992466975,-2.82985680398308,"MRPS10"
"208817_at",0.399028121496923,8.36640004446422,2.68599597697939,0.0125176266924463,0.323857992466975,-2.8301801602023,"COMT"
"217955_at",-0.379565642348359,7.98052817595133,-2.68502828248521,0.0125457941909685,0.323857992466975,-2.83205037617672,"BCL2L13"
"218385_at",-0.443504837649257,6.23268712645333,-2.68497508948684,0.0125473442457571,0.323857992466975,-2.83215316970128,"MRPS18A"
"238773_at",0.501911937975376,6.03274151405537,2.66767535529483,0.0130610933609219,0.32758420739506,-2.86552879214559,"METTL15"
"221533_at",-0.701042196590254,5.41525951670802,-2.66628980772677,0.0131030807336718,0.327625657358271,-2.86819706150237,"FAM162A"
"222957_at",-0.884188105864804,4.81520958569333,-2.65034583667364,0.0135954227431961,0.330051648734092,-2.89885000601116,"NEU4"
"230556_at",-1.09089765439118,4.04815363741454,-2.64962060758835,0.0136182238096724,0.330269857077377,-2.90024201479911,"IMMP1L"
"208717_at",-0.487718128914041,7.52491228984901,-2.63938628685762,0.0139438254354444,0.331600285016428,-2.91986458759547,"OXA1L"
"213289_at",-0.466636662380805,6.7221935766101,-2.62490299907519,0.0144170551504206,0.335827988209743,-2.94756561824425,"APOOL"
"232516_x_at",0.642715036988481,6.48189468854499,2.62432621902443,0.01443620798816,0.335827988209743,-2.94866711408711,"DAP3"
"224173_s_at",-0.579623527049375,5.71103118798761,-2.6229795037692,0.0144810201943842,0.335827988209743,-2.95123848189498,"MRPL30"
"1560705_at",1.85562783240424,3.54015923443971,2.62098745939448,0.0145475440158926,0.335827988209743,-2.95504073555015,"SLC25A28"
"201383_s_at",-0.527215427252065,7.82551193952299,-2.61989918459719,0.0145840070625027,0.335847558329642,-2.95711730013734,"NBR1"
"206527_at",-0.484732595793376,6.09992715462838,-2.61955615066335,0.0145955182112022,0.335847558329642,-2.9577717570572,"ABAT"
"223180_s_at",0.339008075894481,8.93824858261865,2.61389575562064,0.0147866920110229,0.337472074224681,-2.96856436449429,"TIMM21"
"203785_s_at",-1.23228601496027,3.87921389800517,-2.59185198171248,0.0155536782584922,0.341935466284306,-3.01047607014131,"DDX28"
"223764_x_at",-0.747494887795387,5.54029996904703,-2.59020586877178,0.015612415429423,0.342472032112811,-3.01359817007865,"NIPSNAP3B"
"225255_at",0.413542680484935,6.81823638801297,2.57783718657658,0.0160604115380748,0.34582731159342,-3.0370229511412,"MRPL35"
"221279_at",-0.753086852995026,5.69006688686259,-2.57559529572947,0.016142883359664,0.346179406936676,-3.04126231762117,"GDAP1"
"224333_s_at",0.315346378246071,8.29782611593029,2.57553525803673,0.0161450973584919,0.346179406936676,-3.04137582005261,"MRPS5"
"201885_s_at",-0.466188553137676,10.3347676600897,-2.57520821642047,0.0161571625739039,0.346203059837992,-3.04199407338652,"CYB5R3"
"214136_at",0.90076854326401,4.33639197445286,2.57364623003299,0.0162149031691658,0.34653797652313,-3.04494633025172,"NUDT13"
"222466_s_at",-0.496132412426957,7.08306017874482,-2.57000657397539,0.0163501928639094,0.346852941568121,-3.05182173890571,"MRPL42"
"1559590_at",0.910890361766514,4.62745099984803,2.56463252719848,0.0165518723266429,0.347341023992882,-3.06196376193598,"CHDH"
"1562392_at",1.0139401965677,4.19771477319425,2.55968606240244,0.01673954741323,0.348508522955856,-3.07128858994214,"MRPL23"
"229165_at",0.679063009636795,2.21497427122844,2.55419277892509,0.0169502864805204,0.350192301883057,-3.0816326928489,"MRPL12"
"209343_at",0.524096449176511,11.3935055063819,2.55404962229383,0.0169558112219235,0.350192301883057,-3.08190210024687,"EFHD1"
"243417_at",0.624418806670087,5.53307364859669,2.54759383307221,0.0172067007305305,0.35215605083786,-3.09404265887468,"ZADH2"
"234483_at",1.52395053521185,2.17590274821924,2.54601378325787,0.0172686287727837,0.352365656528949,-3.09701147398234,"ACSS1"
"241995_at",-1.26389657356965,3.28252663738523,-2.542390819173,0.0174114084057642,0.35302459193143,-3.10381495994609,"DGUOK"
"1557179_s_at",1.50972538154537,2.89226422658737,2.54119132809315,0.0174589208729661,0.353187718789273,-3.1060662789161,"CARS2"
"201489_at",-0.386885535974429,8.93880003022292,-2.53759512471717,0.0176020906308814,0.353769146505768,-3.11281245228851,"PPIF"
"221104_s_at",-0.613875448690412,5.26516165078958,-2.51443825327191,0.0185503996172427,0.359223032588018,-3.15612540290795,"NIPSNAP3B"
"211207_s_at",-0.742685437116471,6.59490918393408,-2.50725911543764,0.018853875449099,0.361036801307671,-3.16950823654887,"ACSL6"
"89977_at",-0.609759113505471,6.24349503760917,-2.50672284719238,0.0188767280786571,0.361036801307671,-3.17050704586871,"ACSM5"
"226737_at",0.537763775869138,6.08142561483347,2.50456209436829,0.0189690668834729,0.361784331101292,-3.17453026823412,"SLC25A42"
"223191_at",-0.284007018945412,8.9677819181956,-2.50268871714363,0.0190494630836588,0.362389878139219,-3.17801682808552,"COX16"
"224850_at",-0.383101200662308,9.00116271293278,-2.50226865676021,0.0190675332619369,0.362389878139219,-3.17879840447294,"ATAD1"
"1555201_a_at",-0.37314031090234,6.12113004890949,-2.49955534006645,0.0191846376094503,0.362640475399005,-3.18384509533838,"RMND1"
"201304_at",-0.551632529105099,10.2113035399143,-2.4969195894001,0.0192990312666328,0.363754204249408,-3.18874455341614,"NDUFA5"
"201570_at",-0.35363380958762,7.73497978884584,-2.49474591525289,0.0193938449494107,0.364019819394795,-3.19278288159523,"SAMM50"
"216591_s_at",-0.46565779953592,7.13652462471431,-2.49454630046687,0.0194025735335936,0.364019819394795,-3.19315363313783,"SDHC"
"236994_at",0.390173109119577,5.89698261868156,2.48505720073165,0.0198217212139082,0.366216412550023,-3.2107586476177,"FBXL4"
"228836_at",-0.89560018665345,4.33443253435383,-2.47804459889306,0.0201368400850519,0.368921624770104,-3.22374450490249,"SLC25A35"
"218992_at",-0.661392939276132,5.661222866602,-2.46674549078913,0.020654328753121,0.371769599887402,-3.24462391439381,"PLGRKT"
"1565693_at",1.2298667162999,3.01337231853179,2.46280504139874,0.0208376662969532,0.372445000960153,-3.25189251856692,"DTYMK"
"211552_s_at",-0.836626059636719,6.55672833830445,-2.46161088679125,0.0208935226404476,0.373075069948662,-3.25409395192312,"ALDH4A1"
"212889_x_at",0.849887151096599,2.0709616003058,2.4594652660028,0.0209942308951404,0.373854819466329,-3.25804787572616,"GADD45GIP1"
"1561578_s_at",1.4730047314437,2.88588630212197,2.45900682274443,0.0210158066738984,0.373906513892176,-3.25889243177527,"SLC25A53"
"217564_s_at",-0.71073618797372,6.15961399065716,-2.45583563449698,0.021165613794021,0.374626786442428,-3.26473199015479,"CPS1"
"207727_s_at",0.424518609160415,7.31301497613867,2.4549930787441,0.0212055814642309,0.37482745654868,-3.26628277611973,"MUTYH"
"228940_at",0.476006080957388,5.29098714477032,2.44087398532722,0.0218857765485241,0.377949564613523,-3.29222414000087,"NDUFB4"
"225251_at",0.305114852409953,7.67870866830081,2.44054167361054,0.0219020253501687,0.377949564613523,-3.29283365836218,"RAB24"
"222248_s_at",1.22551193130743,3.84760806227597,2.4391651703325,0.0219694496463827,0.377949564613523,-3.29535789415821,"SIRT4"
"209224_s_at",-0.362307534051375,9.55714064713859,-2.43910992675739,0.0219721595902133,0.377949564613523,-3.29545918269125,"NDUFA2"
"212568_s_at",-0.468348887273831,7.41074757659412,-2.43524729225837,0.0221624042124975,0.378321015717926,-3.3025379700749,"DLAT"
"219827_at",0.977075207853621,4.34239326604142,2.42859426080455,0.0224936428780646,0.380565655615509,-3.31471517344816,"UCP3"
"212604_at",-0.374731662916993,7.87403208175703,-2.42279978961232,0.0227858419320819,0.380621616572067,-3.32530504685452,"MRPS31"
"204493_at",0.456385168727835,5.53990319731578,2.41900941521425,0.0229788648916117,0.380621616572067,-3.33222423789409,"BID"
"223479_s_at",-0.414286630280245,6.34603285641224,-2.41769885790728,0.0230459534825979,0.380681399347771,-3.33461513157358,"CHCHD5"
"201352_at",-0.380010735247808,9.20882174384304,-2.41762409652127,0.023049786009411,0.380681399347771,-3.33475149830637,"YME1L1"
"223996_s_at",-0.4813665338611,6.59618420537085,-2.4162335896663,0.0231211750961445,0.380954494781914,-3.33728736714278,"MRPL30"
"244761_at",0.680929834510882,4.68261851909635,2.40980648685957,0.0234537933935737,0.381849559592565,-3.34899731066076,"C5orf63"
"209512_at",-0.620909990649991,7.42977011580281,-2.40825760212992,0.0235346068486104,0.382054027137722,-3.35181656915002,"HSDL2"
"225795_at",-0.321509177501252,8.68881467385904,-2.40216175423504,0.0238551502917982,0.383428028915396,-3.36290173353539,"SMDT1"
"235557_at",0.982121151957376,5.61384420487681,2.39642239249031,0.0241606081557813,0.384099795153115,-3.37332341321716,"GPAT2"
"221896_s_at",-0.383160026830055,10.9361044051284,-2.38153646106732,0.0249696665215167,0.387002643528376,-3.40028446606769,"HIGD1A"
"233083_at",1.1218153365499,2.93989265501169,2.37811732112362,0.0251589732311243,0.387562224946515,-3.4064629532798,"MTHFD2L"
"201256_at",-0.422353243282162,9.35462475138362,-2.37717406041463,0.0252114295532508,0.387663676356216,-3.4081665172581,"COX7A2L"
"235346_at",-0.41154857534972,8.30328738210335,-2.3681530976441,0.0257181869277388,0.389717819068792,-3.42443820581695,"FUNDC1"
"218307_at",0.385670205623348,7.56098868466518,2.35614819054577,0.0264070366304707,0.393253925054631,-3.44603437326022,"RSAD1"
"212088_at",-0.318478427326318,7.44639815260492,-2.35256618574513,0.0266158207398996,0.393762993928608,-3.45246533957738,"PMPCA"
"223530_at",-0.383634780476662,6.33743218364117,-2.34992183753271,0.0267709191704893,0.394373545487519,-3.45720907261518,"TDRKH"
"220047_at",1.24818849345693,4.0053450182357,2.34338000375151,0.0271581733544417,0.395839601132822,-3.46893062364111,"SIRT4"
"203458_at",0.580658818762165,6.57908656192902,2.34174440069247,0.0272557921600843,0.39606209699076,-3.47185816188765,"SPR"
"210212_x_at",0.346535237015755,7.21630153422294,2.33762497885878,0.027503076599325,0.396638914667133,-3.47922592111517,"CMC4"
"203931_s_at",-0.335956434408928,7.19251087510945,-2.33039157458492,0.0279422533126207,0.396905678722524,-3.49214398182184,"MRPL12"
"228014_at",-0.440943752788091,5.46479247961644,-2.32328633975327,0.0283798713352561,0.39917564443544,-3.50480925070223,"PTRH1"
"239490_at",1.24662129600253,2.57482555755969,2.30372521677021,0.0296171456696535,0.402989412559,-3.5395542644422,"COA1"
"210463_x_at",0.756488180573567,6.23677270100798,2.30264993601301,0.0296865629543506,0.402989412559,-3.54145893707072,"TRMT1"
"242702_at",-0.786885565999757,4.02972155169588,-2.30112730630958,0.0297851133334561,0.403558938899144,-3.54415506654229,"MMAA"
"220801_s_at",0.962098745520957,3.4954494539366,2.29959660520177,0.0298844862582853,0.404616293724844,-3.54686437188357,"HAO2"
"221920_s_at",0.559115000594861,6.49472843665368,2.29260881136604,0.0303419772666083,0.406280617050223,-3.55921835893536,"SLC25A37"
"235533_at",0.452417171772995,6.26644126400784,2.28682827616766,0.0307252343105004,0.40701342874169,-3.56942027253291,"COX19"
"226727_at",-0.317164593677258,7.18143229559504,-2.2816186707938,0.0310744033867363,0.408198172469345,-3.57860077513575,"CISD3"
"225095_at",0.439456332381612,8.56443210468493,2.27285771897257,0.0316697374251495,0.410183310735181,-3.59400995117411,"SPTLC2"
"238440_at",-0.428251930455562,5.88261658897955,-2.26727092567298,0.0320547664855322,0.410893509117541,-3.60381680402158,"CLYBL"
"201767_s_at",-0.355657106913618,6.83834050024777,-2.26206782133102,0.0324171682446593,0.411476067567212,-3.61293645802466,"ELAC2"
"1555509_a_at",1.35516334168842,2.79177450307266,2.26184708346543,0.0324326247431273,0.411476067567212,-3.61332306012925,"SLC25A41"
"221516_s_at",-0.318316131110261,7.70730912471782,-2.2613686678123,0.0324661472939433,0.411476067567212,-3.61416087940723,"MIEF1"
"207129_at",0.877058923203604,3.62983401530984,2.26060018452502,0.0325200606574174,0.411476067567212,-3.61550644146714,"CA5B"
"228667_at",-0.507215751913876,8.15148501864072,-2.25562973145248,0.0328707308773377,0.4121589011531,-3.62420237956569,"AGPAT4"
"213282_at",-0.369816500269803,7.65606587456288,-2.25461701315213,0.0329425981688872,0.412678977707015,-3.62597267047827,"APOOL"
"200955_at",-0.452692451124801,8.7943954541466,-2.24984755371806,0.0332829802201139,0.414465466597091,-3.63430318562753,"IMMT"
"212312_at",0.408875187527299,7.73756184588405,2.24701840713818,0.0334863906662704,0.41520610838715,-3.63923938451592,"BCL2L1"
"223010_s_at",-0.393549880969094,9.71338789749973,-2.24680937792826,0.0335014640665129,0.41520610838715,-3.63960393495799,"OCIAD1"
"218654_s_at",-0.288559652034258,8.33498727466197,-2.24673289365579,0.0335069809942821,0.41520610838715,-3.63973731942082,"MRPS33"
"226606_s_at",-0.827475340779298,4.81318685491836,-2.24243185929552,0.0338185485838808,0.415352281798241,-3.64723344172979,"MTG2"
"222425_s_at",-0.421111696721031,6.68065642701298,-2.24066193878589,0.0339475220082157,0.415774818836696,-3.65031551692874,"POLDIP2"
"220329_s_at",-0.378618391835501,6.41528076858823,-2.24045732732052,0.0339624606452365,0.415774818836696,-3.65067171985343,"RMND1"
"232449_at",0.527731143661201,6.88895294332102,2.23831158855353,0.034119479350913,0.4160026864993,-3.6544059324071,"BCO2"
"220176_at",-0.405762704130504,6.2070965106957,-2.23440302332673,0.0344071857328073,0.417824617624553,-3.66120210672343,"NUBPL"
"203225_s_at",-0.460095583259468,7.71366317370548,-2.23256611422109,0.0345431558573109,0.418184890720996,-3.66439348325756,"RFK"
"1554152_a_at",-0.95229513217974,4.38669960754691,-2.2300660114825,0.0347289972803365,0.418656773346366,-3.66873436842231,"OGDH"
"205521_at",-0.387184786680796,6.45332018199818,-2.22506648091689,0.0351033442418624,0.420636102477274,-3.67740561688124,"EXOG"
"224919_at",0.612783714929308,8.52869490353621,2.21778966679449,0.0356547252657191,0.423329262328375,-3.69000427291145,"MRPS6"
"227421_at",-0.313968889778098,7.08225056667641,-2.21764688280828,0.0356656221736091,0.423329262328375,-3.69025121527075,"YBEY"
"213981_at",-0.389084682282485,5.83344987304372,-2.21584779167197,0.0358031821644807,0.423841400782699,-3.6933618338892,"COMT"
"209123_at",0.363535726872351,12.908863411836,2.21018487082625,0.0362393068687855,0.425350279356894,-3.70314236394531,"QDPR"
"218563_at",-0.322573797769582,9.84996128307445,-2.20976284576377,0.0362719999628324,0.425350279356894,-3.70387060392746,"NDUFA3"
"238118_s_at",1.18175114035453,2.53341755523706,2.20728597122547,0.0364644135922993,0.425947699438188,-3.70814284887104,"PPOX"
"243887_at",-0.483653713153732,5.66639075650438,-2.2065122745779,0.0365247059856293,0.425947699438188,-3.70947672693765,"MRPL30"
"238443_at",-0.475738206997888,4.61139657019004,-2.19914354692364,0.0371034570212744,0.428391380920807,-3.72216547001101,"TFAM"
"223743_s_at",-0.321181486380893,6.53376215264263,-2.19043677517905,0.0377979476509111,0.428742552529464,-3.73712275561874,"MRPL4"
"219200_at",-0.385759641509626,7.00668571516889,-2.18890352386845,0.0379214522679944,0.429087289166153,-3.73975271504565,"FASTKD3"
"218947_s_at",-0.319066619556569,7.40377503455706,-2.18709020986504,0.0380679851870999,0.429131645234786,-3.74286151179482,"MTPAP"
"210045_at",-0.66395347015277,7.23582421175295,-2.18314784777969,0.0383883259644804,0.430586327084321,-3.74961460718215,"IDH2"
"222653_at",-0.412717820264375,7.74377644438196,-2.17885004728755,0.0387403109277385,0.432610622821413,-3.75696748101424,"PNPO"
"204659_s_at",-0.675242292530042,4.79279375431382,-2.17824643106312,0.0387899782935787,0.432610622821413,-3.75799941610193,"GFER"
"230329_s_at",-0.325473818361483,6.61942818955182,-2.17716857552673,0.0388788100038422,0.432610622821413,-3.75984163945579,"NUDT6"
"220346_at",0.405635149848602,6.84559452943623,2.17653703976296,0.0389309431531837,0.432709427091187,-3.76092075519785,"MTHFD2L"
"238655_at",-1.01783541524537,3.80212845657836,-2.17595070767328,0.0389794010312943,0.432773490720875,-3.76192244705865,"ACAD10"
"218884_s_at",-0.370994224827623,5.47576051842388,-2.17153275160002,0.0393462743112261,0.434304191838483,-3.76946440837227,"GUF1"
"208969_at",-0.360173296969042,8.21103865858657,-2.1694412180916,0.0395210385733996,0.434995698729466,-3.77303138844149,"NDUFA9"
"203116_s_at",-0.486851374813228,7.36253929511981,-2.16635881876572,0.0397798695325326,0.435826344358636,-3.77828411028049,"FECH"
"224462_s_at",-0.416928316806856,6.77981483467209,-2.16384780651392,0.0399918455247515,0.436272655535476,-3.78255949840517,"CHCHD6"
"214437_s_at",0.462866670938917,5.95200945877957,2.16275598952482,0.0400843312468706,0.436272655535476,-3.78441746778105,"SHMT2"
"1554719_at",-1.20566525970815,3.13184208707306,-2.16262850716782,0.0400951425490858,0.436272655535476,-3.7846343670817,"NDUFA10"
"1561080_at",-1.12358880312599,1.58798032574899,-2.16217538077882,0.0401335917078268,0.436272655535476,-3.78540525103838,"TXNRD1"
"234944_s_at",-0.940897205782585,3.19179731908566,-2.16045231153255,0.0402801019703807,0.436559218102557,-3.788335660485,"MTFR2"
"229135_at",-0.548178469700685,5.32551910293883,-2.15641779050372,0.0406250324025839,0.437658050951027,-3.7951911061008,"FASTKD2"
"207421_at",-0.959843361821545,3.80023055276516,-2.15015219602951,0.0411659656464528,0.438902144735952,-3.8058207923144,"CA5A"
"204871_at",0.403952429446546,5.52777281009385,2.15004042471932,0.0411756736896163,0.438902144735952,-3.80601022838015,"MTERF1"
"229647_at",-0.475623306029884,7.68187363860406,-2.14791733194384,0.0413604680898606,0.439329080865344,-3.80960732189761,"NDUFS1"
"203722_at",-0.480892660692432,7.09739239690521,-2.14586082748046,0.0415401754448003,0.43984000970968,-3.81308935046662,"ALDH4A1"
"218561_s_at",-0.283496819634531,7.87015078299795,-2.14150978230758,0.0419227002629305,0.440626399551443,-3.82044914758802,"LYRM4"
"1559909_a_at",-0.76988708314007,2.46245679347569,-2.13515443575983,0.042487108284104,0.441677521039213,-3.83118136869332,"TIMM17B"
"200030_s_at",-0.349726424736655,10.9733417693636,-2.12948024889466,0.0429967640231853,0.44367367557207,-3.84074535595235,"SLC25A3"
"226257_x_at",-0.277459615444738,8.07013867237738,-2.12522144655313,0.043382877603369,0.443712709378195,-3.847912508614,"MRPS22"
"36830_at",-0.502165279757825,4.96605808998217,-2.12493469146407,0.0434089866643788,0.443712709378195,-3.84839474494527,"MIPEP"
"205565_s_at",-0.303987743041803,5.9723769998892,-2.12163736974203,0.0437102196032563,0.44421408193276,-3.85393672394251,"FXN"
"1554894_a_at",-0.843765292650493,5.59163338185629,-2.11889071830223,0.0439625707999065,0.444933653942486,-3.85854876050313,"PCBD2"
"203342_at",-0.350187088447822,6.89362179863947,-2.11466157322765,0.0443536746975227,0.44630130091261,-3.86564228588487,"TIMM17B"
"219146_at",0.447473229083036,6.50459374839451,2.11462104143765,0.0443574380020313,0.44630130091261,-3.86571022362647,"TEFM"
"228690_s_at",-0.325807163598381,9.93725516281526,-2.11390599473256,0.0444238757508611,0.44630130091261,-3.86690861202605,"NDUFA11"
"223473_at",-0.718767347388383,5.69936897895501,-2.10155022489032,0.0455860227941492,0.45011045769574,-3.88757325566081,"MPV17L2"
"210131_x_at",-0.292050854351956,8.17932272657617,-2.09889000353545,0.0458397571633604,0.450909802535206,-3.89201169980595,"SDHC"
"226501_at",0.368081454403917,7.07458137363594,2.09726847860075,0.0459950370390609,0.451383441327917,-3.89471526736726,"XPNPEP3"
"203327_at",0.256321301472752,6.97776351230463,2.09642393939073,0.0460760971569555,0.451436047144933,-3.89612280730203,"IDE"
"219693_at",-0.414567437528904,7.40943156478563,-2.09250444506064,0.0464539659950971,0.45285583930041,-3.90265015517455,"AGPAT4"
"242082_at",0.78411678791859,5.3991630956618,2.08795962980114,0.0468955772325374,0.454302472644367,-3.91020851471989,"MMAB"
"203984_s_at",0.278448538664731,7.36737670122477,2.08485951174949,0.047198952081157,0.455090009041547,-3.91535783537163,"CASP9"
"218275_at",-0.400722916907535,4.93437952843278,-2.08329923355046,0.0473522998411813,0.455436387496005,-3.91794750232589,"SLC25A10"
"218270_at",-0.287484324631919,8.03527151421583,-2.0813158664452,0.0475478701146134,0.456079435256794,-3.92123748579198,"MRPL24"
"235249_at",-0.816755430032351,2.62503267286483,-2.07708298233313,0.0479676611703752,0.456477268459052,-3.92825180045103,"RDH13"
"203979_at",0.672937909152046,7.44545643390343,2.07690220992015,0.0479856622648328,0.456477268459052,-3.92855114181765,"CYP27A1"
"219800_s_at",-0.698635902690881,4.31663774183515,-2.07409846823505,0.048265626039468,0.457130864913331,-3.933191587087,"THNSL1"
"235091_at",0.811116382461999,4.20213319654285,2.07369231851306,0.0483063018292154,0.457130864913331,-3.9338634467293,"PDE12"
"216958_s_at",-0.44126223775292,6.82634971648078,-2.07298548519067,0.0483771637194642,0.457397872743926,-3.93503248796824,"IVD"
"239748_x_at",0.374519630861408,10.10004520764,2.07266161032947,0.048409663899689,0.457545871533549,-3.93556805807511,"OCIAD1"
"207686_s_at",0.816557996292188,3.23336406551859,2.06908714706684,0.0487696458686505,0.458395851236089,-3.94147510920268,"CASP8"
"221620_s_at",-0.375046204436114,8.21987133707972,-2.06767728756994,0.0489122851735009,0.458970744424105,-3.9438030833207,"APOO"
"205273_s_at",-0.341077987890706,8.06733524982072,-2.06432036915592,0.0492534073882956,0.459633110078443,-3.94934168760818,"PITRM1"
"229236_s_at",-0.337102918681363,6.24482734501886,-2.06412227068368,0.0492736035934087,0.459633110078443,-3.94966833909823,"SFXN4"
"212214_at",-0.319331038116304,8.50120032972593,-2.06320734095584,0.0493669764885785,0.459688481669973,-3.95117671991325,"OPA1"
"220741_s_at",-0.282918694053919,8.3808162132789,-2.06245301891939,0.0494440768104852,0.459688481669973,-3.9524199732246,"PPA2"
"209075_s_at",-0.420657643390728,10.8430107373777,-2.06222926673828,0.049466967400182,0.459688481669973,-3.95278869560779,"ISCU"
"231102_at",-0.7518864378904,3.90944640808838,-2.0611350219959,0.0495790479143918,0.459688481669973,-3.9545915119937,"CROT"
"201600_at",-0.224949466657935,9.93375455312986,-2.0600980502723,0.0496854702199562,0.459688481669973,-3.95629936268194,"PHB2"
"1555571_at",0.866121180853053,3.22254415850849,2.05943124386622,0.0497540103408306,0.459688481669973,-3.95739725437504,"IMMP2L"
"202591_s_at",-0.312759972676066,9.04844952047956,-2.05370592222456,0.0503459721180832,0.460337747688045,-3.96681390152435,"SSBP1"
"218617_at",-0.236209423219782,7.05400905738778,-2.05276124358454,0.0504442444088362,0.460337747688045,-3.96836591636444,"TRIT1"
"204615_x_at",-0.357447846572261,9.39329624300807,-2.04873397506124,0.0508651020696954,0.461416742377284,-3.97497680835869,"IDI1"
"209513_s_at",-0.513550497134221,8.61144272224307,-2.04323047039026,0.0514452642673712,0.464032524821499,-3.98399650996248,"HSDL2"
"222993_at",-0.390586094799871,7.28748998549096,-2.03699726899764,0.0521094257764296,0.466132901022565,-3.99419186022576,"MRPL37"
"224971_at",-0.328107743263807,8.19156993019227,-2.03566442188136,0.0522524254063267,0.466369420642999,-3.99636913651904,"MRPL30"
"1559731_x_at",1.14439411338923,3.72120630975997,2.03549138556379,0.0522710157383294,0.466369420642999,-3.99665172809843,"MACROD1"
"238045_at",0.542647057056805,5.24817266469111,2.03336794263799,0.0524996273870456,0.46657499483565,-4.00011824017037,"TMEM65"
"222705_s_at",-0.872404561118544,2.47929518414541,-2.03039836686208,0.0528208188833599,0.46743070731689,-4.0049618517841,"SLC25A15"
"1561660_at",1.00224429337723,2.45805531670454,2.03027624650495,0.0528340646637089,0.46743070731689,-4.00516093452071,"SLC25A53"
"217276_x_at",0.896949998347796,4.84405839404707,2.02838406929981,0.0530396755640647,0.467855789370041,-4.00824453220619,"SERHL2"
"202090_s_at",-0.248228225380005,10.8033661851023,-2.02544343005077,0.0533606214289023,0.46861534411824,-4.0130327966278,"UQCR11"
"203775_at",-0.384980503631307,7.54544073602003,-2.02465191023037,0.0534473020116588,0.468884935309309,-4.01432080902635,"SLC25A13"
"228527_s_at",-1.08510562668326,2.77574531700355,-2.01694748773877,0.0542975516251845,0.471035378022166,-4.02683962529722,"SLC25A37"
"218568_at",-0.401846763664874,6.86504940551529,-2.01608608604647,0.0543933537542491,0.471264599531378,-4.02823723723598,"AGK"
"205133_s_at",0.401845764202326,9.59743974611784,2.01603798012132,0.0543987083298674,0.471264599531378,-4.02831527612813,"HSPE1"
"213736_at",0.342240195520151,6.4535036354125,2.01560026331264,0.0544474511252288,0.471461286500905,-4.02902529390441,"COX5B"
"200662_s_at",-0.308948445696894,10.9178686924296,-2.01344745927914,0.0546877427122901,0.47278828722683,-4.03251577737993,"TOMM20"
"224160_s_at",-0.301132225359441,7.24921885087688,-2.00576240065076,0.0555531894644805,0.476144489278502,-4.04495479102007,"ACAD9"
"204746_s_at",0.421215093692142,6.72002829538702,2.00551684218637,0.0555810410027298,0.476144489278502,-4.04535170214468,"PICK1"
"210653_s_at",-0.685640631466438,5.1805721002561,-1.9984853377551,0.0563838070680552,0.478166375069886,-4.05670268658207,"BCKDHB"
"1554599_x_at",-0.329162286520963,5.94761327559455,-1.99546518555559,0.0567317356350456,0.479292328631103,-4.06156953254975,"LIG3"
"223128_at",-0.276836599030829,7.23477080893667,-1.99275162177142,0.0570459567859829,0.480030836411673,-4.06593790839963,"FOXRED1"
"218225_at",0.322455420537621,7.33076816842461,1.99212571460967,0.0571186518892903,0.480051204289412,-4.06694491849359,"ECSIT"
"1555360_a_at",-0.323065309427995,6.6055417282291,-1.9910987888553,0.0572380995166677,0.48061459543092,-4.06859663710732,"DNAJC11"
"226179_at",0.386014200257407,7.38358327319118,1.98802593909024,0.0575968353965204,0.481370279337703,-4.0735354570569,"SLC25A37"
"200947_s_at",-0.357544024317254,10.2477025697525,-1.98774196104059,0.0576300877647821,0.481370279337703,-4.07399160763736,"GLUD1"
"236064_at",0.423231595755828,5.52541754122322,1.98644446432112,0.0577822330747747,0.481974099532496,-4.07607517639255,"SLC25A35"
"213149_at",-0.386092838665412,7.58456663937471,-1.98443837518096,0.058018164358783,0.482903869390189,-4.07929473921098,"DLAT"
"1553984_s_at",0.262244565119133,7.0846261467254,1.98303936024105,0.0581832005005176,0.483051107423707,-4.08153865179897,"DTYMK"
"1559993_at",0.521077436543396,5.67704077538798,1.97665322570551,0.0589418039055398,0.485603544734531,-4.09176730645093,"SFXN3"
"232194_at",0.315766569828493,5.86910284024081,1.97554900982803,0.0590738509689892,0.486030511501599,-4.09353355764695,"METTL4"
"203711_s_at",0.305325346541819,7.30459404870381,1.96940584096309,0.0598132362488888,0.488194645614898,-4.10334709950764,"HIBCH"
"216205_s_at",-0.492665935214591,6.4776992907162,-1.96910782363712,0.0598493111562325,0.488415697623834,-4.10382262224135,"MFN2"
"202780_at",-0.355386382881051,8.49228442037692,-1.96877698164243,0.0598893818624556,0.488449165766496,-4.10435046084666,"OXCT1"
"213683_at",-0.606858033094883,5.80641265128465,-1.96781618845551,0.0600058841959241,0.488804499859658,-4.10588299171949,"ACSL6"
"227160_s_at",-0.378303473092571,6.93059144319403,-1.96549238832953,0.0602884829993115,0.489806228267969,-4.10958741382722,"NDUFAF5"
"229241_at",-0.909220530077473,5.09742043646346,-1.9630038467466,0.0605924111016106,0.490500534458612,-4.11355100181622,"LDHD"
"217900_at",-0.252166590782342,8.52061787673978,-1.96073970467085,0.0608701005153466,0.492003859308444,-4.11715407510244,"IARS2"
"204663_at",-0.465185778723382,7.07524870858802,-1.95857318574572,0.0611368615577697,0.492851298025369,-4.12059902077622,"ME3"
"218034_at",-0.320846797567131,10.4447349207543,-1.95701130133271,0.0613298102178876,0.493132058315845,-4.12308086280137,"FIS1"
"204920_at",-0.553875136964661,7.39567515673417,-1.95688855796577,0.0613449960284231,0.493132058315845,-4.12327584276751,"CPS1"
"205412_at",-0.250604517746782,9.19476619091092,-1.95614953927487,0.0614364971402552,0.493508969486007,-4.12444960236417,"ACAT1"
"219394_at",0.271256146627784,7.42852082490662,1.94809143728148,0.0624419974642373,0.496291129910437,-4.13722746942485,"PGS1"
"225409_at",0.266601712056561,8.58946917319008,1.94529787835807,0.0627939313048204,0.497494992752403,-4.14164845427314,"COA5"
"230554_at",-0.916937704097802,1.24563815619867,-1.94395445452805,0.0629637940787967,0.497826399821264,-4.14377288984112,"ACSM2A"
"235321_at",0.646760946823999,5.33729683232858,1.94298329850127,0.0630868376219515,0.49818692978744,-4.14530798127976,"NDUFS1"
"217845_x_at",-0.235196141075091,11.4577499033294,-1.94254360892113,0.063142614606251,0.49818692978744,-4.14600281100238,"HIGD1A"
"202592_at",-0.23110610511808,8.81348361095436,-1.94041466802479,0.0634132930834533,0.498593223628511,-4.1493655243096,"BLOC1S1"
"219698_s_at",0.293259420502841,6.24049995983448,1.93806584241713,0.0637131057933796,0.499016702796643,-4.15307248014396,"METTL4"
"201821_s_at",-0.435621917865703,7.69003112084285,-1.9279645571516,0.0650166459478087,0.503001591595652,-4.16897769040131,"TIMM17A"
"203366_at",0.284848898732464,7.00670964143825,1.92684156425722,0.0651629943110746,0.503416800595783,-4.17074222716358,"POLG"
"225581_s_at",-0.344897035115649,7.00573665849897,-1.92530732538748,0.0653634012753022,0.504176261072403,-4.17315174825175,"MRPL50"
"212826_s_at",-0.334839921000089,10.074840797596,-1.92453505846872,0.0654644806428199,0.504362502842354,-4.17436406900208,"SLC25A6"
"230530_at",0.797137099963148,5.07652577577408,1.92144233478665,0.0658706456418635,0.505477385194474,-4.17921557229498,"MLYCD"
"211971_s_at",-0.332697333786321,9.09898628348576,-1.91907836872527,0.0661825849977617,0.505824715328616,-4.18292008440599,"LRPPRC"
"232353_s_at",0.260491377954779,7.40942450941447,1.91806713403284,0.0663164165700564,0.505824715328616,-4.18450375808936,"STYXL1"
"211801_x_at",-0.286119528072833,6.17890681648874,-1.9158159024814,0.0666152033363086,0.506804669421526,-4.18802719636511,"MFN1"
"203128_at",0.383829054608463,8.07051307673477,1.91479662791323,0.0667508686612858,0.507172147705095,-4.18962149412902,"SPTLC2"
"238630_at",-0.995995333716018,4.13884944415146,-1.91344465135668,0.0669311882857225,0.507594733284563,-4.19173523946859,"OPA3"
"218281_at",0.265170008490148,8.28873937612845,1.91315324821062,0.0669701097174384,0.507594733284563,-4.19219069151716,"MRPL48"
"216996_s_at",-0.259226572791663,6.83684119141662,-1.91230049339872,0.0670841218009312,0.507594733284563,-4.19352322611536,"FASTKD2"
"223664_x_at",-0.805508649021167,5.11342845396523,-1.90448127389855,0.0681374521066702,0.509842215940455,-4.20572162183449,"BCL2L13"
"215168_at",-1.03308115086285,2.29962398347719,-1.90409955142777,0.0681892408533041,0.509968771123472,-4.20631619975369,"TIMM17A"
"208846_s_at",-0.545598456236777,9.08357089427415,-1.90113211013895,0.0685930073451882,0.51101837511671,-4.21093538497032,"VDAC3"
"222770_s_at",-0.428294878606122,6.309857940622,-1.89537526376858,0.0693822532430586,0.512740892762624,-4.21988166095629,"GUF1"
"204342_at",0.468620159450364,5.92938092241867,1.89361108300528,0.0696256929042057,0.512740892762624,-4.22261928095798,"SLC25A24"
"221893_s_at",-0.255297312382209,7.02911625633964,-1.89095172358673,0.0699940619667522,0.513269096126852,-4.22674250536107,"ADCK2"
"210975_x_at",-0.584515446833752,6.24679402896712,-1.89087692162554,0.0700044478320028,0.513269096126852,-4.22685842147318,"FASTK"
"239960_x_at",-0.393900699646709,5.48316213048851,-1.890570979189,0.0700469403003364,0.513269096126852,-4.22733248725874,"LYRM7"
"229061_s_at",-0.368891901824633,6.84106048971298,-1.88887065570091,0.0702835076451338,0.51367660608073,-4.22996616175251,"SLC25A13"
"222499_at",-0.335731697819436,6.93109611114749,-1.88852174930855,0.0703321370226289,0.51367660608073,-4.23050637767879,"MRPS16"
"227012_at",-0.514884672915712,8.05565257255737,-1.88783742564086,0.0704276006189556,0.513678504338019,-4.23156571235022,"SLC25A40"
"213396_s_at",0.325739899239983,7.3835304946269,1.88771810462919,0.0704442574986911,0.513678504338019,-4.23175039282877,"AKAP10"
"1558143_a_at",0.509934038269131,5.23528050968697,1.88393050496992,0.0709747773368061,0.514989040259235,-4.23760825684075,"BCL2L11"
"210027_s_at",-0.305181837443183,8.84551320794965,-1.88317860494048,0.0710805059021029,0.515379608429088,-4.23877011369182,"APEX1"
"1555140_a_at",-0.469776294881545,5.64952787322685,-1.88200061592123,0.0712464239954258,0.515597326032086,-4.24058969226355,"BCL2L2"
"218328_at",-0.312579430817536,6.42544085487849,-1.87701998755707,0.071951659434515,0.517007974278558,-4.24827378705414,"COQ4"
"218153_at",0.289856612867054,7.1578790232064,1.87530141425534,0.0721964034249028,0.517707460832986,-4.2509217290892,"CARS2"
"222522_x_at",-0.292851820468334,7.36286570753143,-1.87431299506005,0.0723374921247254,0.518029993535144,-4.25244385824721,"MRPS10"
"207170_s_at",-0.208117808875804,8.1761073451828,-1.87336284428598,0.0724733436473043,0.518076996000312,-4.25390649984713,"LETMD1"
"217981_s_at",-0.346610044882804,7.03134405850593,-1.8657273547156,0.0735731105818809,0.51948942783913,-4.26564060303885,"TIMM10B"
"217635_s_at",0.389193152946621,5.85411467921361,1.86419482396612,0.0737955800386317,0.519663212732926,-4.26799152118209,"POLG"
"1559517_a_at",0.411203384829718,6.12169438403217,1.8619811834513,0.0741179508560568,0.520142341814104,-4.27138475485392,"SPIRE1"
"201526_at",-0.378875188974197,7.5973238015315,-1.86039939262456,0.0743490519860245,0.521095716874436,-4.27380762052577,"ARF5"
"206790_s_at",-0.263244957486604,10.614955998988,-1.85464714518904,0.0751947253198509,0.522789286551861,-4.28260565150737,"NDUFB1"
"220864_s_at",-0.2887870345596,10.4832224648824,-1.85382828889536,0.0753157842591056,0.522985780021375,-4.2838564504924,"NDUFA13"
"202772_at",-0.227478031985556,7.5817764091515,-1.84999040648685,0.0758854212731078,0.524363717963698,-4.28971335005907,"HMGCL"
"238190_at",-0.801598443689921,3.67680421488752,-1.84330781557174,0.0768861701665204,0.525901646579416,-4.29989002441411,"TUFM"
"241915_at",1.05277280937558,2.50473289345743,1.84135616544504,0.0771805801486479,0.526424409282842,-4.30285696594073,"ACSM2B"
"52159_at",0.352585599818912,6.57370927231697,1.83936556097674,0.0774818681983193,0.527406931958984,-4.30588072181723,"HEMK1"
"228301_x_at",-0.215920335451669,8.31783674492683,-1.8348592936737,0.0781676651283462,0.52797654366504,-4.3127168205334,"NDUFB10"
"222665_at",-0.28442864122937,7.48524358379346,-1.82543439239056,0.0796189502252755,0.531816582185761,-4.32697419359933,"RMDN1"
"207472_at",0.759496555575458,1.74629001445494,1.82537246297568,0.07962856259282,0.531816582185761,-4.32706769521882,"RARS2"
"219188_s_at",0.300141651494585,6.21926041443285,1.82377563865383,0.079876758745503,0.532114864752163,-4.32947777768601,"MACROD1"
"236513_at",0.957121928590476,2.21314599068192,1.8231397000681,0.0799757886231517,0.532174990402743,-4.33043715930589,"PRELID2"
"202941_at",-0.357793122257575,9.26535738649554,-1.81962728565797,0.0805246557361837,0.533637349602086,-4.33573150753539,"NDUFV2"
"226870_at",-0.37532876062647,5.94148167354887,-1.81318985141778,0.0815390144408204,0.535627317599682,-4.34541496923166,"COMTD1"
"239093_at",-0.445428583159906,6.97798659527349,-1.81094494233748,0.081895322326032,0.536343810822313,-4.34878580765757,"HOGA1"
"221669_s_at",0.229938589050089,7.23753222251322,1.80867720806418,0.0822566102034172,0.536933759859922,-4.35218773781587,"ACAD8"
"218106_s_at",-0.260989369502708,7.82928833387375,-1.80642835763436,0.0826162404325686,0.537429507398254,-4.35555817849536,"MRPS10"
"226851_at",-0.253727529279184,7.78281125445588,-1.80546050001687,0.0827714326682918,0.537558116539681,-4.35700777509798,"LYPLAL1"
"212216_at",-0.415968232135075,8.31698415734392,-1.80374619051324,0.0830469297434098,0.538328363627048,-4.35957392737555,"PREPL"
"202614_at",-0.251229752520003,8.95982127956024,-1.80122700611736,0.0834532013107253,0.539009865722972,-4.36334157092077,"SLC30A9"
"208956_x_at",0.189322977035259,10.1258423158186,1.8011548421601,0.083464864344923,0.539009865722972,-4.36344943956523,"DUT"
"211594_s_at",0.241888197105362,6.66812990289247,1.80105603514086,0.0834808356599276,0.539009865722972,-4.36359712823026,"MRPL9"
"218049_s_at",-0.285838461063688,7.54187302061107,-1.80074951818722,0.0835303982018037,0.539116465010168,-4.36405524594337,"MRPL13"
"203404_at",-0.364624763680309,8.55493018435949,-1.79966122973209,0.0837065739432736,0.53936830559471,-4.36568131869683,"ARMCX2"
"222470_s_at",-0.35532710977648,5.83625720331235,-1.79644059757587,0.0842298084959384,0.540428801716756,-4.37048910726594,"UQCC1"
"220183_s_at",-0.533099900528161,5.38715530496602,-1.79240877069367,0.0848887817575722,0.542277883983042,-4.37649870157708,"NUDT6"
"224436_s_at",-0.341412331186053,8.12004038939159,-1.79092178207534,0.0851329317510991,0.54287985288286,-4.37871254350507,"NIPSNAP3A"
"201490_s_at",-0.30563239030368,7.95283303485023,-1.7901950091937,0.0852524798758367,0.543259526266506,-4.37979406466905,"PPIF"
"222131_x_at",-0.760640169618169,4.5581762361012,-1.78860567134444,0.0855144137968659,0.543907719978708,-4.38215802554276,"RHOT2"
"204283_at",-0.262807496251349,6.08408486086403,-1.78650250057586,0.0858620898043655,0.544686089075714,-4.385283815314,"FARS2"
"1558896_at",0.332156740388517,6.03170395041944,1.78564935785489,0.0860034676889186,0.544686089075714,-4.38655098642336,"IBA57"
"226688_at",0.225963968898794,6.90774749350774,1.78466577338519,0.0861667087923846,0.544729971275712,-4.38801133412397,"TCAIM"
"242541_at",-0.412247516382513,5.71695653800977,-1.78426967513631,0.0862325222776616,0.544948636003933,-4.38859925722342,"ABCA9"
"218893_at",-0.262413915283569,6.85696940460235,-1.78284595965716,0.0864694341295308,0.545270436657367,-4.39071164261914,"ISOC2"
"231372_at",0.445240412491119,6.33332028349967,1.77855134236952,0.087187450391052,0.546864657083275,-4.39707588475426,"SLC25A48"
"203039_s_at",-0.347804439727436,8.59286977124085,-1.77811526726532,0.0872606419238435,0.547071046631963,-4.39772145877515,"NDUFS1"
"1563796_s_at",-0.263253043849217,5.88351336315622,-1.77744019616968,0.0873740504895559,0.547209248129151,-4.39872061031552,"EARS2"
"206686_at",-0.87092256005579,3.90936409440542,-1.77658696783638,0.0875175687675343,0.547481204689039,-4.39998303506381,"PDK1"
"223988_x_at",0.265445361910472,8.11104839292629,1.77429211917785,0.0879045763032554,0.548527287017817,-4.4033761787631,"METTL17"
"215171_s_at",-0.374581026021277,9.22969471722176,-1.77345454520847,0.0880461900086473,0.548753127438759,-4.40461377911994,"TIMM17A"
"1556373_a_at",0.370923275474976,6.29751209779097,1.77295159591615,0.0881313202855645,0.548848590316178,-4.40535672437864,"FAM185A"
"219298_at",0.588031493181655,5.16945443569067,1.77177533882673,0.0883306905515133,0.549150344263081,-4.40709363962409,"ECHDC3"
"232107_at",0.388713075247065,5.75365302028748,1.77032080700141,0.0885777595254783,0.549377280109641,-4.40924025675469,"SDHC"
"227456_s_at",-0.376572913878734,8.29034027709045,-1.76745226434851,0.0890667436694196,0.550270164305154,-4.41346976056609,"C6orf136"
"200807_s_at",0.268975294854691,11.6635576973298,1.76630311284167,0.0892632781682084,0.550270164305154,-4.41516265541411,"HSPD1"
"209766_at",0.323445974537346,5.12322978148997,1.76411681104382,0.0896382136334208,0.550665125091475,-4.41838113379666,"PRDX3"
"220474_at",-0.87569441202812,2.12234884122166,-1.75790366002188,0.0907110640790422,0.552134908042503,-4.42751099227663,"SLC25A21"
"1563708_at",0.791478395878958,3.67810211154336,1.7562304115459,0.091001853812065,0.552340988995795,-4.42996553130751,"SFXN5"
"209932_s_at",0.244849074105502,9.82401172596017,1.75583035500459,0.091071496137755,0.552340988995795,-4.43055212202958,"DUT"
"1554542_at",0.450444879163036,6.15992227263733,1.75463977164038,0.0912790229143699,0.552842916225092,-4.43229723423478,"SLC25A48"
"212087_s_at",-0.19407265623171,7.33237418428099,-1.7545440763188,0.0912957207286548,0.552842916225092,-4.43243746156598,"ERAL1"
"235316_at",0.349922289488261,7.7483278101896,1.75008641466013,0.0920764223022845,0.55442429280076,-4.43896302504219,"NAT8L"
"238409_x_at",-0.923399940257184,2.9762229224872,-1.74965697641898,0.092151931940562,0.55442429280076,-4.43959100844863,"OXR1"
"214610_at",0.958626924545883,3.1204835300994,1.74890045052196,0.0922850827057999,0.554434186666477,-4.44069701732409,"CYP11B1"
"201708_s_at",-0.315413574555677,7.05948786139974,-1.74673772962395,0.0926666308616149,0.555263767803773,-4.44385680399545,"NIPSNAP1"
"242289_at",-0.45282015707019,6.96858562570913,-1.74529316117289,0.0929222288049144,0.555630738025687,-4.44596568465606,"MRPL42"
"230922_x_at",0.257878020565499,6.49556233108063,1.73959137786383,0.0939369454173344,0.557633814678946,-4.45427647855901,"FUNDC2"
"218694_at",-0.308738866129339,8.8490146168428,-1.73809904172556,0.0942040775799735,0.557803402410903,-4.45644822867559,"ARMCX1"
"203224_at",-0.520695550198611,8.7653016644358,-1.73799436245724,0.094222839635772,0.557803402410903,-4.45660051142098,"RFK"
"218497_s_at",-0.222207202434064,7.56520614615682,-1.73792499510424,0.0942352743531033,0.557803402410903,-4.45670142008136,"RNASEH1"
"212683_at",-0.228416586737612,7.4694258703683,-1.73790795212687,0.0942383296721763,0.557803402410903,-4.45672621202029,"SLC25A44"
"201599_at",-0.300588675846798,11.0209528136236,-1.73769087887198,0.0942772520656759,0.557803402410903,-4.4570419660312,"OAT"
"202783_at",-0.314725217093226,7.72169036124219,-1.73657137511887,0.094478201843644,0.557803402410903,-4.45866991126508,"NNT"
"238191_at",-0.269207734532342,7.55442040102541,-1.7351324598442,0.0947370195744017,0.557803402410903,-4.46076115005318,"SDHC"
"236347_at",-0.638613099888702,4.31344231017869,-1.73331236916804,0.0950652610730994,0.557803402410903,-4.46340445865585,"MMAA"
"205217_at",-0.349346655916726,5.58265011288013,-1.73201296922701,0.0953001893009389,0.557803402410903,-4.46529026518953,"TIMM8A"
"218366_x_at",0.290001070578048,7.95485046925653,1.73046990487786,0.0955798109074451,0.558153066841053,-4.46752828588833,"METTL17"
"237560_at",0.423992034932796,6.26380964982204,1.73006411522782,0.0956534602585852,0.558420891373588,-4.46811657771832,"MRPS5"
"221311_x_at",-0.261641534738767,7.8854745595979,-1.7282173597635,0.0959892478178501,0.558926856069367,-4.47079256152193,"LYRM2"
"230739_at",0.213316992478612,6.63866972068251,1.72329886690588,0.0968884339334356,0.560908856457385,-4.47790880424317,"FAM210A"
"201432_at",0.300110142834988,9.43084004062899,1.72157627767655,0.097205035679441,0.561222696432385,-4.48039740546073,"CAT"
"223560_s_at",-0.262717805607053,6.47751457307762,-1.72043127762487,0.0974159642606854,0.561783665645175,-4.48205050843824,"NDUFAF7"
"206348_s_at",-1.06416473795884,3.36583025834537,-1.71992793639507,0.0975088108590435,0.561843915314755,-4.48277694261588,"PDK3"
"44669_at",-0.269928612929431,6.77368903709107,-1.71931682981295,0.0976216365875031,0.561926285450729,-4.48365868566803,"SDHAF1"
"218051_s_at",0.671973073105616,5.74116771614357,1.71745298970051,0.097966431270105,0.561926285450729,-4.48634645617939,"NT5DC2"
"211715_s_at",-0.295355623671861,7.00731336029319,-1.7152925524843,0.098367382837161,0.561986367868407,-4.48945911741119,"BDH1"
"238465_at",-0.297549266547722,6.28962162871104,-1.71397567120243,0.0986124606603963,0.562414073724423,-4.49135493440148,"SETD9"
"200659_s_at",0.281587454919971,7.00400599759034,1.71338584260199,0.0987223978705539,0.562679666914003,-4.49220370187261,"PHB"
"212767_at",0.56624403970646,5.50207581192301,1.71337292417796,0.0987248068742877,0.562679666914003,-4.49222228904484,"MTG1"
"210154_at",-0.309523478630567,6.45511765709035,-1.7127518610805,0.0988406802186966,0.562843644638174,-4.49311575357835,"ME2"
"225495_x_at",0.601091229734503,4.56740283438124,1.7091030687895,0.0995237692921016,0.564116884108147,-4.4983598583105,"GADD45GIP1"
"205379_at",-0.457685833450972,6.13048865387755,-1.70891764387521,0.0995585888748775,0.564148406505523,-4.49862612271989,"CBR3"
"202502_at",-0.239877010720626,9.31983617794827,-1.70643377169017,0.100026010224053,0.564724334616998,-4.50219072642467,"ACADM"
"236721_at",0.334505993139161,4.87561336679676,1.70462393260186,0.100367756402768,0.56530234262604,-4.5047854928794,"ALKBH1"
"213540_at",-0.466445484702995,6.470778728328,-1.70009627026334,0.101227020536213,0.566584974438917,-4.51126743873629,"HSD17B8"
"205355_at",-0.692472588540042,5.08118541852876,-1.6955103870755,0.10210365180226,0.56730940474167,-4.51781907472859,"ACADSB"
"203105_s_at",-0.312978642811987,7.86488940623742,-1.69401562007137,0.102390768890775,0.567600155989747,-4.51995160268927,"DNM1L"
"203208_s_at",-0.328070693343187,7.36349521037341,-1.69343385723448,0.102502698565222,0.56767387804335,-4.52078118602907,"MTFR1"
"228738_at",0.696462716777519,4.54733746393331,1.69262927433172,0.102657668133668,0.568010514177916,-4.52192814111463,"D2HGDH"
"207349_s_at",0.848950364402307,3.51816017066276,1.69174841223673,0.102827556038088,0.568211898487414,-4.52318334743383,"UCP3"
"226030_at",-0.269600693226658,7.19955793138455,-1.69163567880869,0.102849315512176,0.568211898487414,-4.52334395299076,"ACADSB"
"210327_s_at",-0.866108903646123,2.58202337255786,-1.6910102274275,0.102970108761973,0.568407557696429,-4.52423485014916,"AGXT"
"65770_at",-0.370100753306072,6.48186563552585,-1.688501207193,0.103455876896247,0.568875809920557,-4.52780613400277,"RHOT2"
"239208_s_at",0.368057616460129,7.01852142137531,1.68592526634156,0.103956607242257,0.569957752476206,-4.5314683680997,"YBEY"
"1554206_at",0.843809188112663,2.97379541730832,1.68508542967797,0.104120301121128,0.569959952487702,-4.53266142685639,"TMLHE"
"1554915_a_at",-0.310286144489573,5.67444638802518,-1.68493508148589,0.104149628599352,0.569959952487702,-4.53287496015956,"PDE12"
"1555321_at",-0.548758891626214,3.92392048704758,-1.68216761101563,0.104690704261352,0.570455880998722,-4.53680282587996,"ACOT11"
"210063_at",-0.546762098346908,4.71925995941144,-1.67912838612563,0.105287632926577,0.571729845576905,-4.54111057845336,"SARDH"
"204305_at",-0.410330889446971,5.70443875068975,-1.6787772463289,0.105356783664207,0.571762391355022,-4.54160788629792,"MIPEP"
"209066_x_at",0.238494590802682,11.2165155284022,1.67742948327567,0.105622556142539,0.571861606844506,-4.54351592368335,"UQCRB"
"218027_at",-0.389990345900684,8.24031028889029,-1.6734671759067,0.106407168709667,0.572903157099331,-4.54911844163494,"MRPL15"
"226946_at",0.263037435347487,6.96541142476785,1.67307959654522,0.106484178940781,0.572941493285334,-4.54966590361798,"NADK2"
"221437_s_at",-0.354125400479508,7.07304889962969,-1.67162102447083,0.106774410008675,0.57346332202965,-4.55172526911223,"MRPS15"
"229253_at",-0.256719738143747,6.89554795615204,-1.67109784460034,0.106878675588783,0.573584338847246,-4.55246360644007,"THEM4"
"233124_s_at",-0.250610990729381,7.36081717446852,-1.66184328385933,0.108737203301995,0.576851978607065,-4.56549411240152,"ECHDC1"
"240050_s_at",-0.836299793221104,2.76736494315055,-1.65997648925401,0.109115362569956,0.57714849719064,-4.5681156844507,"PPM1K"
"217720_at",-0.339542984713287,11.0399296038926,-1.6558683300895,0.109951438598302,0.578125521109214,-4.57387667780098,"CHCHD2"
"215794_x_at",-0.307094381258653,8.59638694411823,-1.65244464538916,0.110652303249466,0.57852115815564,-4.57866922232993,"GLUD2"
"203613_s_at",-0.231745207031832,9.31548768681234,-1.64834973212874,0.111495479113762,0.579874706482316,-4.58439109352646,"NDUFB6"
"233873_x_at",-0.250547682763872,7.41128995675778,-1.64784939667344,0.111598869470719,0.580190217449319,-4.58508945020817,"MTPAP"
"200883_at",-0.371846836222189,8.4798285794077,-1.64665560683643,0.11184588036724,0.580484940733535,-4.58675503837801,"UQCRC2"
"217772_s_at",-0.242745019773964,8.05220758230978,-1.64643636726623,0.111891293547347,0.58048818365853,-4.58706082014146,"MTCH2"
"225158_at",-0.32884566850907,7.02420851166625,-1.64383449009131,0.11243142238781,0.581522360272515,-4.5906873011435,"GFM1"
"234977_at",0.235174637072371,6.06239399917084,1.64107227986031,0.11300721610122,0.582383867569837,-4.59453229187409,"ZADH2"
"209445_x_at",-0.29500130373776,7.4804341571023,-1.64054132787391,0.113118176718389,0.582716937962586,-4.59527078991078,"COA1"
"223222_at",0.309511462863552,6.18476226728363,1.63905522326097,0.113429232721634,0.583270749138232,-4.59733679892367,"SLC25A19"
"230174_at",-0.284733625565991,8.57317471984541,-1.63858711868098,0.11352735919785,0.583403888070843,-4.5979872593319,"LYPLAL1"
"1556285_s_at",-0.37640097145306,7.45051373048385,-1.63751045616947,0.113753323489637,0.584012573280728,-4.59948279060527,"PPA2"
"218948_at",-0.430448635428864,5.83824982659109,-1.63646492328665,0.113973113367306,0.584533242553614,-4.60093433650651,"QRSL1"
"226528_at",-0.210409382957915,7.70235116096275,-1.63500933045437,0.114279694873667,0.584918607544813,-4.60295395849147,"MTX3"
"231023_at",-0.543364819446992,4.4691350587786,-1.63461914555561,0.11436199359383,0.584918607544813,-4.60349509451476,"CARS2"
"204862_s_at",0.282677776056425,7.30378781159777,1.6313477422588,0.115053951127653,0.585793574466076,-4.60802807981144,"NME3"
"214518_at",-0.69902965917509,3.81978882497391,-1.62592947982344,0.116207676728855,0.587352998024748,-4.61551998417444,"PDHA2"
"223011_s_at",-0.261007559174776,10.6646796490236,-1.62247078120286,0.116949170103963,0.588635392739662,-4.62029201769147,"OCIAD1"
"224913_s_at",-0.332760828528292,7.01139306738419,-1.62143505326857,0.11717197889631,0.588924654383095,-4.62171945936377,"TIMM50"
"1553015_a_at",0.556762538158347,5.18851083015406,1.62055617106358,0.117361323329216,0.589309622886973,-4.62293016727198,"RECQL4"
"221069_s_at",-0.231964078189929,6.7134810879283,-1.62012066667284,0.117455241648131,0.589342664060824,-4.62352990464914,"TACO1"
"243542_at",-0.635151974708859,5.15986032435993,-1.61827307418157,0.11785437765207,0.590048025677921,-4.6260728155654,"PREPL"
"223181_at",0.250797123875838,6.8146312356703,1.61484326539452,0.118598308674858,0.591078785026389,-4.63078726264592,"TIMM21"
"201913_s_at",0.272683338316526,7.64307558128925,1.61197396374668,0.119223657033519,0.592658220954433,-4.63472513860398,"COASY"
"221952_x_at",-0.32880963158868,9.90805306575276,-1.61196729398146,0.119225113854271,0.592658220954433,-4.63473428579092,"TRMT5"
"203500_at",0.40857387825806,6.59137087022644,1.61177537792558,0.119267038794744,0.592658220954433,-4.63499747433216,"GCDH"
"210046_s_at",-0.369449357924447,8.84822978059487,-1.61067063230075,0.11950861354335,0.593035284857581,-4.6365120067089,"IDH2"
"223318_s_at",-0.303918262941452,7.89030004405879,-1.6081308788252,0.120065521424159,0.594017578351168,-4.63999069560992,"ALKBH7"
"209397_at",-0.260584855613389,8.50651191054603,-1.60721540188287,0.120266790936165,0.594669842458775,-4.64124354539966,"ME2"
"224302_s_at",-0.252027685211271,7.83932354097621,-1.60629897330749,0.120468549810859,0.595090095364335,-4.64249712671325,"MRPS36"
"236910_at",0.633347980727879,4.96009126006061,1.60239291894615,0.121331647427695,0.596678610393962,-4.64783380307747,"MRPL39"
"202850_at",-0.243712225073449,9.32376880672714,-1.60109155699939,0.121620336988912,0.596749549474898,-4.64960949081031,"ABCD3"
"219524_s_at",-0.732131225061619,3.51458646320491,-1.60090614134202,0.121661515215066,0.596749549474898,-4.64986239358128,"NDUFAF5"
"225358_at",-0.272769343975641,7.7238456449596,-1.59541320972339,0.122886665761342,0.597737290779126,-4.65734398796625,"DNAJC19"
"231590_at",-0.781232370430185,2.18247373084562,-1.59533755647074,0.122903610567963,0.597737290779126,-4.65744688691939,"GATM"
"212603_at",0.232235981478772,8.02600942943177,1.59502086772904,0.122974563458559,0.597737290779126,-4.65787758523144,"MRPS31"
"1553693_s_at",0.319669910524155,6.6305723979971,1.59422840020862,0.123152261248389,0.59796942128518,-4.65895504474633,"CBR4"
"218597_s_at",-0.411496316384594,9.41509259754985,-1.59280237336196,0.123472559218775,0.598889195457998,-4.66089282655149,"CISD1"
"211150_s_at",-0.556196791562813,5.8834399513843,-1.59236066273242,0.123571910869959,0.599026970142984,-4.66149277072275,"DLAT"
"209249_s_at",-0.351703734058625,10.120370700111,-1.59219359074264,0.123609506719699,0.599026970142984,-4.66171965794621,"GHITM"
"209943_at",0.228269402469462,6.48648699846409,1.59190110787598,0.123675346278426,0.599107951409217,-4.66211680975454,"FBXL4"
"227878_s_at",-0.211708148523687,7.46840580513686,-1.58997708442001,0.124109177917002,0.599681275113566,-4.66472791151864,"ALKBH7"
"226354_at",0.280139927766086,6.66405717064023,1.58869933802584,0.124397980430646,0.599821264851722,-4.66646054675641,"LACTB"
"217630_at",-0.473370559660867,4.34848721125901,-1.58620675432964,0.124962964534097,0.600357004000521,-4.66983729175568,"ANGEL2"
"205942_s_at",-0.60482790171388,0.875725979803236,-1.58439210480328,0.125375615538387,0.600933915489009,-4.67229294770753,"ACSM3"
"214821_at",0.379006021664392,6.08706878334865,1.58038298261601,0.12629127772911,0.602480299068498,-4.67771023598675,"SLC25A4"
"233177_s_at",-0.350801710922943,6.75453425879531,-1.57859770123466,0.12670079802022,0.602867795567254,-4.68011902554316,"PNKD"
"209248_at",-0.316878459251749,10.5600205409792,-1.57790727487913,0.126859466165521,0.603076534498402,-4.68104999486583,"GHITM"
"203606_at",-0.185095914055931,9.2687015633104,-1.57603985261011,0.127289442768104,0.603503395184092,-4.68356637891135,"NDUFS6"
"218869_at",0.477622165172984,6.24890708305472,1.57475024324895,0.127587077680679,0.603821684682506,-4.68530274810091,"MLYCD"
"214664_at",0.754022431845208,3.55830241710074,1.57370140832984,0.127829565739355,0.603821684682506,-4.68671408626987,"PAICS"
"226662_at",-0.309196278955426,5.8530290155955,-1.57201075605434,0.128221239451422,0.603821684682506,-4.6889874731718,"STX17"
"207618_s_at",-0.169704036208374,7.31254323744964,-1.57193557381349,0.128238679859663,0.603821684682506,-4.68908852347273,"BCS1L"
"1553367_a_at",-0.694632133965786,4.2446897877351,-1.5695011126702,0.128804470690891,0.604433815333768,-4.6923585050459,"COX6B2"
"228274_at",-0.895842126579659,4.74008727993524,-1.56846783509658,0.129045234049021,0.604606959605319,-4.69374517224449,"SDSL"
"201675_at",0.221275376970382,8.32370493829757,1.56809400295261,0.129132431615448,0.604612571201004,-4.69424667644896,"AKAP1"
"203783_x_at",0.811632935599902,2.52922819142277,1.56612548733745,0.129592394362707,0.605166745887627,-4.69688589103608,"POLRMT"
"210418_s_at",-0.316468314499745,8.43131639278462,-1.56217446566714,0.130519655199871,0.606395243457534,-4.70217498906157,"IDH3B"
"217113_at",-0.788482234780629,3.4823847796025,-1.56055395169203,0.130901545343267,0.606460176684441,-4.70434119033205,"AMACR"
"241114_s_at",-0.541492593729724,5.96925435219286,-1.5595193581869,0.131145837281555,0.606460176684441,-4.70572321815765,"ACAA2"
"234762_x_at",0.335314166802203,9.61318082765179,1.55946957423235,0.131157601884235,0.606460176684441,-4.70578970171024,"NLN"
"217932_at",-0.199933052370335,7.81147845897921,-1.5583889659966,0.131413177473441,0.606746354441953,-4.70723236714902,"MRPS7"
"227049_at",0.242816164806738,7.24604611858139,1.55782880608988,0.131545822228435,0.606830044028155,-4.7079798896008,"ZADH2"
"227237_x_at",0.274744670991747,6.07864087431646,1.55612988914242,0.131948794787889,0.607453032550462,-4.71024572952809,"ATAD3B"
"222794_x_at",-0.241680654466914,8.20750875126133,-1.55526684498869,0.132153891259567,0.607715464395288,-4.71139600123719,"MTPAP"
"232691_at",0.556082801702729,3.94954646352052,1.5523661906431,0.132845129513468,0.608575672169399,-4.71525822313865,"SFXN5"
"229539_at",0.293102407902876,6.02609572222571,1.54934405118705,0.13356846929387,0.610093823035074,-4.71927597976044,"ABCB8"
"204660_at",0.51381887932587,3.49667390553021,1.54635098162948,0.134288029633296,0.610784806333765,-4.72324882323202,"GFER"
"37996_s_at",0.258599679693149,6.95819469814216,1.54476170588251,0.134671394248189,0.610784806333765,-4.72535580713623,"DMPK"
"1554514_at",-0.579390209527631,4.50046488975335,-1.54261951724047,0.135189549797815,0.611468674746269,-4.72819302838221,"ACSM5"
"222734_at",-0.41556731106145,5.66268211732941,-1.54186980699135,0.135371275741129,0.611963608380939,-4.72918522544841,"WARS2"
"203782_s_at",0.270242924050612,7.57254756005643,1.54146451996068,0.13546959845914,0.611963608380939,-4.72972143540072,"POLRMT"
"225260_s_at",-0.209357781626486,8.60779285515298,-1.5413174090306,0.135505302052146,0.611963608380939,-4.72991604031032,"MRPL32"
"209459_s_at",-0.207092098109788,11.0113539343871,-1.54124536501689,0.13552278982996,0.611963608380939,-4.7300113378369,"ABAT"
"208002_s_at",-0.643106330558871,8.99841671608693,-1.54064578581364,0.135668401777754,0.612266221981059,-4.73080430148848,"ACOT7"
"224820_at",0.244728386399104,9.42364807540665,1.54004956031767,0.135813326144664,0.61236060841088,-4.73159258073763,"COX20"
"204946_s_at",-0.293351836813838,5.54337764548874,-1.53808407819952,0.13629197231341,0.612551511774733,-4.73418941677929,"TOP3A"
"223367_at",-0.331510413848606,6.77683228530401,-1.53743640813906,0.136449998674926,0.612551511774733,-4.73504454039146,"DNAJC30"
"208845_at",-0.283692609468591,11.0723806007592,-1.53712018330461,0.136527209431703,0.612781768460689,-4.73546194781198,"VDAC3"
"219792_at",0.579468155816417,4.74109404362997,1.53674895651445,0.136617895260376,0.612939915066714,-4.7359518669299,"AGMAT"
"218725_at",-0.267892337754545,6.62601043645501,-1.53592599759271,0.1368191088772,0.613432963763246,-4.7370376066879,"SLC25A22"
"236633_at",-0.32379293512336,0.677865101323239,-1.53447694621293,0.137173990830963,0.614252410704849,-4.73894820578318,"GTPBP10"
"219616_at",0.342238118271446,6.06665207531589,1.53385014593929,0.137327731060853,0.614496061929599,-4.73977419719919,"ACSS3"
"202331_at",-0.242313480547936,7.0899446078237,-1.53247449148672,0.137665642098117,0.615146622859949,-4.74158605672769,"BCKDHA"
"203945_at",0.445424178012806,5.96240914796602,1.53153569962277,0.137896633277178,0.615661871795534,-4.74282176802098,"ARG2"
"205811_at",0.238087604890123,6.07427519957174,1.53149479371471,0.137906705429118,0.615661871795534,-4.7428755975319,"POLG2"
"209019_s_at",-0.253149689460486,9.54052019492688,-1.53089328871595,0.138054881755421,0.615661871795534,-4.74366700348028,"PINK1"
"202675_at",-0.290725302156204,7.98381539470483,-1.52812068642634,0.138739572982459,0.616948828717776,-4.7473116623089,"SDHB"
"201006_at",-0.493509860791778,4.81781623222093,-1.52790214954532,0.138793658027475,0.616966409661563,-4.74759870544981,"PRDX2"
"224824_at",-0.19781258823175,7.4033746391824,-1.52690043641763,0.139041789197933,0.617167158261969,-4.7489140033828,"COX20"
"212694_s_at",-0.290800841407047,7.99586993919812,-1.52270298588127,0.140085463370396,0.618812402684674,-4.7544177931272,"PCCB"
"214114_x_at",-0.229017095899973,7.87914346126283,-1.52153521704476,0.140376955482255,0.619153894555601,-4.75594679456833,"FASTK"
"222703_s_at",0.285851895404174,5.82529748166032,1.5214524624378,0.140397630973919,0.619153894555601,-4.75605511172011,"YRDC"
"230426_at",-0.330579319023004,6.60599236469062,-1.52089157033707,0.140537830200946,0.619377694908966,-4.75678913394738,"DLD"
"200946_x_at",-0.2834519085062,9.91653666011515,-1.520225012564,0.140704589631383,0.619398210532411,-4.75766114960924,"GLUD1"
"238583_at",0.518923461654385,4.98373607239991,1.51781968117415,0.141307695946283,0.619996076608257,-4.76080529158959,"MSRB3"
"212218_s_at",0.313531456329866,7.86317903808231,1.51740264608559,0.141412475958471,0.620146856508529,-4.76135000659641,"FASN"
"1555910_at",-0.259936276868725,6.64354347535795,-1.51663297714138,0.141606021234706,0.62017913540005,-4.76235499629068,"PTCD2"
"224232_s_at",0.191707315942522,7.03333019864237,1.51309717735611,0.14249792485064,0.621410640361317,-4.76696647244012,"PRELID1"
"216533_at",-0.764970419101847,1.18297022087832,-1.51098223623675,0.143033597572946,0.621991802304636,-4.76972061170138,"PCCA"
"205843_x_at",-0.683222989768621,5.66167239505004,-1.50693906908163,0.144062206481357,0.622006427896628,-4.77497694476084,"CRAT"
"203801_at",-0.222640278510406,7.63210693851483,-1.50652336699799,0.144168303621605,0.622006427896628,-4.77551672401388,"MRPS14"
"201569_s_at",-0.231386334047814,7.34028646350224,-1.50513471359699,0.144523181311042,0.622205831671033,-4.77731897042291,"SAMM50"
"211727_s_at",-0.281126023745852,8.72206870872806,-1.50491227631119,0.14458009216741,0.622205831671033,-4.77760753097659,"COX11"
"222672_at",-0.506719126144827,5.87274913886097,-1.50341931810586,0.144962538302207,0.622850431537673,-4.77954338925329,"LYRM4"
"223156_at",-0.301753510699561,7.65214629320642,-1.50210141916876,0.145300821863585,0.623570168209332,-4.78125094260086,"MRPS23"
"222529_at",0.402274338021116,7.38386386858963,1.50116404587384,0.145541820085072,0.623570168209332,-4.78246471334155,"SLC25A37"
"219277_s_at",-0.475724756290754,7.73679937837347,-1.49714814221451,0.146577978681728,0.625183776672347,-4.78765770372855,"OGDHL"
"221692_s_at",0.277928196712246,7.76375095147326,1.49397068110683,0.147402036453803,0.62595741283125,-4.79175838053408,"MRPL34"
"203621_at",-0.208876903023288,10.0285867016198,-1.49279797310575,0.147707118249826,0.626668153214371,-4.79327000657971,"NDUFB5"
"204788_s_at",-0.229137948128754,6.53656040944695,-1.49279252039952,0.147708537972746,0.626668153214371,-4.79327703285786,"PPOX"
"209624_s_at",-0.403039025922098,5.37666912531601,-1.49236306102195,0.147820391153406,0.626775550725402,-4.79383036152094,"MCCC2"
"224728_at",-0.41083781314528,8.35522110922321,-1.48986826082788,0.148471521234431,0.627914453881972,-4.79704214187376,"ATPAF1"
"218666_s_at",-0.264370748327454,5.95160499041611,-1.48982825446068,0.148481981563915,0.627914453881972,-4.7970936095521,"STX17"
"214333_x_at",-0.526768419007605,5.67331959330683,-1.48743073824911,0.149109941142893,0.628557891355584,-4.80017590107785,"IDH3G"
"217496_s_at",-0.271442239980957,5.89222469422177,-1.48389083310924,0.150041039982744,0.630063807117843,-4.80471937431728,"IDE"
"221894_at",-0.225718079185469,6.42878124129934,-1.48013681052066,0.151033583859173,0.631678568153098,-4.80952789160447,"ADCK2"
"217773_s_at",-0.234885707593732,11.8191137286252,-1.47851089192712,0.151465109867346,0.632120422701871,-4.81160739971756,"NDUFA4"
"207889_at",0.674580757968062,1.1733225635978,1.47723337525299,0.151804865893924,0.632433954124236,-4.81323998383187,"SARDH"
"218096_at",-0.184468013495725,9.03573486930896,-1.47708629817947,0.151844020525992,0.632433954124236,-4.81342786388631,"AGPAT5"
"218026_at",-0.237833913037853,10.0035572965368,-1.47527054878779,0.152328077855232,0.63292830084203,-4.81574607311408,"COA3"
"213632_at",0.377764108729217,5.15831802814214,1.47450516597573,0.152532492271756,0.63338483841777,-4.81672254752381,"DHODH"
"244293_at",0.385219942830906,6.21492183596271,1.47243345652257,0.153086902953018,0.634099780170847,-4.81936352554901,"UQCRB"
"214140_at",-0.258159389499522,5.40793024506167,-1.47240463844337,0.153094626401272,0.634099780170847,-4.81940024061936,"SLC25A16"
"221434_s_at",-0.223154494428899,9.65242746194141,-1.47149066936112,0.15333973946542,0.634104126979164,-4.82056435478095,"SLIRP"
"207180_s_at",0.266361746574285,7.06195852466591,1.47003887862342,0.153729738172066,0.63446637109573,-4.82241225546793,"HTATIP2"
"201403_s_at",-0.289916954680175,10.507791380654,-1.46894912106247,0.154023007363795,0.634910959549717,-4.82379835103843,"MGST3"
"206492_at",-0.23629767123199,6.34630492803528,-1.46594758740773,0.154833091658833,0.636165411722584,-4.82761168227732,"FHIT"
"209065_at",0.291306237708647,8.88184287258589,1.4652655975546,0.15501763107228,0.636165411722584,-4.82847722103347,"UQCRB"
"218766_s_at",-0.299698386601409,5.10742866581355,-1.46492505388388,0.155109844878547,0.636165411722584,-4.82890929251459,"WARS2"
"225215_s_at",0.266948756128317,8.2760927410209,1.4632754024243,0.155557168903495,0.636549216551155,-4.83100113950782,"MTRF1L"
"223221_at",-0.28698254875155,6.17710546285295,-1.46317007187727,0.155585765815576,0.636605367038425,-4.83113463782231,"SCO1"
"211673_s_at",0.287315526843055,5.61007181936762,1.46291213187647,0.155655813562528,0.636605367038425,-4.83146152308928,"MOCS1"
"230026_at",-0.543846358474464,5.97256280751013,-1.46274105034719,0.155702287480379,0.636605367038425,-4.83167830690902,"MRPL43"
"201093_x_at",-0.312422324278684,8.7975509804337,-1.46221914563651,0.155844130656727,0.636829591578103,-4.83233950177149,"SDHA"
"203576_at",0.203572881709428,7.1075824747201,1.46120566075529,0.156119872076024,0.636859438339807,-4.83362291355293,"BCAT2"
"230637_at",0.268308751795972,5.83076945546095,1.46035292591458,0.156352181414496,0.637045369820714,-4.83470218884683,"SFXN4"
"1555057_at",0.637633809708638,4.08404758826478,1.45914631612636,0.15668137083589,0.637833972949402,-4.83622845564931,"NDUFS4"
"208844_at",-0.700749447043965,4.42661023689332,-1.45610399096605,0.157513854943419,0.638653248041221,-4.84007209920009,"VDAC3"
"205750_at",-0.209067035196656,6.4705828548682,-1.4558329765628,0.157588185645074,0.638653248041221,-4.84041417227424,"BPHL"
"233665_x_at",0.186839711425706,7.69664928574386,1.45522408852388,0.157755287099847,0.638746447155916,-4.84118251450977,"MTO1"
"221693_s_at",-0.212423672202971,6.88740434920125,-1.45510687701625,0.157787470597925,0.638746447155916,-4.84133039038473,"MRPS18A"
"39729_at",-0.304543060012014,10.9612513520447,-1.4549837984949,0.157821270709205,0.638835664534065,-4.8414856575026,"PRDX2"
"224035_s_at",-0.437530437621675,5.81114055394752,-1.45471782986676,0.157894331478103,0.638966698709127,-4.84182114728039,"BCL2L13"
"1564707_x_at",-0.845454029477198,2.3562524508652,-1.45395874310861,0.158102999546961,0.639071195817223,-4.84277836973465,"GLS2"
"205716_at",-0.397651209696722,5.6147566182111,-1.4530846797042,0.158343547918272,0.639492591749991,-4.84388006446069,"SLC25A40"
"202053_s_at",0.406383179084085,8.36168267265277,1.45118848300493,0.158866403644112,0.640298680206341,-4.84626818800053,"ALDH3A2"
"1566930_at",0.769841055542816,1.18193543379779,1.44673536195341,0.160099745782191,0.642124934755743,-4.85186635173513,"TFB2M"
"233301_at",0.475107833180779,3.90454564325782,1.44502539111068,0.160575374376369,0.642908496044282,-4.85401219787166,"OXCT2"
"212946_at",-0.209137450594285,7.83115036303115,-1.44154947102471,0.161545688018538,0.643694152126682,-4.85836760623732,"VWA8"
"200806_s_at",0.33029923346385,9.86926519234245,1.43687567236515,0.162857778802523,0.645799128924795,-4.86421016613231,"HSPD1"
"225311_at",-0.230620501197713,7.62111589884694,-1.43635608661058,0.163004168235007,0.646093141432364,-4.86485870301187,"IVD"
"225207_at",0.460591013245593,9.76134088691635,1.43612542492844,0.163069189133366,0.646206316383773,-4.86514654757023,"PDK4"
"234801_s_at",0.641629855649059,5.62754190527158,1.43543501755395,0.163263930911288,0.646206316383773,-4.86600788132423,"ACSS1"
"213846_at",-0.198003636368438,8.55619806556208,-1.43442762119788,0.163548418286152,0.646457792495068,-4.86726406024188,"COX7C"
"204573_at",-0.267376755288036,6.92907260767743,-1.43157094405124,0.164357292873252,0.647598022849495,-4.87082219566304,"CROT"
"202030_at",-0.216744907297242,6.39661352842558,-1.43142305670648,0.164399254258405,0.647598022849495,-4.87100623509952,"BCKDK"
"233307_x_at",0.407769520543524,5.81084322825936,1.42933973293416,0.164991282865038,0.648564031840858,-4.87359714915887,"MGST3"
"213835_x_at",-0.209478672036342,7.00127778996723,-1.42785446044262,0.165414397406508,0.648870656296634,-4.87544236902982,"GTPBP3"
"235975_at",0.459035441252928,4.4265665458069,1.42552506457194,0.166079721661642,0.649913676679726,-4.87833304115938,"MTO1"
"211613_s_at",-0.850763354640485,3.07292809624141,-1.42507248408407,0.166209235155442,0.649975034929682,-4.87889421325934,"GPD2"
"214331_at",0.295742286355987,6.08197899776633,1.42465124759219,0.166329851316163,0.649999530171245,-4.8794163864039,"TSFM"
"213897_s_at",-0.258312292832403,8.26498772305119,-1.42209754592279,0.167062567113759,0.650875378029347,-4.88257923240357,"MRPL23"
"221229_s_at",-0.217693626533113,7.40553407435186,-1.42063257598922,0.167484059069855,0.651442829971815,-4.88439149688894,"TRMT61B"
"239018_at",0.367885535145103,6.06759454314376,1.41945974603076,0.167822107862562,0.651578061489739,-4.88584123422393,"DNAJC30"
"218538_s_at",-0.20773993644415,6.05449739943482,-1.41919474216073,0.167898565961252,0.651578061489739,-4.88616866669681,"MRS2"
"238762_at",0.266002416885764,6.25404563008159,1.41836982786766,0.168136745058919,0.65163632841137,-4.88718758234249,"MTHFD2L"
"219974_x_at",-0.187997186346099,7.55662377587688,-1.41487697078435,0.169148223148321,0.652357070641157,-4.8914963624949,"ECHDC1"
"244531_at",0.775087500280192,2.29838041149398,1.41241967224098,0.169862712112729,0.652808793149852,-4.89452232544382,"NNT"
"202282_at",-0.200115892126446,8.32452882966133,-1.40755042795431,0.171285580699838,0.654595318845793,-4.90050532111759,"HSD17B10"
"1555169_at",-0.700440820868663,3.35444890265081,-1.40473588934692,0.172112333846723,0.655845539212023,-4.9039556943789,"LIG3"
"204295_at",-0.236974666783161,8.88305878370773,-1.40463630274935,0.172141644621411,0.655845539212023,-4.90407767201532,"SURF1"
"223112_s_at",-0.274825449177756,9.54892819499725,-1.40128029028417,0.173131715968683,0.656690065377357,-4.90818398493095,"NDUFB10"
"232216_at",0.33744403653871,5.93635678313061,1.40056424734769,0.173343541373203,0.656812389439395,-4.90905904003706,"YME1L1"
"215210_s_at",-0.286497062812091,6.946382498776,-1.40041573271656,0.173387501810199,0.656812389439395,-4.90924048815075,"DLST"
"201119_s_at",-0.207610498817883,10.5303630766162,-1.40026972915891,0.173430727570252,0.656812389439395,-4.90941885252231,"COX8A"
"218363_at",0.185981197275129,7.81304076204718,1.39976064324105,0.17358151409315,0.656812389439395,-4.91004065148573,"EXD2"
"225430_at",0.215266224170169,8.40979217032269,1.39922723386362,0.173739616300702,0.656812389439395,-4.91069195440604,"GATC"
"1554279_a_at",0.674607909236466,3.02589725964673,1.39910493666148,0.173775881170587,0.656865575046898,-4.91084125206293,"TRMT2B"
"217907_at",0.25123158621073,8.79535577869948,1.39788081174878,0.174139201877828,0.657369738522474,-4.91233502886187,"MRPL18"
"200093_s_at",-0.257346521564832,10.4501587363054,-1.39292571495155,0.175616018908393,0.65933694220058,-4.91837035267455,"HINT1"
"1557820_at",-0.216435812931964,9.64351271077984,-1.39218396369993,0.175837939607893,0.65933694220058,-4.91927224890137,"AFG3L2"
"236356_at",-0.516577500405638,7.54831700736679,-1.39195282632198,0.175907137651833,0.659339282155975,-4.91955320608207,"NDUFS1"
"235022_at",-0.27094718438838,5.97462838441251,-1.39038733695437,0.176376381144367,0.660035292524954,-4.92145508525407,"FAM210A"
"214214_s_at",-0.201680847445371,8.87845392985886,-1.38995320746684,0.17650668304591,0.660113605734492,-4.92198217906232,"C1QBP"
"1554947_at",-0.685224652143458,3.14928266515948,-1.38825353317453,0.17701756356507,0.660795822811318,-4.92404448045715,"ACAT1"
"211662_s_at",-0.247004729254324,10.2853353032494,-1.38558413123315,0.177822275101259,0.661781810602959,-4.92727908865022,"VDAC2"
"226881_at",-0.272878012268539,6.75026487548059,-1.38506876980871,0.177977966477406,0.661841070891068,-4.92790296287045,"GRPEL2"
"223267_at",-0.326425278365969,7.10773284112137,-1.38448083970866,0.178155712177327,0.66195532212178,-4.92861444545376,"TRMT10C"
"203192_at",0.201551317304038,6.67694352849334,1.3833228530293,0.178506209213128,0.662021827561232,-4.93001503236158,"ABCB6"
"211922_s_at",0.23500257962092,7.68611946931772,1.38329043308833,0.178516029829695,0.662021827561232,-4.93005423004286,"CAT"
"225423_x_at",0.664300369076975,3.88885226159391,1.38077710404274,0.17927866181792,0.662842225126144,-4.93309062697712,"MRPL41"
"210337_s_at",-0.38827736225105,7.23074892983673,-1.38052848869887,0.179354239681221,0.662842225126144,-4.9333907290205,"ACLY"
"200690_at",-0.205601060018984,8.12017215725974,-1.38045642623699,0.179376151011491,0.662842225126144,-4.93347770660402,"HSPA9"
"1555961_a_at",-0.231443796234844,10.9918599369925,-1.37803300276217,0.180114245952546,0.66382630702874,-4.93640047486283,"HINT1"
"214170_x_at",-0.198517746924059,8.66791849197815,-1.37669189487774,0.180523729467332,0.66425199412048,-4.9380160437328,"FH"
"1554597_at",-0.20277300767731,5.91037612472604,-1.36797665323993,0.183202641636358,0.667491190539731,-4.94848231133216,"LIG3"
"211407_at",-0.332529737676641,5.00575975006379,-1.36516248958096,0.184074300575642,0.668441493426108,-4.95184980837265,"NDUFB7"
"1554510_s_at",-0.315344879268072,9.03597435835441,-1.36473218708924,0.18420786871722,0.66863171780338,-4.95236419854129,"GHITM"
"211725_s_at",0.184199211866246,6.38934588512316,1.3644331961126,0.184300721825611,0.668704940016952,-4.95272153562044,"BID"
"229884_s_at",-0.23520970920769,7.05793171902402,-1.36373188490455,0.184518661456146,0.668960263103869,-4.95355944144882,"MRPL2"
"234586_at",0.486944360172114,3.07270217644809,1.36298810878599,0.184750018219854,0.669189373836996,-4.95444768220409,"SARDH"
"211855_s_at",-0.379306215276016,6.00237917007643,-1.35891977688049,0.18601952681279,0.670245721978358,-4.95929890506566,"SLC25A14"
"231487_at",0.824066717757245,1.59744331588158,1.3576353237677,0.186421751559147,0.670278788284243,-4.96082796453662,"COX8C"
"1557692_a_at",0.705813506215443,1.13077186866323,1.35707448696263,0.186597590222592,0.670560287387985,-4.96149521818103,"GATM"
"232902_s_at",-0.246015043613676,6.05216839992455,-1.35700732950859,0.186618654738708,0.670560287387985,-4.96157510276337,"RARS2"
"235450_at",0.287653750457281,5.17813404244011,1.35638384075957,0.186814306223694,0.670679410803611,-4.96231658897686,"FBXL4"
"215728_s_at",-0.423837772960929,6.92521392296577,-1.35593021045943,0.186956756774496,0.67091106776693,-4.9628558877203,"ACOT7"
"221589_s_at",0.241342229113604,10.0522695159031,1.35332677560507,0.187775940307301,0.671210875551882,-4.96594800602888,"ALDH6A1"
"217305_s_at",0.75268320395023,3.29990153563767,1.35267090383565,0.187982755491392,0.671532880140802,-4.96672618963018,"ADCY10"
"219350_s_at",-0.175844924354508,8.87154091947582,-1.35113346169362,0.188468252956904,0.672177915328383,-4.96854908269946,"DIABLO"
"210008_s_at",-0.593876386345419,2.85045771389943,-1.3470599095456,0.189759346607066,0.6733748081925,-4.97337039060257,"MRPS12"
"218773_s_at",-0.162616299972517,9.49973387422773,-1.34683157915063,0.189831918702067,0.673439179981836,-4.97364026582129,"MSRB2"
"1556284_at",0.494121430035245,3.62326830833569,1.34613412570479,0.190053730102461,0.673610925289543,-4.9744643789969,"PPA2"
"213724_s_at",-0.299220124700722,6.35529466218433,-1.34517484627271,0.190359140415019,0.67387433453226,-4.97559727017348,"PDK2"
"235855_at",0.646768104733306,4.27419629754787,1.34289904199526,0.191085230357037,0.674554334342855,-4.97828218858438,"COX15"
"205531_s_at",-0.801120670894693,5.21868852426744,-1.34207371076181,0.191349083177344,0.674618060809999,-4.97925492563437,"GLS2"
"226373_at",-0.248843159980254,8.20598774695079,-1.33737728130086,0.192855908041181,0.676414449376586,-4.98478039754919,"SFXN5"
"224972_at",-0.191303207320272,8.37829641120611,-1.3334509156536,0.194122736976357,0.677282423537682,-4.98938712738565,"ROMO1"
"209303_at",-0.186223492724504,8.76159341058679,-1.32731960576561,0.196113911521382,0.678702301574275,-4.99655762880794,"NDUFS4"
"218188_s_at",-0.19348463408988,8.03492124297977,-1.32668651870741,0.196320409620752,0.678702301574275,-4.99729640098636,"TIMM13"
"217919_s_at",-0.243089620135989,7.39135408250291,-1.32302225584298,0.197518921840446,0.679771450074723,-5.00156641137936,"MRPL42"
"1555437_at",-0.31937304624785,4.89020748732992,-1.32015402534729,0.198461018172934,0.680506413536962,-5.00490170944354,"EARS2"
"226598_s_at",0.430478072730621,2.5821172077172,1.31993004670251,0.198534732261611,0.680507956520867,-5.00516189902413,"MTG2"
"226238_at",-0.224647905441035,6.22206097023619,-1.31765359012589,0.19928514521712,0.681377776679882,-5.00780423781531,"MCEE"
"223328_at",-0.203694104822523,7.94580619216199,-1.31729375268393,0.19940396300626,0.681377776679882,-5.00822155055808,"ARMC10"
"224459_at",0.557863088980815,3.19507179496572,1.31676976686948,0.199577080381614,0.681377776679882,-5.00882905489109,"L2HGDH"
"241395_at",-0.629378951046786,4.35707753506077,-1.31574955056973,0.199914478807134,0.681633993475101,-5.01001128712966,"NIT1"
"204476_s_at",0.202833259149444,8.11588864840913,1.31534177420672,0.200049458971658,0.681830636113025,-5.01048359984715,"PC"
"225126_at",0.259065013489461,6.06349687798178,1.31091204546856,0.201520311805284,0.68336334775882,-5.0156062659845,"MRRF"
"201339_s_at",-0.155132683342781,9.322565672653,-1.31087316216026,0.201533259561848,0.68336334775882,-5.01565116581008,"SCP2"
"217860_at",-0.185281999131327,9.59100100394378,-1.30942715143053,0.202015223266138,0.683807745832249,-5.01732010604191,"NDUFA10"
"206357_at",-0.50396618441302,4.86457622240962,-1.30808236945949,0.202464245125686,0.684227719374311,-5.01887078524829,"OPA3"
"222275_at",0.19753973949497,7.18024024088126,1.30744691173269,0.202676691908138,0.684259705693446,-5.01960305850575,"MRPS30"
"208826_x_at",-0.255433059006652,10.7755379720368,-1.30743601679034,0.202680335814285,0.684259705693446,-5.01961561067612,"HINT1"
"1568913_at",0.79519265853543,3.28731791476353,1.30637554169049,0.203035262747651,0.684691906804772,-5.02083696245189,"NSUN3"
"244641_at",0.336524839669785,5.89470759785074,1.30615727060248,0.203108374651962,0.684691906804772,-5.02108823965041,"MALSU1"
"229426_at",-0.372852584053747,5.86204628341901,-1.3057146369295,0.203256701215133,0.684939864715858,-5.02159769540058,"COX5A"
"226773_at",0.191075484539889,10.0086556911251,1.30457487815304,0.20363901897781,0.685289897332055,-5.02290883139046,"PPM1K"
"224332_s_at",0.184418643763089,7.92911682027573,1.30431428253427,0.203726510341495,0.685340996420806,-5.023208472004,"MRPL43"
"206561_s_at",0.729026058270791,3.26122139075384,1.30191107854934,0.204534719223464,0.686359643847104,-5.02596931052239,"AKR1B10"
"201106_at",-0.209940470570131,10.7172359537949,-1.29967944707193,0.205287437459595,0.687421350331538,-5.02852910407099,"GPX4"
"212600_s_at",-0.208527068445715,9.86833487418903,-1.29817862213752,0.205794856634762,0.687762772970133,-5.03024849057752,"UQCRC2"
"215792_s_at",-0.190792511618209,7.17122297140224,-1.29803015628561,0.205845104399087,0.687762772970133,-5.03041848378628,"DNAJC11"
"214711_at",-0.34366379220998,6.69600692561565,-1.2979386630934,0.205876074661737,0.687789939324451,-5.03052323499977,"GATC"
"241999_at",-0.753363790029179,3.64658594474849,-1.297844560487,0.205907931946493,0.687810098078467,-5.03063096708892,"SFXN5"
"1557415_s_at",0.336018513840976,4.695898693975,1.29780863008644,0.205920096744211,0.687810098078467,-5.0306720997373,"LETM2"
"212172_at",0.319906927517657,5.03875422222073,1.29699045407707,0.206197252701588,0.688014704040763,-5.03160847026557,"AK2"
"222697_s_at",-0.263506587903717,7.23213942340226,-1.29357082619538,0.20735875388941,0.688900613983322,-5.03551657033691,"ABHD10"
"210253_at",0.196721525863589,7.33658557799174,1.29026539512502,0.208486240412927,0.690109926625595,-5.03928567064229,"HTATIP2"
"218435_at",-0.221027115868174,8.27602779227391,-1.29019433785224,0.208510529719309,0.690109926625595,-5.03936660376186,"DNAJC15"
"1555916_at",0.188004616227759,7.95677673119933,1.28810983959733,0.209224034947876,0.690298802377131,-5.04173909603669,"RPUSD3"
"225555_x_at",0.329588803088948,5.48727996870044,1.28793686654133,0.209283326169593,0.690306935619315,-5.04193581764118,"AURKAIP1"
"200708_at",-0.233986824276165,9.19216461204648,-1.28735927192155,0.209481405843229,0.690430358854797,-5.04259254791904,"GOT2"
"205371_s_at",-0.353861685243427,5.49904727762092,-1.28464024307681,0.210415799103542,0.691609097733975,-5.04568067657286,"DBT"
"226019_at",0.334473345453943,7.80471012871378,1.28284825202803,0.211033360611013,0.692212946435867,-5.04771282843745,"OMA1"
"208911_s_at",-0.241526318588732,8.00020038552844,-1.27770028323457,0.212815193401396,0.693465341697075,-5.05353702322769,"PDHB"
"1552486_s_at",0.228432007407573,4.7994938018633,1.27493717395906,0.213776304748081,0.694344001202191,-5.05665469768853,"LACTB"
"205676_at",0.565006002194138,3.69708794397342,1.27432569275487,0.213989448105593,0.694436542131653,-5.05734385199843,"CYP27B1"
"221053_s_at",-0.294756361992909,4.28015440011076,-1.27368997198399,0.214211212748838,0.69459814125117,-5.05806002012841,"TDRKH"
"231958_at",0.5429627743302,4.71839188994624,1.27360065701244,0.214242383418298,0.694624097567391,-5.05816061257858,"TAMM41"
"210326_at",-0.683723201364752,3.15464184803467,-1.2723914860962,0.214664721666158,0.694872669803023,-5.05952185740686,"AGXT"
"213840_s_at",0.745249557016982,3.30622784858918,1.27187753746732,0.214844425666033,0.694949306551896,-5.06010010326677,"MRPS12"
"208818_s_at",0.181381406607591,9.42868413025203,1.27154066188312,0.214962277739335,0.694961022665008,-5.06047901320871,"COMT"
"240391_at",0.265760917202573,5.12941051902152,1.27043393470533,0.215349801016691,0.695526470996471,-5.0617232198689,"NDUFB2"
"241933_at",-0.270356265312011,5.53614142076264,-1.26997562097186,0.215510436741974,0.695622383684374,-5.06223819005506,"QRSL1"
"1555679_a_at",-0.266958094312455,5.49361361023716,-1.26722352636083,0.216476949928368,0.696515604084708,-5.06532709507099,"RTN4IP1"
"221224_s_at",-0.239339111970574,5.72702688923304,-1.26543543189061,0.217106683095814,0.696860895556724,-5.0673308950461,"DCAKD"
"214299_at",-0.330984447250791,5.00954561723876,-1.26483837590114,0.217317265553002,0.696860895556724,-5.06799942756626,"TOP3A"
"240300_at",-0.449174407272227,4.1476311898966,-1.26389910267854,0.217648863409029,0.697190007822825,-5.06905058943731,"TK2"
"215030_at",-0.175039654544193,7.2872770462121,-1.25945875563013,0.219221687164193,0.698889752516999,-5.07401066569186,"GRSF1"
"211023_at",-0.231189393094786,9.93351743905047,-1.2567087980244,0.220200080856943,0.699976688280524,-5.07707486190915,"PDHB"
"226919_at",-0.237118244024353,6.40616920301466,-1.25637784580412,0.220318052070433,0.700081492872409,-5.07744323809231,"LYRM2"
"1568834_s_at",0.281120034311905,6.44297271584955,1.25575111006181,0.220541589842147,0.700081492872409,-5.07814061283553,"CCDC90B"
"231265_at",0.573274197258909,3.66707806419033,1.25253920778119,0.221689883452682,0.701120878566684,-5.0817097576686,"COX7B2"
"224509_s_at",-0.502314931257436,5.29436007939742,-1.25116179143967,0.222183714349126,0.701865367607783,-5.08323793011629,"RTN4IP1"
"237797_at",0.768634169723806,1.20832880347775,1.25069689598019,0.222350576758059,0.702065839001582,-5.08375337602073,"DNM1L"
"207348_s_at",0.276247820669378,5.12528105910581,1.24796404503857,0.22333338620106,0.703203021826509,-5.08677999814811,"LIG3"
"244011_at",0.326203242897322,6.36779336710666,1.24713396442788,0.223632557277754,0.703483776219349,-5.08769816302935,"PPM1K"
"235384_at",-0.225027785847462,7.35251364021511,-1.24698198889436,0.223687363964873,0.703483776219349,-5.08786620762717,"NUDT19"
"202000_at",-0.144333495866004,7.98378618206308,-1.24676694161712,0.223764933497326,0.703546171434809,-5.0881039622246,"NDUFA6"
"225018_at",0.216723955631662,7.95691689856087,1.24555465159651,0.224202598927336,0.704089709681858,-5.08944358953793,"SPIRE1"
"242149_at",-0.296213024483504,4.9106723635352,-1.24207921009312,0.225460908392189,0.705532798547055,-5.09327776465567,"FAM210A"
"201128_s_at",-0.2686467900002,9.15334696354918,-1.24140052420791,0.225707253956906,0.705826000623143,-5.09402540955416,"ACLY"
"217204_at",0.724518097889202,2.70370702050341,1.24137833575563,0.225715311230749,0.705826000623143,-5.09404984646048,"MTRF1L"
"1554480_a_at",-0.15755625584442,7.5895175178081,-1.24054308435946,0.226018773588315,0.706140154612118,-5.09496945934012,"ARMC10"
"215088_s_at",-0.168461773981897,8.59343211581345,-1.23922566132457,0.2264980446534,0.706429399011951,-5.09641884178892,"SDHC"
"231994_at",0.472963159241157,5.50388465642345,1.23798302663238,0.226950811629299,0.706667723911451,-5.0977847081028,"CHDH"
"222591_at",0.349313307130093,4.25528557613303,1.23653414178608,0.227479590957241,0.707297982661524,-5.0993757617524,"STYXL1"
"225719_s_at",-0.217763208927314,7.27422512633994,-1.23651537684056,0.227486445435132,0.707297982661524,-5.09939635725571,"MRPL55"
"1561048_at",-0.68398393588681,3.22132998937696,-1.23648542449881,0.227497386779327,0.707297982661524,-5.09942923094033,"RARS2"
"240344_x_at",-0.187179203335951,8.08339246043303,-1.23613104508185,0.227626868828758,0.70747655016825,-5.09981812106538,"LYRM7"
"40273_at",-0.183419613411587,7.66118485438422,-1.23518886054805,0.227971391871838,0.708163677438779,-5.10085158345669,"SPHK2"
"232245_at",0.635356717430405,2.74356668017319,1.23438950314676,0.228263996625462,0.708446231803551,-5.10172783992923,"SLC25A34"
"218190_s_at",-0.187255516989042,10.8009304259712,-1.23385905722956,0.228458322695508,0.70866307876047,-5.10230904071509,"UQCR10"
"222216_s_at",0.215343937429838,7.2801402792503,1.23330471171003,0.228661537596073,0.70875446320749,-5.10291619373766,"MRPL17"
"200798_x_at",-0.359647682905502,8.01569710455576,-1.23321735928279,0.228693572140169,0.70875446320749,-5.10301184561397,"MCL1"
"1557571_at",0.639119323903153,1.63033866916325,1.23273192551121,0.228871655766666,0.70883923927975,-5.10354329267931,"VPS13D"
"231845_at",0.199267445374736,6.61427534303454,1.23209310494762,0.229106169384773,0.709005615709284,-5.10424238599974,"AARS2"
"203517_at",-0.209012154219896,8.17799920188184,-1.23118130560583,0.229441208395849,0.709460644300101,-5.10523966279742,"MTX2"
"230364_at",0.281978982690728,6.38413114397543,1.23116590364166,0.229446870989725,0.709460644300101,-5.10525650306773,"CHPT1"
"239194_at",-0.288669632186798,1.77861814560681,-1.23096440889872,0.22952096104315,0.709487119880384,-5.10547679728251,"DNAJC30"
"208967_s_at",-0.163925845851452,8.12525263331602,-1.22977503638828,0.229958663265991,0.709765639900009,-5.10677649351337,"AK2"
"202411_at",-0.32604138834452,7.9396447381698,-1.22976838316331,0.229961113493845,0.709765639900009,-5.1067837607755,"IFI27"
"204389_at",-0.298129589183552,6.69762918627366,-1.22887356675205,0.230290832785059,0.709785528849576,-5.1077608467408,"MAOA"
"218786_at",0.410148291563352,5.33347834777569,1.22868379507355,0.230360805031814,0.709785528849576,-5.10796798578981,"NT5DC3"
"221425_s_at",-0.263263623601194,7.28735234385119,-1.22661388583134,0.231125057997552,0.710122477371364,-5.11022550267114,"ISCA1"
"227468_at",-0.307778542520361,6.26514090128765,-1.22438411050478,0.231950470122817,0.710648408603485,-5.11265363342285,"CPT1C"
"203634_s_at",0.660830207615695,2.9817092100048,1.22008870080646,0.233546778356705,0.712645014705888,-5.11732020356317,"CPT1A"
"217883_at",-0.167159603361173,9.41473267942746,-1.21974264156101,0.23367574305111,0.71272275995829,-5.11769553741792,"MMADHC"
"222148_s_at",0.141863534192598,8.51976120384132,1.21903000891623,0.233941485808714,0.713060158463064,-5.11846815956823,"RHOT1"
"201066_at",-0.261396183515589,8.96142252824987,-1.21900515571758,0.233950757730347,0.713060158463064,-5.11849509774247,"CYC1"
"213132_s_at",-0.32073590671184,5.97069403921479,-1.21799959908076,0.234326129684927,0.71346001750145,-5.11958460679148,"MCAT"
"234907_x_at",0.721350851689085,1.9582185324876,1.21769214614339,0.234440991332237,0.713523507085308,-5.11991757054932,"POLB"
"209092_s_at",-0.216584522676718,7.97791039718944,-1.21680391444054,0.234773064026434,0.713678444953319,-5.12087908735391,"GLOD4"
"230575_at",-0.372512203065012,5.63391864575021,-1.21588820590944,0.235115778421003,0.713991732499736,-5.12186970134044,"MSRB2"
"1562830_at",0.356048761074942,4.26693487312346,1.21578281488365,0.235155246281563,0.714023291828608,-5.12198367127269,"METTL15"
"222269_at",0.418658147735366,5.25690755720182,1.21569144286999,0.235189468186385,0.714031880016539,-5.12208247399462,"APOOL"
"224415_s_at",-0.176236127720608,8.39613811378784,-1.21503871763736,0.235434044465539,0.714074095009609,-5.12278809103255,"HINT2"
"221562_s_at",-0.214686959181005,6.43217699634312,-1.21418833658139,0.235752968395548,0.714360690466884,-5.12370687972286,"SIRT3"
"228272_at",0.206368169780895,6.75836850132085,1.21319123759589,0.236127329196819,0.714894381261132,-5.12478346711075,"DNLZ"
"243738_at",0.335486987457758,5.21600126899592,1.2123660649221,0.236437476951376,0.715215834405969,-5.1256738329752,"NMNAT3"
"239252_at",-0.452667282750627,7.49894568189426,-1.21188742501476,0.236617517370793,0.715384075951617,-5.12619004344521,"COX7B"
"1558590_at",-0.525899180015019,4.45989107625282,-1.21165430844524,0.236705241349988,0.715494021310477,-5.12644139331356,"METTL17"
"204286_s_at",-0.710296362269334,3.53557721128108,-1.21060220350614,0.237101461451948,0.715635468894217,-5.12757525879512,"PMAIP1"
"231078_at",0.714124248264818,3.72834466046711,1.20923563830945,0.237616847501378,0.716014197413729,-5.12904672522595,"SLC25A37"
"223617_x_at",-0.370617526711415,6.24912496877062,-1.20480370402485,0.239294073271043,0.717433973146491,-5.13380877968674,"ATAD3B"
"201612_at",-0.198847040821376,9.95317125906165,-1.2046539528723,0.239350899363633,0.717433973146491,-5.13396941583523,"ALDH9A1"
"205661_s_at",-0.144356974382752,6.41546339559347,-1.20453982245976,0.239394215218077,0.717433973146491,-5.13409183023666,"FLAD1"
"212434_at",0.163950066207535,7.82489430994799,1.20350060233245,0.239788899339146,0.717433973146491,-5.13520600959618,"GRPEL1"
"208478_s_at",0.276903172136678,5.41702614700459,1.20317021214245,0.239914479572013,0.717433973146491,-5.13556005306101,"BAX"
"202077_at",-0.255888131778296,10.3520362488733,-1.20167992144537,0.240481544596644,0.717475430675636,-5.13715596975357,"NDUFAB1"
"228445_at",0.247501193640526,5.81556989815244,1.20137829712771,0.240596436180494,0.717475430675636,-5.13747875947807,"AIFM2"
"227118_s_at",0.366538554476321,1.14209686922659,1.1998994783278,0.24116032516531,0.717737706569121,-5.13906031332313,"MRPS26"
"232146_at",0.246435098940284,5.57274365963618,1.19960717786689,0.241271898959199,0.717737706569121,-5.13937271649474,"NDUFC1"
"225196_s_at",0.181777310718161,8.39546398865732,1.19549402692848,0.242846011052353,0.719046586445447,-5.14376161173927,"MRPS26"
"208907_s_at",-0.174836783849575,7.45607301184801,-1.1950305481372,0.24302386386832,0.719170511910775,-5.14425532646473,"MRPS18B"
"213398_s_at",0.132186000038233,8.71492713081254,1.19285913304549,0.243858402569084,0.719964165167275,-5.1465661427764,"SDR39U1"
"227153_at",0.371231493303705,6.11458281283697,1.19220338930332,0.244110842935907,0.720038453312477,-5.14726325317361,"IMMP2L"
"237334_at",0.452831110802427,3.63142849450592,1.19125586143775,0.244475954183634,0.720038453312477,-5.14826995524337,"SFXN2"
"220631_at",0.237847499030046,6.49830046559984,1.18963382229477,0.245101917480369,0.720084970259893,-5.14999164799278,"OSGEPL1"
"216540_at",0.466061624130782,3.88418182763021,1.1889122500462,0.245380762926876,0.720156032679768,-5.15075688415042,"YME1L1"
"216696_s_at",0.558242557568755,4.57938454315012,1.18874039440297,0.245447209819784,0.720156032679768,-5.15093907853278,"PRODH2"
"227977_at",0.215886989172852,5.96370439845698,1.18770227673161,0.245848875736635,0.720661790044695,-5.15203915275805,"ZADH2"
"206504_at",0.640787622948512,2.86328646125425,1.18643325302783,0.246340546172826,0.721264581218237,-5.15338275739955,"CYP24A1"
"204034_at",-0.154676996191288,6.87076816656724,-1.18420309154737,0.247206367814254,0.722179020069669,-5.15574090236904,"ETHE1"
"231749_at",-0.523838763372457,1.69973265098301,-1.1836250341549,0.247431156597582,0.722462267594874,-5.15635149130278,"TIMM13"
"201060_x_at",0.274489748051352,9.50126840435635,1.18090982199713,0.248489047895727,0.723045520752485,-5.15921597139476,"STOM"
"223157_at",0.174844601128758,7.13504443521902,1.18046921442023,0.248661031460961,0.723215351622214,-5.15968025101727,"NOA1"
"201919_at",-0.151187957752707,9.38926719390259,-1.17998731193336,0.248849234737029,0.72345283303607,-5.16018786817832,"SLC25A36"
"202825_at",-0.277987716124079,8.69403287956946,-1.17838285360304,0.249476603923243,0.724142967124657,-5.16187661616556,"SLC25A4"
"225153_at",-0.171826403677286,9.03606791192716,-1.17728354553677,0.249907126667843,0.724589850574131,-5.1630324987533,"GFM1"
"225552_x_at",-0.140362467425236,9.65992113623884,-1.17727590260935,0.24991012179599,0.724589850574131,-5.16304053166262,"AURKAIP1"
"217612_at",0.488518356682876,4.80333362453021,1.17630416424274,0.250291145309361,0.724875699328099,-5.16406147604779,"TIMM50"
"221641_s_at",-0.252479213058189,6.94835640782205,-1.17557640827774,0.250576783419793,0.725301796393452,-5.16482559327741,"ACOT9"
"234976_x_at",-0.640857101975201,1.95316595189037,-1.17491644072049,0.250836023534043,0.725610539791207,-5.16551817208233,"MTHFD2"
"1565162_s_at",-0.462620117710749,9.11669248773996,-1.17488816293309,0.250847135686131,0.725610539791207,-5.16554783945528,"MGST1"
"235418_at",0.207936611452281,6.30516691313906,1.17348405684156,0.251399356640707,0.726211252513074,-5.16702014648895,"FAHD2A"
"217307_at",0.277874683667868,5.32029530774903,1.17180571023864,0.252060611797962,0.72657374641662,-5.16877796234348,"ACO2"
"203092_at",-0.233609203414631,6.4276632711042,-1.17059949759512,0.25253664274665,0.72657374641662,-5.17003990800016,"TIMM44"
"241755_at",0.314491885848224,6.45840650989911,1.16945386416943,0.252989380395984,0.726823854435339,-5.17123740567308,"UQCRC2"
"1555943_at",-0.29594599891495,4.87795337317244,-1.16902444327166,0.253159235531079,0.726950557312884,-5.17168599838642,"PGAM5"
"202330_s_at",0.245866394012118,7.69006663692086,1.16818154506211,0.253492884053207,0.727452793533502,-5.17256610241802,"UNG"
"200797_s_at",0.256674450377665,9.62188034736317,1.1676083951679,0.253719941973648,0.727647381129844,-5.173164228901,"MCL1"
"202942_at",-0.152418811658324,8.83499711520114,-1.16743859493272,0.253787238488193,0.727682391269092,-5.17334137852217,"ETFB"
"204277_s_at",0.305592071938634,6.42781454611735,1.16738720370454,0.253807608843354,0.727702385703525,-5.17339498957615,"TK2"
"225449_at",0.328636443749076,5.55967583539194,1.1665323499205,0.254146630976577,0.728059507519556,-5.17428646057169,"RDH13"
"209522_s_at",-0.158532252289851,7.20811875963902,-1.16440061796914,0.25499349769418,0.728800699196121,-5.17650697308533,"CRAT"
"218323_at",0.147041383693146,8.6411152276101,1.1629389483822,0.255575370912404,0.729329344614118,-5.1780274280387,"RHOT1"
"218978_s_at",0.661572781484157,4.28299619853046,1.16222146841586,0.255861348572542,0.729493185540929,-5.17877314147449,"SLC25A37"
"214358_at",0.512184876255837,3.60854928952298,1.16204330281949,0.255932399424727,0.729520154909338,-5.17895825453575,"ACACA"
"243529_at",0.25893929011232,5.35689240233648,1.16121444857047,0.256263130034085,0.730003183196529,-5.1798190972317,"MARS2"
"211733_x_at",-0.162291028181524,9.48808094221705,-1.15905707870124,0.257125441040878,0.730735081339357,-5.18205716247135,"SCP2"
"220690_s_at",-0.450014845168997,6.00848739581955,-1.15798760125117,0.257553706354121,0.730782569297405,-5.18316526851463,"DHRS7B"
"213520_at",0.417585237765242,2.66476437067421,1.15789969437154,0.257588931396716,0.730782569297405,-5.18325630997286,"RECQL4"
"222597_at",-0.224021910817943,5.96190152860031,-1.15391662347629,0.259188698262464,0.731695542051267,-5.18737494451444,"SNAP29"
"231918_s_at",-0.28359860736095,5.81870546828597,-1.15317038251924,0.259489228939158,0.731969284872028,-5.18814517608641,"GFM2"
"222006_at",-0.297651351550549,6.89430902166707,-1.15133362439084,0.260230028076975,0.732489900581939,-5.1900390898939,"LETM1"
"201634_s_at",-0.202833763903824,7.1344269498993,-1.15052924191546,0.260554938421104,0.732737413676289,-5.19086765469449,"CYB5B"
"222572_at",0.295580290204469,8.16719514312084,1.14924255674379,0.261075280963015,0.733289576056106,-5.19219194714667,"PDP1"
"1565756_a_at",-0.528853307470453,4.27402464432449,-1.14714473636697,0.261925282645326,0.734060790548547,-5.19434824572749,"METAP1D"
"202945_at",-0.392419249922472,5.54671471516733,-1.14671435256867,0.262099917110535,0.734101374862941,-5.19479019184294,"FPGS"
"225993_at",-0.249325901279202,5.41076685012338,-1.14569968443617,0.262511970649155,0.734794424787382,-5.19583153288144,"EARS2"
"207098_s_at",-0.209329245828363,6.77717416652291,-1.14358978227388,0.263370312176856,0.735559595361679,-5.19799426174644,"MFN1"
"235061_at",0.224007492037296,9.60513751652359,1.14358333565341,0.263372937904239,0.735559595361679,-5.19800086431537,"PPM1K"
"228053_s_at",-0.221992729082108,8.47001900252685,-1.142736259873,0.263718120820561,0.735715902079338,-5.19886814211103,"TOMM5"
"227113_at",-0.262983191993331,6.92045146971433,-1.14263237037471,0.263760478484525,0.735715902079338,-5.19897446973827,"ADHFE1"
"218496_at",-0.123428251085786,7.74088196974062,-1.14194873655707,0.264039332595978,0.735870869029167,-5.19967393187526,"RNASEH1"
"229299_at",0.2031633707667,6.89109812993607,1.13995985234857,0.264851822717802,0.736226585784041,-5.20170673667719,"NADK2"
"205052_at",-0.222153293025714,8.76961985367076,-1.13942706464154,0.265069784426651,0.736334522102747,-5.20225075178844,"AUH"
"219076_s_at",0.145597387547312,6.35200895153032,1.13774202546337,0.265759990162901,0.7368409027358,-5.20396980213166,"PXMP2"
"201425_at",-0.170229156254294,10.972471906349,-1.13620195897362,0.266391959662853,0.737281079433754,-5.20553896254307,"ALDH2"
"205621_at",-0.157290542390376,6.88381326005383,-1.13421370856502,0.26720946155117,0.738189580537913,-5.20756196005767,"ALKBH1"
"227600_at",-0.172201376605094,5.73234828167566,-1.13045584195447,0.26875955815533,0.739698489253519,-5.21137683342623,"MRPS30"
"201754_at",-0.201086614025557,11.622048819325,-1.12753782202621,0.269967727245857,0.740686281873951,-5.21433129455498,"COX6C"
"224839_s_at",-0.222831532601583,6.66130135570757,-1.12630615706326,0.270478865177495,0.741115365148868,-5.21557628634464,"GPT2"
"223154_at",-0.167878268202796,7.66669119215399,-1.12319191660204,0.271774401508738,0.742101147592536,-5.21871877893457,"MRPL1"
"208998_at",0.303694860206712,7.13285886668958,1.12315268551687,0.271790750457275,0.742101147592536,-5.21875831613271,"UCP2"
"223192_at",-0.143749048912075,8.28537467912427,-1.1229778486937,0.271863619675756,0.742101147592536,-5.21893450210846,"SLC25A28"
"232314_at",0.678523771413103,2.07824745082169,1.12294494733878,0.271877334023413,0.742101147592536,-5.21896765459964,"MTFR1"
"204016_at",-0.149605619036028,6.82606145581755,-1.12283947275493,0.271921302620234,0.742101147592536,-5.21907392839578,"LARS2"
"202950_at",0.209597128304534,7.54295070432899,1.12275620603605,0.271956017191827,0.742101147592536,-5.2191578197241,"CRYZ"
"201127_s_at",-0.19854031533118,7.29779644287117,-1.12270188053069,0.271978667668899,0.742101147592536,-5.21921254973246,"ACLY"
"225143_at",-0.146797475186144,7.42588172343165,-1.12266770954494,0.271992915621174,0.742101147592536,-5.21924697393488,"SFXN4"
"217973_at",0.143514363203529,9.43488299190956,1.11789226632311,0.273989413272027,0.743672820195281,-5.22404855287815,"DCXR"
"221479_s_at",0.21245359063008,10.280942007836,1.11408359112596,0.275589316849394,0.744785497045161,-5.22786489254162,"BNIP3L"
"219589_s_at",0.575774686800212,4.02388514328867,1.11215425119361,0.27640234346275,0.74501008601153,-5.2297936476106,"TMEM143"
"242341_x_at",-0.476908573016156,4.03572372216719,-1.1106127352483,0.277053184469851,0.745378509963238,-5.2313325356835,"GLYCTK"
"215772_x_at",-0.243756487785252,7.74039965139627,-1.11037494000181,0.277153682033801,0.745378509963238,-5.23156975463307,"SUCLG2"
"206069_s_at",0.611970354327312,3.71055936270001,1.1090261062329,0.277724227107882,0.745644761931328,-5.23291445473579,"ACADL"
"201963_at",0.252028287068431,9.42863801084545,1.10887308161002,0.277789008683649,0.745644761931328,-5.23306691751502,"ACSL1"
"234484_s_at",-0.275634841074637,1.31094314831399,-1.10863779475724,0.277888636485955,0.745644761931328,-5.23330130356047,"ACSS1"
"237831_x_at",0.528970533254494,2.28327101381861,1.10512467992776,0.279379264853017,0.747037654242698,-5.2367956434287,"MMAA"
"1555372_at",0.222211955385851,5.7890425806573,1.10503876698023,0.279415790064938,0.747091753584958,-5.23688097216188,"BCL2L11"
"202784_s_at",-0.221532797289439,6.69926958129768,-1.09852085805028,0.282196861399201,0.748734350805902,-5.24333713114065,"NNT"
"238554_at",-0.179359624274142,6.42336204624784,-1.09815436650734,0.282353825089156,0.748871829648086,-5.24369912835037,"CYB5B"
"221917_s_at",0.213548607249513,4.77134147711343,1.0973797698191,0.28268578135713,0.749198131128222,-5.24446386769433,"GRSF1"
"203067_at",-0.170992841508592,8.41209168537573,-1.0964833659715,0.28307028821985,0.74974702143192,-5.24534825668087,"PDHX"
"223613_at",-0.179551102317424,6.46904868992082,-1.0937256486373,0.284255547351805,0.750361705839302,-5.24806492308767,"UQCR11"
"224690_at",0.135136663283484,9.24968626332979,1.09359608027682,0.284311322864129,0.750363074453805,-5.24819241089303,"FAM210B"
"201740_at",-0.179500068613092,9.26769665699056,-1.09333000174056,0.284425886744007,0.750498198264785,-5.2484541741146,"NDUFS3"
"201674_s_at",0.176638982840362,7.88386248744778,1.09251765882789,0.284775857218446,0.750792352354584,-5.24925298661637,"AKAP1"
"222992_s_at",-0.181689167353245,11.1624217321739,-1.09235547059414,0.284845767476962,0.750792352354584,-5.24941240925938,"NDUFB9"
"214332_s_at",0.168637969863312,5.61687087583255,1.09233223518853,0.284855783965282,0.750792352354584,-5.24943524671147,"TSFM"
"203007_x_at",-0.166146187202142,7.34757583598782,-1.09195689657347,0.285017622646509,0.75083526927483,-5.24980409613736,"LYPLA1"
"206903_at",-0.477622133152911,4.08436510707825,-1.08997513527288,0.285873211569187,0.751374070850118,-5.25174969757553,"EXOG"
"227206_at",-0.308389866497682,4.92623884903372,-1.08918730381744,0.286213853569723,0.751518043564059,-5.25252226744553,"NDUFA10"
"201761_at",0.394501807736637,8.1056396895587,1.08811375900978,0.286678499578149,0.751534881278278,-5.25357420372681,"MTHFD2"
"212541_at",0.183522454981403,6.3624059127642,1.08801688448212,0.286720454830008,0.751572322432989,-5.25366908225077,"FLAD1"
"201227_s_at",-0.158739698806934,10.7667403305874,-1.08721396581819,0.287068358801578,0.751587601625365,-5.25445516381683,"NDUFB8"
"203860_at",0.161861281169779,6.79622991946909,1.0861031065168,0.287550190767274,0.752077776487712,-5.25554186397473,"PCCA"
"226798_at",0.235102458490357,6.43764308503307,1.0854119575923,0.287850266148878,0.752391644130445,-5.25621747506239,"BCL2L13"
"229624_at",-0.253745762862087,5.44027540189947,-1.0853215542776,0.287889533001149,0.752436495809201,-5.25630581725906,"OPA3"
"212324_s_at",-0.179849864344648,6.79897724653599,-1.08522228126546,0.287932656832447,0.752498366715977,-5.25640281927023,"VPS13D"
"232330_at",0.43703896766896,3.73483616390145,1.08498847079707,0.288034241475837,0.752510409719806,-5.25663124932769,"COA1"
"226928_x_at",-0.506217673688993,4.93550499232499,-1.08428076561773,0.288341877236863,0.752843399718897,-5.25732239775636,"SLC25A37"
"232919_at",0.464920934096006,4.78507234361938,1.08259483125385,0.289075689366315,0.753238669049193,-5.25896724712477,"AFG3L2"
"235896_s_at",-0.364558891757078,4.68870150649528,-1.0817689592636,0.289435640666245,0.753562053861338,-5.25977214860258,"MIEF2"
"1562892_at",0.515879684688898,4.75783542218464,1.08099910594569,0.28977146445538,0.753894357998244,-5.26052195350326,"CHCHD5"
"213373_s_at",0.433220720780817,4.59737920209819,1.0789762857524,0.290655179014909,0.754516926863781,-5.26248979418132,"CASP8"
"211833_s_at",0.43851333780098,4.4612503983031,1.0787462248265,0.290755807834931,0.754516926863781,-5.26271339091489,"BAX"
"225298_at",-0.129950457771934,8.41347242889293,-1.07683461569344,0.291592907299477,0.755056894262235,-5.2645696190895,"PNKD"
"202264_s_at",-0.144442180092088,7.56704841885251,-1.07552548611314,0.292167168285464,0.755423469484474,-5.26583910258729,"TOMM40"
"203033_x_at",-0.211001876961652,8.16466854733822,-1.07404992144809,0.292815401756445,0.755981422468331,-5.26726830439006,"FH"
"212326_at",-0.165182391394192,7.34760666798528,-1.07294215917718,0.293302726947355,0.756249020229841,-5.26834009235399,"VPS13D"
"217961_at",0.143337645245171,7.0302742685935,1.0723867376722,0.293547284080387,0.756296065676043,-5.26887709955691,"SLC25A38"
"219510_at",-0.633496393134081,3.31166022275875,-1.07157978344801,0.293902851532607,0.756401473180862,-5.26965685131032,"POLQ"
"213374_x_at",0.182233969268529,8.27816534702502,1.0694475941339,0.294843828098576,0.757141507254899,-5.27171460460981,"HIBCH"
"209746_s_at",-0.225372826161579,6.36552763633476,-1.06789059307936,0.295532312615576,0.757346865288396,-5.2732149025838,"COQ7"
"1557360_at",0.234616351974452,6.37876602336623,1.06732536841042,0.295782529155599,0.757575060471455,-5.27375905245991,"LRPPRC"
"219397_at",-0.199088140871791,7.76030414481541,-1.06698003797154,0.295935475715906,0.757736549916875,-5.27409137844352,"COQ10B"
"218702_at",0.276605036455642,5.38675837494438,1.06607124069147,0.296338249233059,0.757965693045533,-5.27496548612813,"SARS2"
"229076_s_at",-0.230111842569978,4.84051902627229,-1.06327211042611,0.297581247901186,0.75859507947354,-5.27765352504666,"TOMM22"
"244205_at",0.449425159157462,3.92880881340641,1.06318754782121,0.297618856644249,0.75859507947354,-5.27773463175196,"ALAS2"
"213333_at",-0.254263906657164,7.51182598058316,-1.0629566384952,0.297721569407995,0.75859507947354,-5.27795607446918,"MDH2"
"221928_at",0.238788276542437,7.20952823462753,1.06277927654075,0.297800480342601,0.75859507947354,-5.27812613545714,"ACACB"
"230370_x_at",0.215330561143269,6.61785458764747,1.05895771060986,0.299504347816114,0.760661304043918,-5.28178413104981,"STYXL1"
"229102_at",0.372387858995771,2.20544653881678,1.05879784216312,0.299575775941426,0.760661304043918,-5.28193689605284,"HTATIP2"
"214826_at",0.450019795988698,4.30171606051747,1.05865899617833,0.299637821141563,0.760745289294634,-5.28206955568794,"PDE12"
"205012_s_at",0.162410130013406,8.14394661578632,1.05768207150492,0.30007462980185,0.761123219312485,-5.28300250622667,"HAGH"
"218716_x_at",0.122983764243598,7.55300893717833,1.05659438028635,0.300561494016226,0.761430060039203,-5.28404031674688,"MTO1"
"204227_s_at",0.163385402456315,6.3861539029512,1.05554757748643,0.301030582433787,0.761800572153903,-5.28503819767569,"TK2"
"205681_at",0.825736089393579,4.96565417606964,1.05514263091955,0.30121218372464,0.761885731781332,-5.28542397810754,"BCL2A1"
"244817_at",0.678824695939409,1.72470554657011,1.0548889645611,0.301325981651739,0.762005852514349,-5.2856655698908,"CARS2"
"230023_at",-0.151206777894247,6.6258429793723,-1.05470620001798,0.301407990926825,0.762005852514349,-5.2858396020762,"NSUN4"
"236642_at",-0.475372911241437,3.01047939454486,-1.05372281809022,0.30184951985466,0.7621742713457,-5.28677552818335,"C5orf63"
"1562490_at",0.556836780219628,2.61655806938433,1.05173618461297,0.302742889771731,0.762914144123225,-5.28866386943977,"THEM5"
"49452_at",0.241750894327046,7.70305578255195,1.0499801099565,0.303534129270697,0.76329119816094,-5.29033036045361,"ACACB"
"220094_s_at",0.153250758074371,8.66950530279232,1.0488552424697,0.304041728283387,0.763818843518721,-5.29139651319471,"MCUR1"
"218112_at",0.176351918003934,7.01369040606895,1.04805067796895,0.304405156039692,0.7640213375154,-5.29215844391583,"MRPS34"
"204386_s_at",-0.127033910772877,9.35252582159884,-1.04786455285933,0.304489273635806,0.764051094547357,-5.29233463049191,"MRPL57"
"214095_at",0.48437276181164,4.3112128418044,1.04629951407526,0.305197225741621,0.764578791507006,-5.29381497414261,"SHMT2"
"221320_at",-0.530211485026942,3.85199781658941,-1.04581091217823,0.305418483729777,0.764588428827072,-5.29427672181215,"BCL2L10"
"225797_at",-0.133589975343005,7.86053487396192,-1.04316733443677,0.306617553317805,0.764896310329593,-5.29677159887442,"MRPL54"
"206317_s_at",0.5534860058144,3.73685139703888,1.04235372020599,0.306987255209018,0.765084355617067,-5.29753829002325,"ABCB8"
"203701_s_at",0.195192700131291,6.67243259132806,1.04198970990671,0.307152760742113,0.765232434069324,-5.29788113052296,"TRMT1"
"217858_s_at",-0.172121431659799,9.39658908959099,-1.04145254054604,0.307397111292936,0.765513644441969,-5.2983868603516,"ARMCX3"
"208714_at",-0.178028099438391,9.46198935599498,-1.03969623617999,0.30819698010035,0.766056997441579,-5.30003871274834,"NDUFV1"
"227585_at",-0.235760108647029,6.378951415201,-1.0391734837299,0.308435337239408,0.766123589179172,-5.30052988503235,"ATAD1"
"203207_s_at",-0.240914370997784,5.78431393060511,-1.03870697462694,0.308648158384016,0.766201738080414,-5.30096802156886,"MTFR1"
"224188_s_at",-0.471716205902019,4.20671682001197,-1.03826209044368,0.308851210059738,0.766234802919067,-5.30138568131904,"XPNPEP3"
"221052_at",-0.308846188089276,4.70091696746388,-1.03724018973216,0.309317974758129,0.766292666408262,-5.30234442967547,"TDRKH"
"225794_s_at",-0.14182564942661,9.78902102678308,-1.0366061287203,0.309607837435374,0.766307986383452,-5.30293887360975,"SMDT1"
"231787_at",-0.431807896806258,4.93961833002417,-1.03551841939876,0.310105529303221,0.766484786286948,-5.30395784909438,"SLC25A27"
"1555808_a_at",-0.276631004385933,5.23184653819862,-1.03513626033578,0.310280522645269,0.766484786286948,-5.30431562736688,"EXD2"
"1559848_at",0.636778394249395,2.88595651517073,1.03478911888512,0.310439541026409,0.76661461126898,-5.30464051764653,"NSUN4"
"201351_s_at",-0.147807706617591,8.51391147244607,-1.03455168886022,0.310548335666706,0.766743840761096,-5.30486267156569,"YME1L1"
"213830_at",-0.472416963476456,3.38494011710042,-1.0336070902328,0.310981431471109,0.767011604036582,-5.30574603467991,"YME1L1"
"227143_s_at",0.191903777815252,6.83813167541066,1.03223261667554,0.311612377453178,0.76749161423175,-5.30703008999073,"BID"
"206782_s_at",0.150523729956508,6.17562554438729,1.03096828164606,0.312193553894717,0.767890255427553,-5.30820987504887,"DNAJC4"
"203158_s_at",-0.266927315243986,7.1289257186096,-1.02996597820169,0.312654819765269,0.768273621818953,-5.3091442133741,"GLS"
"221225_at",-0.532749961051688,3.42793199399828,-1.02789472837998,0.313609527130559,0.768988908210441,-5.31107238453856,"DCAKD"
"201266_at",0.210998343745353,8.97296578083757,1.02748395038745,0.313799109513285,0.769055134635644,-5.31145436539264,"TXNRD1"
"237481_at",0.47579230655949,3.92198497099315,1.02662963572996,0.314193648851556,0.769407544333045,-5.31224834259132,"ACAD10"
"1559977_a_at",0.24476080888183,5.82730838014957,1.02603598169659,0.314468013427153,0.769738792904154,-5.31279971346305,"SLC25A34"
"206848_at",0.182548711759454,6.84168506666351,1.0237461435435,0.315527853514685,0.770175771377216,-5.31492372717257,"COX20"
"218887_at",0.182527401418686,6.90132681992939,1.02317748338676,0.315791439854162,0.77040913676166,-5.31545053403232,"MRPL2"
"205963_s_at",0.107181809563978,7.93842711146013,1.02253807291465,0.316088003407338,0.770655114461416,-5.3160425644044,"DNAJA3"
"208881_x_at",-0.18452049174335,9.36052603339715,-1.02193075728566,0.316369860418638,0.770655114461416,-5.31660456483867,"IDI1"
"222997_s_at",-0.143691786504212,9.30056379528195,-1.02045459371283,0.317055680752022,0.770849562297652,-5.31796931067432,"MRPS21"
"208536_s_at",0.527771922019818,1.21463259584113,1.01995030388337,0.31729020855782,0.771078947193545,-5.31843512430023,"BCL2L11"
"204570_at",0.175341410664167,7.63720698904169,1.0185128254286,0.317959391404024,0.771493903207502,-5.31976177041804,"COX7A1"
"1560757_at",0.662905300224091,2.37414081912011,1.01529269740952,0.319461996510021,0.772570428890763,-5.32272740671387,"TOP1MT"
"216409_at",-0.264557364702038,5.07386055555988,-1.01525437080172,0.319479910410495,0.772571889131744,-5.3227626525493,"ACSL6"
"228820_at",0.472552206191509,4.55625291340002,1.01410022108926,0.320019687500577,0.772850408131841,-5.32382345866229,"XPNPEP3"
"203115_at",-0.222163972487063,5.72188047560181,-1.01357336548986,0.320266299230016,0.772946817147213,-5.32430733675396,"FECH"
"229100_s_at",-0.232234913493329,5.99488150922329,-1.01160812092389,0.321187356203866,0.773588262517486,-5.326110237644,"TIMM22"
"211177_s_at",0.39073305649559,6.34423766108273,1.01092050982783,0.3215100533817,0.773966631784576,-5.32674029011039,"TXNRD2"
"219655_at",-0.393737449938587,3.89782610533894,-1.00968545212364,0.322090231309742,0.774096992146695,-5.32787097783411,"SUGCT"
"209274_s_at",-0.212351721723753,9.2867670037772,-1.0080516666777,0.322858826135504,0.774664474174587,-5.32936475229581,"ISCA1"
"1563970_at",-0.484429638201337,3.29505968904331,-1.00786636918828,0.322946077061277,0.774664474174587,-5.32953403030524,"MRPS27"
"227805_at",0.170407068949351,5.90787891642999,1.00676585261268,0.323464612305378,0.774907238407816,-5.33053881635378,"METAP1D"
"237750_at",0.588091014181174,3.33891531283976,1.00617829869768,0.323741687923088,0.774955065261891,-5.33107484869234,"XPNPEP3"
"202298_at",-0.19554044841628,10.6677134173194,-1.0055448230584,0.324040602544152,0.775017875765071,-5.33165245452857,"NDUFA1"
"218164_at",-0.196085689635678,7.80201499489778,-1.00362266084845,0.32494876785341,0.77531961770259,-5.33340304845695,"SPATA20"
"1554126_at",-0.280329259852638,5.76090939609428,-1.00320792501959,0.325144948314496,0.77531961770259,-5.33378036284389,"MSRB3"
"227910_at",0.514112468667262,2.50372087790412,1.00300569075241,0.325240639804748,0.775344566588403,-5.33396429770846,"XPNPEP3"
"203646_at",-0.23357397878065,6.87605853907268,-1.00193537323309,0.325747406717657,0.775795269940895,-5.33493719979983,"FDX1"
"238427_at",-0.22234975868621,4.74225840335741,-1.00147426534509,0.325965896611968,0.775856253984001,-5.33535604599747,"GRPEL2"
"222014_x_at",0.14103986339091,7.12064573843502,1.00095876103489,0.326210281000274,0.776165843592487,-5.33582409358545,"MTO1"
"225036_at",-0.166834021270183,8.90015282241758,-1.0006378713928,0.326362468382429,0.77636493272924,-5.33611533082505,"TOMM5"
"233091_at",-0.586295175706613,4.2215380636605,-0.996866372415882,0.328154829139464,0.777726515519762,-5.33953189258776,"ATAD3B"
"224729_s_at",-0.117843038523597,8.7921624204756,-0.996154696438111,0.328493802131563,0.777954499848824,-5.34017526379494,"ATPAF1"
"236890_at",0.453608203880198,3.62624660843809,0.995076049049832,0.329008022925759,0.778118944105952,-5.34114958089837,"MTG2"
"206902_s_at",-0.553410952539878,3.37644390355708,-0.993672679840216,0.329677874449909,0.778246101015652,-5.34241576006765,"EXOG"
"224430_s_at",0.142177410685173,7.30880039462506,0.990629236982642,0.331133773817231,0.779457340057393,-5.34515604046396,"MTO1"
"242065_x_at",0.173194036206555,6.28019447511898,0.988112534481098,0.332341018009401,0.780298070243459,-5.34741621222287,"IDI1"
"229229_at",0.46642864806548,3.53569676985906,0.986783630991258,0.332979697221239,0.780617174997855,-5.34860752562328,"AGXT2"
"239622_at",-0.559256740613171,1.82870516635679,-0.986753307731451,0.332994280556235,0.780617174997855,-5.34863469210686,"TRAP1"
"211560_s_at",-0.456063058774264,1.81926561137631,-0.986525122819926,0.333104035308053,0.780617174997855,-5.34883909739502,"ALAS2"
"200748_s_at",0.131390858872483,13.4992555131312,0.985452985506497,0.333620054200089,0.780733750456148,-5.34979892277582,"FTH1"
"225305_at",0.19726535086764,7.89576711168734,0.985201529193856,0.333741158992326,0.780733750456148,-5.35002389871028,"SLC25A29"
"220372_at",-0.46341437332529,3.70460569018852,-0.984927569858873,0.333873135738644,0.780733750456148,-5.35026894778163,"DNAJC28"
"232106_s_at",0.438640382300973,3.58072743180977,0.984482689718955,0.334087527573353,0.780783506191663,-5.35066674718584,"CEP89"
"203647_s_at",-0.216314560682057,7.42575527538227,-0.982985499842527,0.334809727857347,0.781244039138848,-5.35200427751769,"FDX1"
"202148_s_at",0.217662717404097,6.4776315556496,0.98214362961134,0.33521628904304,0.781312752422907,-5.35275554805983,"PYCR1"
"217895_at",0.114851784825535,8.17464473655157,0.981509946503353,0.335522533345023,0.781394908916335,-5.35332064506092,"PTCD3"
"1554161_at",-0.205910240120453,6.66990763006915,-0.977684107561244,0.337375525747509,0.782696684323994,-5.35672526152648,"SLC25A27"
"1568822_at",0.477972594038023,3.05572611408334,0.97746985991126,0.337479499301827,0.782696684323994,-5.35691555845495,"MTG2"
"1560703_at",-0.255121046095068,5.10775511298817,-0.977259779630475,0.337581471628723,0.782752086396694,-5.35710211657021,"LYRM9"
"211070_x_at",0.150728604388503,10.9480347568354,0.976465533649057,0.33796718573774,0.782996176709803,-5.35780709887793,"DBI"
"204548_at",-0.472387583716593,4.33772765035236,-0.976449361729363,0.33797504251147,0.782996176709803,-5.35782144778182,"STAR"
"221622_s_at",-0.14778785097805,9.04870202022375,-0.974313076114415,0.339014002804305,0.783320869748916,-5.35971499023853,"TMEM126B"
"228965_s_at",0.473777851028606,2.90293815656332,0.972577047871842,0.339859899492635,0.784052241267401,-5.36125093998675,"PANK2"
"218083_at",-0.179049085817007,6.67386154811565,-0.971438196753702,0.340415593823799,0.7842194945922,-5.36225716563251,"PTGES2"
"206347_at",0.268941349121869,4.48797096104871,0.969363470498949,0.341429526200824,0.784575899119251,-5.36408748339022,"PDK3"
"223649_s_at",0.144478871625891,7.51719147638091,0.968069854322198,0.342062760437374,0.785331798530677,-5.36522688053222,"SLC25A39"
"208905_at",-0.186920659145279,11.2812416027619,-0.96787319546793,0.342159095981419,0.785486571806717,-5.36539997166071,"CYCS"
"210014_x_at",-0.153199920980757,8.58543612465487,-0.966337275950299,0.342912115783146,0.785951151736116,-5.36675070890805,"IDH3B"
"209745_at",-0.472552230030035,4.29645713507396,-0.966132508228283,0.343012592567038,0.785951151736116,-5.36693063866428,"COQ7"
"214056_at",0.267328728172915,4.87771358801542,0.964446491977125,0.343840655815105,0.786422027982858,-5.36841080578344,"MCL1"
"227608_at",-0.175956954369772,7.26296362733437,-0.963764792069136,0.34417584675954,0.786540124178327,-5.36900859782188,"DAP3"
"218609_s_at",-0.18209995868983,6.6086107023469,-0.963674745347641,0.34422013912895,0.786540124178327,-5.36908753184604,"NUDT2"
"228560_at",0.331300815403042,6.33361811236633,0.961465474464116,0.345308047145639,0.787556369871381,-5.37102202187018,"CHDH"
"1552493_s_at",-0.346534416289924,1.54306734322576,-0.961247000490583,0.345415756015176,0.78765330268808,-5.37121310000698,"CYP11B1"
"222894_x_at",-0.229503394549578,6.74572694890253,-0.960532769350302,0.345768034209228,0.788032802440958,-5.37183748919798,"NDUFAF5"
"201917_s_at",-0.19973129562822,8.66102112216044,-0.958238377029561,0.346901331311831,0.788379188380609,-5.37384037176161,"SLC25A36"
"221855_at",0.123075861555531,7.52463061138275,0.957818950739276,0.347108774144711,0.788550999330507,-5.37420602997851,"SDHAF1"
"218580_x_at",-0.10630335633311,9.45574332355037,-0.956028087897278,0.347995452486907,0.789244968191391,-5.37576564922618,"AURKAIP1"
"228020_at",-0.144208360396821,6.80205077240117,-0.955961756313917,0.348028323349732,0.789264097183068,-5.37582336397045,"PTCD3"
"1556841_a_at",0.469297341180567,2.48807821549052,0.954300685318968,0.348852155128226,0.789264097183068,-5.37726744506947,"ALDH1L2"
"227669_at",-0.270247377751358,7.27984790307789,-0.953450119532762,0.349274512989625,0.789264097183068,-5.37800600001793,"MPC2"
"218136_s_at",0.19826153463062,6.61350418539231,0.951250765120806,0.35036822076319,0.790220120090589,-5.37991289713247,"SLC25A37"
"1566931_at",0.24478414645426,1.30413987956395,0.951184541865935,0.350401188300745,0.790220120090589,-5.37997025120891,"TFB2M"
"227712_at",-0.164117351400351,7.73080533157601,-0.950915775724348,0.350535007978535,0.790285998562988,-5.38020298398392,"LYRM2"
"1861_at",-0.126622236914167,7.08434517814553,-0.949563667952419,0.35120874830596,0.790630670202431,-5.38137289176573,"BAD"
"223602_at",-0.167025742798542,6.44298836809538,-0.948878267193969,0.351550607738042,0.79072509621248,-5.38196534446876,"USP30"
"216204_at",0.486961792071936,3.12286072954647,0.948633290643361,0.351672849596411,0.79073802367395,-5.38217700336988,"COMT"
"200086_s_at",-0.123520919853644,11.4585480237582,-0.947482848635847,0.35224729482509,0.79073802367395,-5.38317030452993,"COX4I1"
"232126_at",0.240870933726316,4.72292459031987,0.946250996735458,0.352863087353322,0.791058523738447,-5.38423265819655,"COQ2"
"237662_at",-0.319961882419537,4.53982524781678,-0.946174577760025,0.352901312317269,0.791058523738447,-5.38429852003927,"SPATA19"
"235305_s_at",0.243118489929172,6.82820046138059,0.945642716921204,0.353167427310723,0.791150922390627,-5.38475676886999,"ECHDC2"
"205960_at",0.276875818630523,7.17935002834522,0.945489170119464,0.353244279001031,0.791172362609426,-5.38488901968552,"PDK4"
"201062_at",-0.563952656493262,2.03592344364302,-0.943886013444769,0.354047343815258,0.791682306754182,-5.38626864024187,"STOM"
"201441_at",-0.154365082024024,10.1707768858874,-0.943140438769558,0.354421238477115,0.791914966334838,-5.38690951671967,"COX6B1"
"237741_at",-0.222614866970731,5.86086970188119,-0.941188965259129,0.355401123835645,0.792409418130883,-5.38858473037019,"SLC25A36"
"33494_at",-0.167251211519653,6.63805567148556,-0.941064188380028,0.355463839075545,0.792434562383928,-5.38869173384941,"ETFDH"
"239001_at",0.405191562705168,6.10656511080004,0.940495974592587,0.35574952769751,0.792637323322878,-5.38917884413549,"MGST1"
"226937_at",0.537282893001798,2.64670063307927,0.938781748690813,0.356612341848718,0.793212215202363,-5.39064673871191,"CRLS1"
"1554537_at",-0.365250051834975,4.48292899384524,-0.93847273961542,0.356768022586162,0.793212215202363,-5.39091107955975,"TMEM126B"
"216103_at",-0.233452919467704,5.79781111570787,-0.938241155166976,0.356884726037918,0.793212215202363,-5.39110913484752,"ACOT11"
"204285_s_at",-0.356090578721982,5.13778849763424,-0.938147186000399,0.356932087632265,0.793212215202363,-5.39118948608194,"PMAIP1"
"225424_at",0.291251896170128,7.24889148159801,0.936900211252401,0.357560975078248,0.793674024122443,-5.39225504356269,"GPAM"
"222754_at",0.167243361579928,7.15850049724151,0.935619781065365,0.358207503657658,0.793873724293598,-5.39334782110055,"TRNT1"
"1560977_a_at",-0.52610005928236,3.0631374232744,-0.935148563902014,0.358445631703913,0.793873724293598,-5.39374963030261,"BCL2L13"
"205306_x_at",-0.619708019980108,2.65318488099276,-0.933774044099691,0.359140843196471,0.794204108826857,-5.39492061708713,"KMO"
"219006_at",-0.184024578171899,7.87832160684727,-0.932681928553705,0.359693858483432,0.794544571171332,-5.3958498771865,"NDUFAF4"
"229500_at",-0.351749378805492,5.04866230246262,-0.932628463516894,0.359720946152377,0.79457209357508,-5.39589534364074,"SLC30A9"
"225901_at",-0.152979447316896,6.56523647377628,-0.930943757977454,0.360575185083328,0.795127504533746,-5.39732677116102,"PTPMT1"
"43427_at",0.225545743638706,7.38362604370773,0.929017303241419,0.361553655723127,0.795574285656957,-5.39896065821393,"ACACB"
"225359_at",-0.131230472147854,7.56908683191582,-0.927321837855402,0.36241626157948,0.796109469692164,-5.40039603505688,"DNAJC19"
"206957_at",0.490674270319921,2.25427299944757,0.926564172012727,0.362802182118699,0.79633225085559,-5.40103668562882,"AGXT"
"203524_s_at",0.153009787582147,7.73377444018158,0.926294096748117,0.362939812054822,0.79633225085559,-5.40126493236045,"MPST"
"241666_at",-0.62417744879605,4.0245432259323,-0.925935612313313,0.363122548640758,0.79633225085559,-5.40156780018872,"TCAIM"
"1567590_at",-0.468711818642091,1.8070955036439,-0.925446433354931,0.363372004850104,0.796482811809368,-5.40198091035165,"METTL15"
"1567591_at",0.359955205993309,2.08201913882198,0.923754681674663,0.364235587050514,0.797327761179382,-5.40340802540753,"METTL15"
"212217_at",-0.218163791753191,9.71039287478844,-0.92164869117108,0.365312521837242,0.797838669983326,-5.40518118909772,"PREPL"
"242750_at",-0.105984791937544,6.91692733964243,-0.92099337604738,0.365648057875563,0.798209912252835,-5.40573217178567,"MMAA"
"205301_s_at",-0.204786886940358,5.26767302843965,-0.920529450136374,0.365885721515495,0.79834486695762,-5.40612201591923,"OGG1"
"202447_at",-0.129941575773119,8.15258023358575,-0.919700461131599,0.366310656798404,0.798565471971969,-5.40681817334946,"DECR1"
"210007_s_at",0.221412358210254,5.14023942037874,0.919059865106473,0.366639246144211,0.798728039464483,-5.40735572501628,"GPD2"
"217043_s_at",-0.129473978916767,7.12852078602682,-0.915890297012832,0.368267918331379,0.799230582319187,-5.41001031792338,"MFN1"
"1552615_at",-0.175409389618384,7.18685705470887,-0.915814301707579,0.36830702675468,0.799230582319187,-5.41007386113753,"ACACB"
"225201_s_at",-0.159377875335612,7.07104920854201,-0.914770617100653,0.368844400926706,0.799787522420895,-5.41094603792227,"MRPL14"
"243001_at",0.231656922133283,5.57335226709588,0.914617612595444,0.368923223564215,0.799798392517595,-5.41107382151992,"RBFA"
"209759_s_at",0.121523307614852,7.22301379827949,0.91408611238023,0.369197120366875,0.799954094063899,-5.41151755585574,"ECI1"
"223480_s_at",-0.138050929573954,8.80971295723581,-0.912525172338591,0.370002290280973,0.800453417376211,-5.41281935174205,"MRPL47"
"208910_s_at",-0.176458797756228,8.72587686187293,-0.912380328044762,0.370077062966578,0.800504606515867,-5.41294004423475,"C1QBP"
"210800_at",0.350685349788603,4.41873431797509,0.911086740079895,0.370745290331442,0.80080670642373,-5.41401714394826,"TIMM8A"
"202110_at",-0.154695955653212,11.0612633389037,-0.910382899889733,0.371109205472498,0.800904625794244,-5.41460259512525,"COX7B"
"222555_s_at",-0.163542531350412,6.53550625741959,-0.910313635508618,0.371145030775298,0.800904625794244,-5.41466018615481,"MRPL44"
"212459_x_at",-0.166641676245174,7.69052418145447,-0.90997165524265,0.371321945006624,0.800904625794244,-5.4149444715448,"SUCLG2"
"232650_at",0.51306791163689,1.34391249053179,0.909793379159219,0.371414193287854,0.800904625794244,-5.41509263153221,"C12orf65"
"223712_at",-0.188715083108487,5.60821564591961,-0.909753809636336,0.371434670429375,0.800904625794244,-5.41512551292656,"PCBD2"
"242168_at",0.470479845129181,3.59655501097436,0.908776310844588,0.371940759465328,0.801056273616,-5.41593736969033,"NDUFS7"
"218315_s_at",-0.1688644937392,6.84838288571859,-0.90730831848521,0.372701646525051,0.801219299321159,-5.41715507566661,"CDK5RAP1"
"237776_at",0.590817029437412,1.71338360261311,0.905972469359772,0.373394928547925,0.80158202566236,-5.41826157381806,"ZADH2"
"232660_at",0.41692092329323,4.55217044816792,0.905727683693796,0.373522059608178,0.80158202566236,-5.41846416766224,"BAD"
"203191_at",-0.195089025673953,1.41367205081376,-0.905705708230791,0.373533474099054,0.80158202566236,-5.41848235288737,"ABCB6"
"219133_at",0.112443660982245,6.48539867015103,0.90514815342519,0.373823155631999,0.801916439620035,-5.41894360531463,"OXSM"
"207721_x_at",-0.202727261601509,10.515888348568,-0.905096780055413,0.373849854436798,0.801942042228022,-5.41898609201349,"HINT1"
"205142_x_at",-0.321586126599347,5.49018881032415,-0.904417416810433,0.374203037923496,0.802256102539013,-5.41954772615992,"ABCD1"
"220839_at",-0.221082506186634,5.4171583585788,-0.90403571905781,0.374401568672616,0.80237827906278,-5.41986310572811,"METTL5"
"207088_s_at",-0.161857544705095,8.09668915146071,-0.903138746793155,0.374868378410713,0.802762487345135,-5.42060374465569,"SLC25A11"
"1553088_a_at",-0.219008347480631,5.64267012685534,-0.90168199176944,0.375627326663837,0.803154035967813,-5.42180514067267,"BCL2L11"
"231790_at",-0.236296736913437,4.5406358771766,-0.901250291272273,0.375852429343544,0.803260347310366,-5.42216081960696,"DMGDH"
"203371_s_at",-0.124530950693692,9.02926155519824,-0.900802574236669,0.376085976757847,0.803446960996189,-5.42252952675539,"NDUFB3"
"203745_at",-0.168622846509591,7.18460566109491,-0.900707892851197,0.376135378573679,0.80348126055392,-5.4226074775559,"HCCS"
"231591_at",-0.478109038519352,2.65815691678744,-0.899786226413701,0.376616497275939,0.803683741141085,-5.42336588239533,"DMGDH"
"201226_at",-0.185358083745293,10.3111115073626,-0.89872225721622,0.37717239931543,0.803989105486834,-5.42424048192858,"NDUFB8"
"243821_at",-0.506770452733973,3.58764276095418,-0.897557001074896,0.377781836307367,0.804435337014547,-5.42519723293353,"MRPS31"
"217942_at",-0.113067381990583,8.3699491337306,-0.89755277353848,0.377784048507699,0.804435337014547,-5.4252007019064,"MRPS35"
"243219_x_at",0.197282195632308,5.53743870617505,0.897540069585524,0.377790696328394,0.804435337014547,-5.42521112624716,"MRPL50"
"238117_at",-0.262638864567031,4.53609342339454,-0.896211822939913,0.378486172613704,0.804580677100759,-5.42630027075919,"PPOX"
"231664_at",0.446239063191211,3.58020043893306,0.895511890076681,0.378852996574553,0.804716853308563,-5.42687360052751,"SLC25A29"
"203177_x_at",0.137089999288003,6.54066173931978,0.894829638841726,0.379210776883477,0.804834443224318,-5.42743204437913,"TFAM"
"219220_x_at",-0.110807105043824,8.32855188497481,-0.894829058636565,0.379211081243353,0.804834443224318,-5.42743251912597,"MRPS22"
"204565_at",-0.13697437132576,7.84335477335925,-0.894362920394155,0.37945565615534,0.804882893112821,-5.42781383901115,"ACOT13"
"242335_at",0.224561195644175,5.56457864180264,0.893885957508939,0.379706016939281,0.805143444430091,-5.42820382183069,"SLC25A37"
"229081_at",0.40428979512125,4.81547694621295,0.893760228362364,0.379772030866743,0.805143444430091,-5.42830659036,"SLC25A13"
"224918_x_at",-0.303416057363617,10.3030347596339,-0.893544341115896,0.379885399626262,0.805143444430091,-5.42848302085171,"MGST1"
"1569121_at",-0.290260671588052,4.3455962863405,-0.893346181524047,0.379989478469779,0.805188437774552,-5.42864492865566,"SLC25A24"
"206497_at",-0.444069185651947,3.75863386473304,-0.893216724951339,0.380057482633548,0.805188437774552,-5.42875068402186,"COA1"
"205633_s_at",-0.1728759808624,7.58488355630971,-0.893054766320574,0.38014257144373,0.80518947056176,-5.42888297073776,"ALAS1"
"47105_at",-0.148086001979703,5.63564302898483,-0.892809901448005,0.380271240565766,0.805316903000168,-5.42908293216611,"DUS2"
"203095_at",0.137780170884958,8.17935177512816,0.890896012518943,0.381277908237329,0.805805633642847,-5.43064408626567,"MTIF2"
"218470_at",-0.171251762868757,6.07497385289329,-0.890262874155827,0.381611307613515,0.805813476990109,-5.43115984652953,"YARS2"
"226831_at",-0.178039883442319,8.9767399796451,-0.889702709012503,0.381906438552095,0.806014451150977,-5.43161587647612,"SLC25A46"
"230404_at",-0.256792173818379,4.49372452025567,-0.888799662544047,0.382382533582502,0.80623610197711,-5.43235048102111,"C5orf63"
"219137_s_at",0.0944783511733996,9.57972528353637,0.887367158650877,0.383138554204119,0.806572811705748,-5.43351435489176,"MFF"
"1558686_at",-0.145104205302687,6.47426252153953,-0.886402647304075,0.383648132393174,0.806825998035191,-5.4342970077705,"MPV17L"
"222117_s_at",-0.370065300671006,3.69921762067257,-0.886284197681127,0.383710742920624,0.806825998035191,-5.43439306886975,"ADCK2"
"232901_at",-0.409725963146134,3.71703074720612,-0.885567568061894,0.384089682900146,0.806825998035191,-5.43497399014834,"RARS2"
"225616_at",-0.140751471940023,5.65745331621734,-0.885157341039057,0.384306712225935,0.806906125451857,-5.43530633460899,"SPRYD4"
"238518_x_at",-0.435201795151703,3.97170293801324,-0.885034900288077,0.384371504522313,0.806952861386117,-5.43540550179183,"GLYCTK"
"239268_at",0.274222461752375,5.73768647290385,0.883447994542315,0.385211892031739,0.807404278750361,-5.43668960734358,"NDUFS1"
"225003_at",0.142754779024905,8.6412862184282,0.88273421623526,0.385590279670597,0.807669782937972,-5.43726648554779,"TMEM205"
"244795_at",0.304159351433228,5.05274648637459,0.880662183682309,0.386690066272352,0.808045046903956,-5.43893863840832,"UQCC1"
"220961_s_at",0.179891764285701,5.05726566937041,0.879444786343615,0.387337177224455,0.808256989106509,-5.43991937632821,"TBRG4"
"203633_at",-0.17157801395838,7.36822564090698,-0.878332171069599,0.387929202453013,0.80833489607814,-5.44081459098825,"CPT1A"
"225304_s_at",-0.180612779134985,9.06163510173309,-0.877442575725001,0.388402978288888,0.808662605664483,-5.44152959968721,"NDUFA11"
"201870_at",-0.15113346993372,6.94576147115354,-0.876719595651626,0.38878829396462,0.808868818658779,-5.44211019234557,"TOMM34"
"202930_s_at",-0.211174509997802,9.03310124250771,-0.876090767155053,0.389123631510798,0.809142386356462,-5.4426148117316,"SUCLA2"
"226537_at",-0.225186088346277,6.04404829837047,-0.872998861605512,0.390775174024988,0.810373688218806,-5.44509105671671,"HINT3"
"201155_s_at",-0.11278880802375,8.9379074969636,-0.86968651291523,0.392549463632067,0.811760070261797,-5.44773474903991,"MFN2"
"232092_at",0.270397364911738,4.43097142881175,0.866330422860059,0.394352452393259,0.812566374062547,-5.4504037440968,"SLC25A51"
"202763_at",0.130394585074066,6.3048619014717,0.865693538115831,0.394695203707439,0.81282431282153,-5.45090914648081,"CASP3"
"218194_at",-0.129359803491795,8.99929833993991,-0.864854960250477,0.395146790944516,0.81323125400486,-5.45157407153284,"REXO2"
"203178_at",0.168706522290647,10.2271409093109,0.863268809989044,0.396001862011058,0.813871666887199,-5.45283010849281,"GATM"
"223742_at",0.166139247936513,6.16272723066552,0.862694465794786,0.39631177455381,0.8139623764591,-5.45328438535715,"MRPL4"
"212323_s_at",0.103720767507171,7.96601257397054,0.862306160299633,0.396521389646343,0.814208174604394,-5.45359135439652,"VPS13D"
"213057_at",-0.202297323766261,5.87300270841309,-0.861601586128449,0.396901913899126,0.814375436525773,-5.45414801371009,"ATPAF2"
"207275_s_at",0.194304912241487,8.81404487735346,0.860848638048488,0.397308821694301,0.814478338625631,-5.45474241953048,"ACSL1"
"1566603_s_at",-0.170710797593282,4.91782458142125,-0.860406608065979,0.397547827417963,0.814478338625631,-5.45509114756935,"RPUSD3"
"231736_x_at",-0.280701207628476,10.1882104106742,-0.859298230879677,0.398147530967146,0.814492521581096,-5.45596483353001,"MGST1"
"244052_at",-0.17756273814693,6.25744203173849,-0.859216211897805,0.398191931461831,0.814492521581096,-5.45602944354628,"CBR4"
"228735_s_at",0.43469078613492,2.41590261814725,0.859029326940136,0.398293112341141,0.814532320665582,-5.45617663955041,"PANK2"
"210688_s_at",-0.245374330903856,4.27146023621931,-0.858641319819033,0.398503234617556,0.814613077598842,-5.45648214919753,"CPT1A"
"229332_at",0.43520237420172,2.1294513950555,0.857258407717109,0.39925271516184,0.814796532630494,-5.4575699745585,"HPDL"
"239185_at",-0.321762198779355,4.92776579210728,-0.856274537213276,0.399786478563278,0.815064292928352,-5.45834290361392,"ABCA9"
"217226_s_at",-0.152243269541547,7.59411199075846,-0.855294361854817,0.400318689163465,0.815432193204753,-5.45911210078839,"SFXN3"
"223918_at",0.45193027875808,2.87648505953153,0.854033544464023,0.401003944371898,0.815916539187857,-5.46010031613462,"ACSL6"
"226482_s_at",-0.381052682076595,5.62688579589346,-0.853741809660638,0.40116260872354,0.816044262923459,-5.46032877967058,"TSTD1"
"224460_s_at",-0.179397287407128,4.87503960812897,-0.85315071576211,0.401484206420928,0.816155598046007,-5.4607914526457,"L2HGDH"
"223989_s_at",-0.186896633115835,6.10387530694727,-0.85297356096083,0.401580623327751,0.816155598046007,-5.46093006019204,"REXO2"
"218795_at",0.159061175982548,6.51053120809664,0.851710119380664,0.402268681146354,0.816445566363601,-5.46191780412302,"ACP6"
"201903_at",-0.183950373861973,9.56085925275724,-0.849271575794854,0.403598804307782,0.817341531799445,-5.46382033761614,"UQCRC1"
"219420_s_at",-0.226972976286201,6.26997070096644,-0.848864462100988,0.403821139243348,0.817508749013902,-5.46413746512711,"COA7"
"213564_x_at",-0.107152670606996,12.3952450333519,-0.848517388956545,0.40401074586689,0.817508749013902,-5.46440771022601,"LDHB"
"212973_at",0.135580866108259,6.76126369019522,0.848420745489875,0.404063552396356,0.817508749013902,-5.46448294221678,"RPIA"
"232761_at",0.394892916201695,4.72802700257419,0.847764404245043,0.404422296687629,0.817691351241574,-5.46499365708539,"COX4I2"
"204067_at",-0.152189519220098,7.31717319556075,-0.846720305790357,0.404993397918428,0.817935515051488,-5.46580532918718,"SUOX"
"225212_at",-0.171017130867977,6.84567006014086,-0.844974154278713,0.405949649126666,0.81835004767873,-5.46716066810134,"SLC25A25"
"205976_at",-0.174882798374641,5.04535788337297,-0.84469022352892,0.406105274068507,0.818509323816443,-5.46738080247654,"FASTKD2"
"236436_at",-0.498265878617913,4.03523053004914,-0.843754707891711,0.406618305397977,0.818692753821904,-5.46810562468503,"SLC25A45"
"209460_at",-0.120030822769953,10.3948117146675,-0.842529888280547,0.407290608443173,0.819013206865325,-5.46905345235355,"ABAT"
"239562_at",0.345032954596457,4.56370810634766,0.840958347370414,0.408154254561446,0.819468881459561,-5.47026769253649,"MTHFD2L"
"205370_x_at",0.163923997585355,9.99697375073332,0.840588156007888,0.408357862672327,0.819468881459561,-5.47055340779547,"DBT"
"1554807_a_at",0.139849424319747,7.27905057505864,0.839648397032012,0.408875025148647,0.819630484083468,-5.4712781858251,"SPIRE1"
"216203_at",-0.185481293115965,4.59657572088669,-0.83595024712175,0.410914176265996,0.820595931059871,-5.4741229265822,"SPTLC2"
"228524_at",0.413104437699002,3.19336142445224,0.835925424458195,0.4109278850078,0.820595931059871,-5.47414198104734,"ADCK5"
"239798_at",0.255298269993557,5.30333764415056,0.835377374793425,0.411230628135307,0.820599872425527,-5.47456254116975,"PDK1"
"220647_s_at",-0.0994111702279028,7.68232387327504,-0.835278991561809,0.411284989967597,0.820599872425527,-5.47463801058494,"COA4"
"209645_s_at",-0.354499762334188,4.43517908122522,-0.835249913158754,0.411301058156897,0.820599872425527,-5.47466031491775,"ALDH1B1"
"205369_x_at",-0.211431957765521,5.53980724105856,-0.833176997449715,0.412447530050836,0.821041324789653,-5.47624844156322,"DBT"
"207813_s_at",0.241896637062982,5.14362562475354,0.832309993691169,0.412927640358031,0.821312397579115,-5.47691157774128,"FDXR"
"214330_at",-0.259042576989799,5.00810416343519,-0.832173476904146,0.413003269580929,0.821319162228048,-5.47701593462651,"ATPAF2"
"225315_at",-0.160973080269293,7.8341321427418,-0.831414150651032,0.413424088966958,0.821658046304606,-5.47759608836767,"MRPL21"
"227686_at",-0.160340049482215,6.53673254439366,-0.830649837315971,0.413847943727101,0.821933207637374,-5.47817954827412,"OXNAD1"
"228880_at",0.173608689983436,8.42797760797494,0.830644856822372,0.413850706584329,0.821933207637374,-5.47818334861395,"NAT8L"
"228264_at",-0.417949495639724,3.87527282414931,-0.83026915789459,0.414059153502092,0.821933207637374,-5.4784699618056,"ACCS"
"201135_at",-0.0971695189045396,9.53798164097283,-0.829274582339404,0.414611285886316,0.822149520952438,-5.47922811341756,"ECHS1"
"225467_s_at",-0.122171401943615,6.41643964407816,-0.829214022369177,0.414644920264875,0.822149520952438,-5.47927424979709,"RDH13"
"200710_at",0.131755438409579,9.63626573415173,0.828826134912912,0.41486038945995,0.822209291181408,-5.47956967861114,"ACADVL"
"216903_s_at",-0.105479033234197,8.257165023586,-0.82598433699856,0.416441129246737,0.823057886236655,-5.48173011621858,"MICU1"
"203663_s_at",-0.168868755798318,10.4143642743329,-0.824678298748468,0.417168869500822,0.823412506331155,-5.48272066608752,"COX5A"
"225802_at",0.237435133109766,5.48556051996931,0.824425226129206,0.417309976433809,0.823551929222919,-5.4829124350926,"TOP1MT"
"240688_at",0.511159204327373,3.45078067155935,0.822453188297976,0.418410555918126,0.824570634763303,-5.48440486922283,"MGST1"
"1555591_at",-0.430205125138453,1.86839267243991,-0.820809429239863,0.419329307506904,0.82490484501272,-5.48564628479215,"PIF1"
"225890_at",-0.108686831808208,6.63685841304296,-0.820434977381539,0.419538776750333,0.82490484501272,-5.48592875406573,"MGME1"
"243492_at",-0.225786248388648,5.23006205733389,-0.820178778229621,0.419682132698291,0.82490484501272,-5.48612194882279,"THEM4"
"212432_at",-0.138475405178457,7.18641354152667,-0.820029078992342,0.419765910856721,0.82490484501272,-5.4862348077149,"GRPEL1"
"224479_s_at",0.101984542418417,7.2376447222122,0.819947787114928,0.41981140966494,0.82490484501272,-5.48629608585855,"MRPL45"
"227973_at",0.135628278627741,7.96583181721238,0.819150051086432,0.420258062916376,0.82490484501272,-5.48689711815386,"C2orf69"
"218200_s_at",-0.114844086867439,10.8290900844542,-0.817427254487995,0.421223667058645,0.825300568865736,-5.4881932270456,"NDUFB2"
"218701_at",-0.146574316120754,7.41185462107522,-0.816812651281172,0.421568477347357,0.825300568865736,-5.48865498681767,"LACTB2"
"227024_s_at",-0.436996571828653,3.3447072762336,-0.81645914610483,0.421766883471316,0.825451944500987,-5.48892043146678,"MRPL55"
"212894_at",-0.0962830361581308,7.115250188303,-0.814581841003015,0.422821499780711,0.826042169002832,-5.49032826825822,"SUPV3L1"
"1552625_a_at",0.145087341764272,5.97460752381366,0.81344178833805,0.423462746596314,0.826348742327872,-5.49118172708613,"TRNT1"
"234737_at",0.447906620916621,3.75604268637937,0.812829515933878,0.423807380942045,0.826478452388913,-5.49163961626311,"NT5DC3"
"240110_at",-0.306093818205767,4.42204743304485,-0.81183133965736,0.424369604449234,0.826689453536583,-5.49238540578555,"HMGCS2"
"217111_at",0.370921827385893,3.21653879743961,0.811798969917447,0.424387844458414,0.826689453536583,-5.49240957640543,"AMACR"
"214060_at",0.220044371995566,6.0320625701594,0.811251269729746,0.424696541378946,0.826791486922796,-5.49281840830919,"SSBP1"
"225638_at",-0.12629083953186,7.60186422742931,-0.809842235249645,0.425491345512891,0.82724447400587,-5.49386898619436,"COA6"
"228142_at",-0.124924686264736,7.33632411849882,-0.809255493544523,0.425822584246011,0.827335206218674,-5.49430595233327,"UQCR10"
"227560_at",-0.341718468345307,5.20071817740727,-0.808804999849832,0.426077013794268,0.827396257269411,-5.49464124680193,"SFXN2"
"201822_at",0.26814300530691,4.3682446533653,0.806344730711139,0.42746818012947,0.828194940551287,-5.49646926611971,"TIMM17A"
"218790_s_at",-0.386239580939903,4.48861206023256,-0.805876415139002,0.427733307758336,0.828328507830326,-5.4968166352944,"TMLHE"
"220903_at",0.383208914891104,2.10365994969936,0.804445383072533,0.428544086699237,0.828740305515849,-5.49787690835354,"GFM1"
"203685_at",0.194014388859327,8.35474653934641,0.803737952218692,0.428945244972978,0.829126188604576,-5.49840039586349,"BCL2"
"224063_at",-0.321850915180372,3.44270373203415,-0.802494200215287,0.429651092048058,0.829658965556311,-5.49931969571786,"NLN"
"220943_s_at",-0.179318401927861,5.34607846966798,-0.801708001921506,0.430097639392359,0.829658965556311,-5.49990010682991,"NDUFAF7"
"229025_s_at",-0.136311132163307,7.38548988927442,-0.80157946982584,0.43017067059432,0.829658965556311,-5.49999494447291,"IMMP1L"
"224522_s_at",-0.2006053945966,6.82983116399862,-0.800296501440419,0.430900063865025,0.829915938507481,-5.50094079612765,"DCAKD"
"1556144_at",0.189995566719418,4.87342961353895,0.799636898328443,0.431275357130296,0.829915938507481,-5.50142652160054,"DHX30"
"201007_at",-0.141302432028924,11.1845028566201,-0.799233125935982,0.431505189868637,0.829974272998061,-5.50172366865071,"HADHB"
"220089_at",0.168676190891904,5.8513283389317,0.799066515109367,0.431600048935932,0.829974272998061,-5.5018462406582,"L2HGDH"
"209003_at",-0.139408444730186,7.91728987807286,-0.79627609597796,0.433190662849094,0.830895170865055,-5.50389549517683,"SLC25A11"
"228069_at",0.283708769047623,3.75124320553319,0.795711903450981,0.433512703895453,0.830962933674429,-5.50430900700955,"MTFR2"
"234945_at",0.452273623694976,1.57299937206679,0.794981334844772,0.433929930253986,0.830977121572292,-5.50484404777942,"MTFR2"
"207200_at",0.316614946405196,1.16094863828821,0.793091702112991,0.435010235837491,0.831476035970894,-5.50622578329966,"OTC"
"218621_at",0.380368158772667,3.13138363841873,0.792674855118434,0.435248769085749,0.831639321767262,-5.50653017027264,"HEMK1"
"1564705_at",0.2872007290305,0.535306236090625,0.792052838363563,0.435604855715998,0.831880763378743,-5.50698409280633,"GLS2"
"209620_s_at",0.108426333148159,6.83057208758865,0.792022758553208,0.435622080050427,0.831884409512695,-5.50700603526792,"ABCB7"
"214364_at",-0.132011418893655,6.07366190891642,-0.790854229358556,0.43629152661107,0.832112834534158,-5.50785783642632,"MTERF4"
"1552470_a_at",-0.521654855134517,1.99405811349195,-0.790793855839667,0.436326131461033,0.832112834534158,-5.50790181340814,"ABHD11"
"227094_at",-0.141062540513928,7.6386944760974,-0.789858702074785,0.436862356202563,0.832426947327539,-5.50858258705606,"DHTKD1"
"1555906_s_at",0.107679171944091,7.15062834104519,0.786129734962364,0.439004571184681,0.833526809205528,-5.5112896062974,"TCAIM"
"236046_at",0.179494038230417,6.04660214635645,0.785258726042044,0.43950586754165,0.833826289914537,-5.51192015903046,"CCDC127"
"219002_at",0.116420348242081,7.74838126046004,0.785192216537033,0.439544160410533,0.833839499089916,-5.51196828025344,"FASTKD1"
"201113_at",-0.104942639619526,9.38274537236441,-0.784761161293114,0.439792389793345,0.83410386038021,-5.51228006532407,"TUFM"
"218760_at",0.3193188727545,5.56474123484418,0.784735080858301,0.43980741132212,0.83410386038021,-5.51229892426164,"COQ6"
"218536_at",-0.0963715983438244,6.59782886971263,-0.784521355486938,0.439930522318532,0.8342752543832,-5.51245344811003,"MRS2"
"218946_at",-0.108674535187465,8.27411667562357,-0.783760012681661,0.440369244434137,0.834541198807645,-5.51300357588596,"NFU1"
"218450_at",0.116612299954693,8.85441426826987,0.783645075481464,0.440435499830272,0.834552363613555,-5.51308658267808,"HEBP1"
"201568_at",-0.138609153078533,10.4219784920589,-0.780848467762252,0.442049466168863,0.835322366900025,-5.5151027114902,"UQCRQ"
"209252_at",0.117446293110486,7.63169963409992,0.779948378552051,0.442569683749444,0.835571229926642,-5.5157501479348,"HARS2"
"228800_x_at",0.252155335143682,5.17075422212508,0.77810545770508,0.443635979076376,0.83586310268474,-5.51707355368484,"AURKAIP1"
"204125_at",-0.132730722823795,7.82125807736831,-0.777625248335428,0.44391407848794,0.835965997769433,-5.51741790492229,"NDUFAF1"
"231983_at",-0.305868793327587,3.56782771882547,-0.777439141198215,0.444021885420863,0.835974742070543,-5.5175513053963,"IBA57"
"201501_s_at",-0.103709832821957,8.63459253957083,-0.77632226116608,0.444669197043655,0.836336462815389,-5.51835124119747,"GRSF1"
"225103_at",-0.134302968880303,7.57357481124235,-0.776300291609743,0.444681935685615,0.836336462815389,-5.5183669653576,"MRPL38"
"226486_at",-0.137396193763168,6.79926323138772,-0.77515114694378,0.445348553447548,0.836675620478813,-5.51918884761616,"MTERF4"
"226006_at",-0.0963343416642946,7.92520745758578,-0.774935515424943,0.445473708305693,0.836782849705401,-5.51934294103202,"PET100"
"218339_at",-0.107758982787909,7.58063058662383,-0.77488215868122,0.445504680412211,0.836782849705401,-5.51938106425057,"MRPL22"
"241027_at",0.200502559616221,4.20626110404867,0.774199191858149,0.445901238481608,0.836977796386896,-5.51986882155477,"OPA1"
"203684_s_at",-0.302271618016295,4.66496528085217,-0.77342632857996,0.446350250884251,0.837205839738227,-5.52042028774595,"BCL2"
"223032_x_at",-0.0937512397691219,8.8890589816587,-0.77337990740169,0.446377228996996,0.837205839738227,-5.5204533942924,"PRELID1"
"218897_at",-0.210755844932862,5.59292618766746,-0.771812849747013,0.447288516373043,0.837568518093618,-5.521569876989,"TMEM177"
"222007_s_at",0.219200014154353,1.62187493646421,0.77087202053642,0.447836172641337,0.837761161701419,-5.52223915630565,"FKBP8"
"215067_x_at",0.202539748896613,7.72621373823789,0.769011484326725,0.448920377709279,0.83818428009118,-5.52356040458137,"PRDX2"
"214749_s_at",0.102776307759899,8.86842867206394,0.76892364324452,0.448971605027257,0.838222301569758,-5.52362270934839,"ARMCX6"
"225306_s_at",0.140219917347267,8.07813923369543,0.767815654119252,0.449618065758146,0.838459804520089,-5.52440801352049,"SLC25A29"
"202001_s_at",-0.142092039538016,9.4144592838216,-0.767505377576892,0.449799198028832,0.838474495089311,-5.52462773376205,"NDUFA6"
"223281_s_at",0.147368934644617,7.12822233927141,0.76704304319738,0.450069179434779,0.838677891314135,-5.52495497606548,"COX15"
"1563919_a_at",0.31607335896064,4.07246762826812,0.766455799980907,0.450412241922135,0.838677891314135,-5.5253703590331,"CEP89"
"1554321_a_at",-0.185112774212565,5.45538791922129,-0.76561072306054,0.450906203970132,0.83906554255737,-5.52596758812055,"NFS1"
"210010_s_at",0.129750932753241,6.81021262643897,0.763427202908226,0.452184012444817,0.839695404280911,-5.52750781422229,"SLC25A1"
"221510_s_at",0.200894282198678,6.33173506598431,0.762303671509093,0.452842353505441,0.840116701104911,-5.52829870751728,"GLS"
"238171_at",-0.357146042763557,1.68825858805923,-0.76151419862013,0.453305293513834,0.840116701104911,-5.52885378221437,"SLC25A30"
"219708_at",0.387269061158002,4.54946409352466,0.761244747745807,0.453463361906556,0.840116701104911,-5.52904310657838,"NT5M"
"227175_at",-0.336370438433678,2.58663367305747,-0.761186787844614,0.453497367320932,0.840116701104911,-5.52908382263128,"MCL1"
"209857_s_at",-0.281020569977117,5.30585842715027,-0.761017422730107,0.453596743563354,0.840116701104911,-5.52920278244443,"SPHK2"
"223982_s_at",-0.102644559519088,9.43532504188399,-0.759804150056661,0.45430902085331,0.840366814916015,-5.53005423236633,"PNPLA8"
"1566861_at",0.392968233752916,1.18746011259324,0.759074573553195,0.454737655526686,0.840531671598209,-5.53056561161371,"GATM"
"218504_at",-0.136563824912216,8.26317756827988,-0.757243825759328,0.455814303338865,0.841048987972159,-5.53184677125049,"FAHD2A"
"217972_at",-0.108954219726034,7.5284652535882,-0.754970121371225,0.457153563461889,0.841808504309543,-5.53343381106542,"CHCHD3"
"223879_s_at",-0.204239890100717,6.69273020858735,-0.752473125631535,0.458627041365564,0.84247838893225,-5.53517147011982,"OXR1"
"230871_at",-0.14452095022713,6.9664902402074,-0.7499735330905,0.460104873150953,0.843317581960649,-5.53690544248257,"DHX30"
"226616_s_at",-0.122526697469389,9.05691338461444,-0.748340486331485,0.461071900790706,0.843652792518448,-5.53803532040616,"NDUFV3"
"219307_at",-0.0991068886627908,6.38297421019187,-0.74760185552243,0.461509684593808,0.84387638832195,-5.53854559565424,"PDSS2"
"219486_at",0.254419576909029,5.27377158482143,0.746954710900026,0.461893446960107,0.844051566628649,-5.53899227379704,"DUS2"
"1554841_at",-0.351487522359048,4.17098999133586,-0.746495500052031,0.462165877423554,0.844311913694972,-5.5393090108405,"MTHFD2L"
"230069_at",-0.190903912108005,7.2027868599154,-0.745861077044065,0.462542410142328,0.844370609116138,-5.53974629353286,"SFXN1"
"236182_at",0.343530243758107,3.58223663861353,0.745094943708871,0.462997355068798,0.844609428151094,-5.54027388635224,"FAM185A"
"214259_s_at",0.120858573911432,8.27516949482779,0.744591939829213,0.463296192264829,0.844729031299419,-5.54061999555588,"AKR7A2"
"225447_at",0.126078477956788,7.85335047373643,0.743079111639492,0.464195657301031,0.845246789921593,-5.54165960572148,"GPD2"
"219451_at",0.117284173471407,7.83283588410788,0.742723472572858,0.464407254990577,0.845360420719624,-5.5419037068262,"MSRB2"
"221797_at",0.194640866709429,5.73540066458905,0.74239671030619,0.4646017217175,0.845360420719624,-5.54212788940371,"OXLD1"
"208660_at",0.13079162602914,9.51824882813705,0.741372125387902,0.465211796247323,0.845360420719624,-5.54283021861629,"CS"
"217751_at",-0.105074029135206,7.89994093080027,-0.738586627975681,0.46687276408172,0.846053250854115,-5.54473493373324,"GSTK1"
"220236_at",0.266008009565846,4.55350041928247,0.738301643782725,0.467042894004225,0.846123948342097,-5.54492941923902,"PDPR"
"1557966_x_at",-0.131554381087871,6.29440717392943,-0.738281512658282,0.467054913264435,0.846123948342097,-5.54494315487757,"MTERF4"
"230624_at",-0.223044978236163,8.00177924082118,-0.738265044406586,0.467064745746649,0.846123948342097,-5.54495439104085,"SLC25A27"
"202658_at",-0.150676201116907,8.00128058999452,-0.737714576050823,0.467393476610565,0.846234420937057,-5.545329833774,"PEX11B"
"232007_at",0.130643908824491,5.81211407300965,0.736978867731006,0.467833041911498,0.846369346721395,-5.54583120060147,"AGPAT5"
"1559190_s_at",0.127902906346848,5.29431790598349,0.73578278367639,0.468548186624193,0.846759886914303,-5.54664528258691,"RDH13"
"221570_s_at",0.0954404235947599,9.12847334842306,0.735083153441248,0.468966796098615,0.846993796524841,-5.54712088158252,"METTL5"
"204387_x_at",0.119595045654128,8.37259305641648,0.734230506755283,0.469477256090461,0.847484030443269,-5.54769991492916,"MRPL57"
"243239_at",-0.307437466932571,2.01578249978554,-0.732089696530713,0.470760343413961,0.848202485605849,-5.54915091271465,"SAMM50"
"240462_at",-0.418224533366245,2.73716547765817,-0.731826200438453,0.470918410517371,0.848318449987814,-5.54932922530887,"CLYBL"
"1554499_s_at",0.371717238371574,2.04675200410019,0.730674809495426,0.471609475501123,0.848574422770973,-5.55010767304246,"PPA2"
"227879_at",-0.264188942297079,3.99751303358675,-0.730666111638827,0.471614698209158,0.848574422770973,-5.55011354914877,"ALKBH7"
"231917_at",-0.138963343145877,5.42536129058758,-0.729669726574926,0.472213210350734,0.848961611221367,-5.55078624556601,"GFM2"
"218844_at",0.17405208309053,6.28725073225189,0.72869841700555,0.472797086554245,0.849370246679255,-5.55144116825087,"ACSF2"
"211615_s_at",-0.123173603440288,8.55586267217912,-0.726408807754565,0.474175087341051,0.850097488412691,-5.55298167858707,"LRPPRC"
"200796_s_at",-0.330393601214731,5.20566482883525,-0.72608592594487,0.4743696016344,0.850116164562868,-5.55319854927403,"MCL1"
"244638_at",-0.164777672226947,4.8000703580682,-0.72591588750772,0.474472056874059,0.85023664506747,-5.55331272228777,"SUCLG1"
"218246_at",-0.135393182506839,6.37269496587238,-0.724233963474142,0.475486179527107,0.85026305141062,-5.55444067999772,"MUL1"
"225826_at",-0.124019000310008,6.83148618104335,-0.723846093627707,0.475720225793485,0.850312623962011,-5.55470044423576,"MMAB"
"214057_at",0.189021801653253,5.77061992132064,0.723665250259473,0.475829372167586,0.850368488431892,-5.55482151319283,"MCL1"
"201030_x_at",-0.116421598642422,11.9811908886356,-0.720669308411165,0.477639660963144,0.851141627914258,-5.55682299220316,"LDHB"
"221037_s_at",0.383273873262566,2.03634543425272,0.720100370430598,0.477983890452296,0.851249250829753,-5.55720218146186,"SLC25A31"
"218273_s_at",0.210599189420488,6.85025844431101,0.719629854371302,0.478268679402417,0.851428861399188,-5.5575155574328,"PDP1"
"225580_at",-0.133350546844988,6.45978701974581,-0.718981058933973,0.478661536492603,0.851702995355103,-5.55794735070209,"MRPL50"
"1554151_at",0.210125357935399,5.09857227362895,0.718947937017373,0.478681597407057,0.85171079035497,-5.55796938435633,"OGDH"
"222905_s_at",0.124376696653392,6.10603120961497,0.717726008714193,0.479422021356699,0.851964107224982,-5.55878156741591,"TMEM143"
"230032_at",0.105672697416474,7.28814984280802,0.715827525861332,0.480573714102657,0.852647591851116,-5.56004081520555,"OSGEPL1"
"215850_s_at",-0.157089232099481,4.35636817661094,-0.714643679668234,0.48129268850501,0.852808881233571,-5.56082443439041,"NDUFA5"
"243372_at",-0.282312769002485,4.4433991117395,-0.713144729600878,0.482203921386115,0.85292525919701,-5.56181484768105,"HSPD1"
"239772_x_at",0.156217340971213,5.94966889813148,0.712810788612453,0.482407064101086,0.85292525919701,-5.56203522398152,"DHX30"
"231831_at",0.18343217302028,5.86996057303078,0.71241816428315,0.482645968038928,0.85292525919701,-5.56229420052139,"COX19"
"221789_x_at",-0.285250713346034,4.82119610376513,-0.71139280003221,0.483270202464448,0.853101158854488,-5.56296989039567,"RHOT2"
"225420_at",0.267302739229368,7.79397930859906,0.709317578485932,0.484535002411003,0.853680579337037,-5.56433455815406,"GPAM"
"1553837_at",-0.144774258028131,1.17924309126977,-0.708365726952576,0.485115769386986,0.854211051821085,-5.56495921909734,"PGAM5"
"226059_at",-0.123259670345289,6.72234388836151,-0.707898632635977,0.485400910440941,0.854361871032533,-5.56526545991402,"TOMM40L"
"203946_s_at",0.336148773461532,6.29262213264338,0.707507223193262,0.485639923130597,0.854475648255793,-5.56552193045292,"ARG2"
"203781_at",0.0888212690936058,8.84612562915714,0.707236609131721,0.485805212026566,0.854475648255793,-5.56569917050525,"MRPL33"
"226296_s_at",-0.126840100712401,9.55949128363923,-0.707128868203957,0.485871028294454,0.854475648255793,-5.56576971788975,"MRPS15"
"1561009_at",-0.266782935799126,1.03152439915539,-0.706581497847364,0.486205482234409,0.854627835868508,-5.56612796993825,"MAOB"
"208630_at",0.147084394663869,8.59103097228746,0.705966893826467,0.486581174399423,0.854969033827575,-5.56652990935886,"HADHA"
"226495_at",0.118641195973481,8.03769170705333,0.705557330087535,0.486831622805836,0.854969033827575,-5.56679757019646,"MAVS"
"220182_at",0.257466400134137,5.77862613984082,0.703484620304595,0.488100216767034,0.855767627532874,-5.56814985814591,"SLC25A23"
"223114_at",0.0792269320960552,7.70102896317047,0.698683751237855,0.491045812668153,0.857266883203588,-5.57126741524179,"COQ5"
"224882_at",0.148218497690443,7.06300923422113,0.698466798519362,0.491179163596024,0.857266883203588,-5.5714078150655,"ACSS1"
"219428_s_at",0.146610657074711,6.06947841679688,0.69833970411547,0.491257292293057,0.857266883203588,-5.57149004412089,"PXMP4"
"209311_at",-0.0832244724344652,9.40345061078508,-0.697776618898298,0.491603522515898,0.857266883203588,-5.57185418304603,"BCL2L2"
"223080_at",-0.268234436171793,4.60929675371294,-0.697160283346116,0.491982654378917,0.857512316151779,-5.57225243517371,"GLS"
"203157_s_at",-0.238968984607869,8.01777001624517,-0.693362218166986,0.494322655412112,0.85911597704266,-5.57469914534444,"GLS"
"224693_at",0.127003566223954,7.24264449117096,0.693097336734552,0.494486084719187,0.859283868122617,-5.57486930324368,"FAM210B"
"205780_at",-0.289328235171409,2.6600238786863,-0.691603829578172,0.495408136926468,0.859931258128765,-5.57582755335872,"BIK"
"231295_at",0.151628778077265,5.20976374105046,0.691139637708048,0.495694914869,0.860038597318026,-5.57612497959451,"ME3"
"202839_s_at",-0.101506047036341,8.26887162791169,-0.690210924700898,0.496268955897094,0.860224486656841,-5.57671946753698,"NDUFB7"
"204587_at",-0.113348892143739,7.26305070377917,-0.686689404318415,0.498449030070196,0.861148211095268,-5.57896668979757,"SLC25A14"
"230396_at",0.256321379454887,2.41540367937545,0.685389257810031,0.499255276050155,0.861578856140457,-5.57979357435829,"SAMM50"
"230034_x_at",0.335384669333298,4.15235843590399,0.684995218836068,0.499499772082461,0.861683508113669,-5.58004388326529,"MRPL41"
"214241_at",0.114798564444971,7.12575933122906,0.68225393210485,0.501202567588359,0.861965585937959,-5.58178142716202,"NDUFB8"
"1559167_x_at",0.123912748659523,7.37494153629713,0.682138824409198,0.501274139844411,0.861991442606076,-5.5818542408302,"MPV17L"
"1563498_s_at",-0.40745496128032,1.57659766501404,-0.681813115923586,0.501476691617443,0.861991442606076,-5.58206021025263,"SLC25A45"
"222824_at",-0.0952175047917771,7.2344953067494,-0.679012002016892,0.503220543922087,0.862786323182978,-5.58382765716248,"NUDT5"
"217140_s_at",-0.128141696251977,8.91693609836692,-0.678318496329324,0.503652814159444,0.863034743252317,-5.58426416508037,"VDAC1"
"210852_s_at",-0.191924083457216,5.903840739617,-0.675641133623255,0.505323592711201,0.863611110283321,-5.58594533234083,"AASS"
"212145_at",-0.075899798485591,7.89555330430888,-0.67511601730032,0.505651648174752,0.863791748452879,-5.58627431286831,"MRPS27"
"223106_at",0.100557058946477,9.21003831594512,0.675000427174769,0.50572387664167,0.863833633063593,-5.58634669597652,"TMEM14C"
"230501_at",0.176938248531006,0.597834548141405,0.674209494516736,0.506218258788462,0.863971701780672,-5.58684166203658,"NDUFA10"
"224101_x_at",0.339794100112621,1.08721033083678,0.673512370897153,0.506654227669797,0.864151949135707,-5.58727745950287,"MRS2"
"217647_at",0.387213227833068,2.67421623000177,0.671953122735413,0.50763011061206,0.864403089659011,-5.58825063249896,"DHODH"
"237482_s_at",0.326854117588125,4.11248802274389,0.671913211525719,0.507655103461797,0.864403089659011,-5.58827551378202,"ACAD10"
"202025_x_at",0.107582921755071,7.49074639896102,0.671393070896767,0.507980883959172,0.864403089659011,-5.58859964769446,"ACAA1"
"227442_at",-0.102758120624567,7.05371678043668,-0.671369186975857,0.507995846003264,0.864403089659011,-5.58861452553987,"COX18"
"204134_at",-0.113247860303766,6.71194039331485,-0.671023086255307,0.508212687740061,0.86460463457356,-5.58883006250066,"PDE2A"
"225346_at",-0.0860131230280244,7.49726030905434,-0.670657681069983,0.508441680071926,0.864615089166204,-5.58905750540375,"MTERF2"
"209328_x_at",-0.230826614202362,4.94762592195556,-0.66914789267932,0.509388442539333,0.864951178718896,-5.58999599443922,"HIGD2A"
"230234_at",-0.155456909419625,5.20035767985842,-0.667865643935393,0.510193286266551,0.865264110260601,-5.5907914454021,"FXN"
"225944_at",-0.103018067607479,7.06885650796272,-0.666221493086221,0.511226319514191,0.865367921199533,-5.59180925542028,"NLN"
"238056_at",-0.113936453960214,6.10042883554907,-0.664371914382097,0.512389806764537,0.866343829587507,-5.59295134818017,"SDHC"
"220527_at",0.432260739566776,2.31382970575097,0.663063828664718,0.513213547297215,0.866689418491141,-5.59375722948939,"MRPL20"
"214300_s_at",-0.3337180473802,3.80699050419084,-0.662310050333677,0.513688555610976,0.866755214163521,-5.59422092010791,"TOP3A"
"208997_s_at",0.137264398252505,6.37352664116098,0.661048925851852,0.514483819896835,0.867089962062936,-5.59499557121652,"UCP2"
"1555062_s_at",-0.413813908821117,3.59638950005013,-0.659978135885375,0.515159591305498,0.867206635256562,-5.59565219193214,"GTPBP3"
"222132_s_at",-0.121692271457186,7.03283841254108,-0.659663004156111,0.515358562699484,0.867206635256562,-5.59584523899713,"AGK"
"222883_at",-0.0977025675854382,5.89491393736701,-0.658342421152027,0.516192826686819,0.867451804827706,-5.59665325087326,"COA7"
"219345_at",0.0907213213572062,6.23368197364927,0.657971288478358,0.516427419222279,0.867575064402181,-5.59688005122159,"BOLA1"
"218226_s_at",-0.0953632389031226,11.0002972639984,-0.657909311601974,0.516466600439149,0.867587221359322,-5.5969179134767,"NDUFB4"
"202003_s_at",-0.119834414929951,7.62549146431654,-0.657391166509018,0.516794230914132,0.86762399799797,-5.59723431868175,"ACAA2"
"225341_at",0.0917874353640691,7.0034737431714,0.656055881552543,0.517639076051943,0.867752651531174,-5.5980486027449,"MTERF2"
"234197_at",0.362781039807849,2.59462223096269,0.656016951204434,0.517663718940119,0.867752651531174,-5.59807231932491,"ACSM1"
"203314_at",0.122302159081992,7.3139060969771,0.654353636945909,0.518717196397714,0.868164871687668,-5.59908435209879,"GTPBP6"
"241741_at",0.138722591081695,5.94016489280976,0.654195448198144,0.518817447972011,0.868164871687668,-5.59918047203031,"CRLS1"
"221384_at",-0.252247452871697,1.80684137512199,-0.653466470914227,0.519279571811102,0.868257950552097,-5.59962312958093,"UCP1"
"200691_s_at",-0.107811798296756,9.84542339120084,-0.652776290034455,0.519717308664887,0.868562081473735,-5.60004179019302,"HSPA9"
"221227_x_at",0.0936199209867069,6.94403683480856,0.651405433096629,0.520587351874066,0.868893306879779,-5.60087208056641,"COQ3"
"222474_s_at",-0.12331879215396,8.13797074523255,-0.649783372839308,0.521617852676168,0.869473375418245,-5.60185234340889,"TOMM22"
"202891_at",-0.123756273178015,7.79717910132992,-0.649057075458405,0.522079632194141,0.869514207516024,-5.60229050400352,"NIT1"
"238856_s_at",-0.177074975504135,4.96246988504283,-0.648937212266696,0.522155862553716,0.869550828634016,-5.60236276961066,"PANK2"
"203784_s_at",0.330388315488303,1.78359256772008,0.645836506441086,0.524129948250596,0.870557459111947,-5.60422771207522,"DDX28"
"1553695_a_at",-0.331346904277755,4.41992131749759,-0.644071051642534,0.525255745474823,0.870821310966796,-5.60528570670669,"NLRX1"
"201061_s_at",0.133564039099618,10.3724266061689,0.64232234684653,0.526372152626546,0.871288626610379,-5.6063309076428,"STOM"
"225743_at",0.211874114430291,5.92851189012437,0.641619325315046,0.526821336939306,0.871470894892488,-5.60675033051173,"RPUSD3"
"240437_at",0.274876004295779,3.85767527125893,0.641303713559634,0.527023059410857,0.871470894892488,-5.60693848035712,"CASP9"
"1559128_at",-0.193178962759811,4.58701706951501,-0.641040778042711,0.527191145880341,0.871619885273657,-5.60709515936469,"HSDL2"
"203551_s_at",-0.142875387243602,7.27012189572346,-0.639979280553725,0.527870022636985,0.871807500597426,-5.60772705768444,"COX11"
"201035_s_at",0.166956742974657,6.37406076125865,0.639875894678694,0.52793616790861,0.871807500597426,-5.60778854817004,"HADH"
"219547_at",-0.116215677572103,7.28774221934427,-0.639729980158595,0.528029530206557,0.871807500597426,-5.60787531695729,"COX15"
"205307_s_at",0.255770175852929,3.29442338135719,0.63952071879719,0.528163440057306,0.871818473220899,-5.60799972190074,"KMO"
"1557965_at",-0.0871974183170166,6.45569517520915,-0.638985341232218,0.528506120554973,0.871853381046679,-5.60831782255211,"MTERF4"
"216308_x_at",-0.100252301928692,8.61153755240843,-0.637369335596076,0.529541208484197,0.87217985270762,-5.60927643013617,"GRHPR"
"206463_s_at",0.212184085279965,2.61896546652266,0.635808606478557,0.530541926273231,0.872422153171001,-5.61020002207545,"DHRS2"
"201622_at",-0.11251568659564,7.66694573050021,-0.634160670627771,0.5315996628354,0.873055284691699,-5.61117284583694,"SND1"
"233089_at",0.132674391747813,5.97741193395794,0.633361133835748,0.532113257589033,0.873463219869169,-5.61164395639515,"QRSL1"
"202096_s_at",0.17492571047757,7.36129071580474,0.633118917255219,0.532268901668346,0.873499814464391,-5.61178656416626,"TSPO"
"236365_at",0.314611798519997,3.16444240580316,0.632799398778109,0.532474255928559,0.87359359168562,-5.61197460367574,"AMACR"
"235744_at",-0.205074140561929,5.52994453411747,-0.632756444811519,0.532501865646913,0.87361250228666,-5.6119998754781,"PPTC7"
"218749_s_at",-0.172413752229533,5.7486695654002,-0.631394339511575,0.533377790345437,0.873926771307069,-5.61280040503088,"SLC8B1"
"225747_at",-0.105725335756381,7.17631784206548,-0.63093621843659,0.533672566126691,0.873949363769472,-5.61306927489495,"COQ10A"
"204263_s_at",-0.184576083988691,6.16396079327848,-0.629231934703032,0.534769944437153,0.874248600612415,-5.61406785749139,"CPT2"
"229741_at",-0.112857933032082,6.534971041362,-0.629028423092643,0.534901064930936,0.874248600612415,-5.61418692552928,"MAVS"
"222832_s_at",-0.073692826499798,9.11740423183941,-0.628639092935835,0.535151954312912,0.874579049082913,-5.61441460620631,"MFF"
"208631_s_at",-0.105740010679065,8.76922478617733,-0.626933434462104,0.536251843081788,0.875507292230736,-5.61541047044831,"HADHA"
"213312_at",-0.105325493975631,7.08811413393102,-0.626003677318266,0.536851901451489,0.875918843140296,-5.61595221578377,"SMIM8"
"204172_at",-0.185590427022185,8.95344270597821,-0.625943039386334,0.536891049145767,0.875918843140296,-5.61598752092198,"CPOX"
"1557532_at",-0.32119499332509,3.20927739999009,-0.624927005694856,0.53754722404888,0.87622633364004,-5.61657859275386,"NDUFA7"
"225014_at",0.11043862832185,7.13444349700716,0.621746836472197,0.539603796089154,0.876737130087963,-5.61842263449265,"SMIM20"
"202004_x_at",-0.0875362620988452,7.97839438282148,-0.618886213374356,0.541457281943206,0.877290823990331,-5.62007360809661,"SDHC"
"212173_at",0.250534655188811,4.41764186563915,0.618181358333554,0.541914495897329,0.877336623484342,-5.62047927508444,"AK2"
"222056_s_at",-0.0865897686990518,8.20874426468897,-0.61716381258808,0.542574900785036,0.877481754593809,-5.62106411647964,"FAHD2A"
"226533_at",-0.163393004710137,6.359144420293,-0.616932766162699,0.542724913119479,0.877529672882772,-5.62119678207141,"HINT3"
"229443_at",0.126071165929515,4.9531028451579,0.616648777017877,0.54290932975515,0.877641269887325,-5.62135978120335,"UQCC2"
"223292_s_at",0.200677037484661,4.49623375432354,0.616560755992176,0.542966495489386,0.877641269887325,-5.62141028722608,"MRPS15"
"214231_s_at",-0.153604168003077,4.67615424597798,-0.616164529256898,0.543223866428157,0.877641269887325,-5.62163755371031,"VWA8"
"1565900_at",0.349665613383527,3.000240396619,0.615290189096908,0.54379202580049,0.877718137903757,-5.62213855455068,"METTL15"
"203465_at",-0.103115677318425,8.03145698783687,-0.615285848883094,0.543794846917691,0.877718137903757,-5.62214103979462,"MRPL19"
"242247_at",0.144779650592282,4.64751399194013,0.612475978785822,0.545622865999211,0.878401575210054,-5.6237464325983,"METTL15"
"210686_x_at",0.112678023796404,9.23645125669994,0.6103040392051,0.547038076125267,0.879099832728178,-5.62498247303809,"SLC25A16"
"228059_x_at",0.103782491622608,7.56139618318654,0.609904830110299,0.547298405324654,0.879187276437754,-5.62520919827628,"MRPS22"
"225213_at",-0.155779473818002,9.0785916885613,-0.607361443714461,0.548958502550242,0.879960099791183,-5.626650304082,"PPTC7"
"222948_s_at",0.373714899137268,2.35329836386241,0.606481036560736,0.549533767130316,0.880263901221975,-5.62714779116103,"MRPS18C"
"203897_at",-0.097321193708838,8.39496540594804,-0.606382293836417,0.549598305993987,0.880284279921604,-5.62720354358052,"LYRM1"
"1552546_a_at",0.195646787671306,4.57247448783972,0.606045984070577,0.549818149864042,0.880359292751924,-5.6273933658207,"LETM2"
"220974_x_at",0.0767977566126092,7.78775969184384,0.605908602458015,0.549907968685946,0.88040231484649,-5.62747087832205,"SFXN3"
"224671_at",-0.0837777608803564,7.49226689336687,-0.60540461578596,0.550237536068198,0.880581081410459,-5.62775508834486,"MRPL10"
"219419_at",0.0976029098058807,6.23011093808142,0.603818746137809,0.551275241157545,0.880701035590262,-5.62864790226795,"RBFA"
"232071_at",-0.113094761458809,7.15156932959395,-0.603047804263864,0.551780070741877,0.880842097000141,-5.62908110760545,"MRPL19"
"234301_s_at",0.376615375404778,2.92294114415094,0.601557579290453,0.552756584232323,0.881418275667312,-5.62991696927352,"TFB1M"
"220007_at",-0.0910219953000118,6.68247769340106,-0.601174521249904,0.553007739239312,0.881439077303417,-5.63013150115088,"METTL8"
"242370_at",0.221264503378142,4.17900093515307,0.60038728391003,0.553524083605183,0.881685875632565,-5.63057197788959,"MTHFD2L"
"224461_s_at",-0.293621502480382,3.92880996855911,-0.600246888360399,0.553616194511088,0.881701883934009,-5.63065047350269,"AIFM2"
"219819_s_at",-0.0846217853373235,8.547207567638,-0.5983812616084,0.554840952146743,0.882388592439734,-5.63169186137189,"MRPS28"
"202427_s_at",-0.0974173296909335,8.54813206699855,-0.596331504380109,0.556188204970105,0.882826425674519,-5.63283240512786,"MPC2"
"214277_at",-0.167512221475988,5.27492331102303,-0.596277260613066,0.556223880957676,0.882826425674519,-5.632862536353,"COX11"
"206665_s_at",0.161055676561454,5.98154030721423,0.595824523617007,0.556521691046739,0.883015283468972,-5.63311391812805,"BCL2L1"
"224344_at",0.206639476479704,1.26130437805351,0.593829107618946,0.557835255047731,0.883602454907344,-5.63421966325096,"COX6A1"
"216454_at",-0.385320981741227,2.06322268549997,-0.592216779135304,0.558897802211202,0.883928957379346,-5.63511049394775,"TRMT1"
"219185_at",0.0912549022787154,6.66213494963279,0.592030413528213,0.55902068688464,0.883928957379346,-5.63521331161608,"SIRT5"
"201520_s_at",-0.0779997732376846,8.49419837323723,-0.591982181217346,0.559052492290165,0.883928957379346,-5.63523991620456,"GRSF1"
"233439_at",0.281402299970617,3.64788279528629,0.591892971028027,0.559111321828171,0.883928957379346,-5.63528911834597,"LETM1"
"200849_s_at",-0.132957373104223,11.2964730381685,-0.591364721781312,0.559459740316452,0.88394486007804,-5.63558031644052,"AHCYL1"
"211595_s_at",-0.0779522382176609,7.72300272358963,-0.591322960058762,0.559487289945655,0.88394486007804,-5.63560332688127,"MRPS11"
"204676_at",-0.0903754209942465,6.42476865853504,-0.591055689974083,0.559663620826036,0.88394486007804,-5.63575055363119,"TMEM186"
"224932_at",-0.108029132443064,9.1151201333139,-0.590970194107531,0.559720032574164,0.88394486007804,-5.63579763571823,"CHCHD10"
"216304_x_at",-0.111755107918236,8.38543686315475,-0.590918598007241,0.559754078045563,0.88394486007804,-5.63582604619825,"YME1L1"
"239616_at",-0.317144457826211,3.94899077704132,-0.590597444507302,0.559966013763438,0.884072961379138,-5.63600282955679,"REXO2"
"205045_at",0.114619358498046,5.55761161886444,0.59011442334335,0.560284846837952,0.884092665059815,-5.63626853952897,"AKAP10"
"1569864_at",-0.256663247721234,3.9735427592565,-0.590076045574489,0.560310183268787,0.884092665059815,-5.63628964209213,"SERAC1"
"1565755_at",0.38543796400587,1.64218365437467,0.590044673004079,0.560330895408978,0.884092665059815,-5.6363068917574,"METAP1D"
"228966_at",-0.231671744320486,3.44751435762087,-0.589492104509961,0.560695765000434,0.884243112620121,-5.63661056604801,"PANK2"
"218949_s_at",0.0933238049563642,6.79237216557659,0.589137535408834,0.560929956694287,0.884359467572388,-5.63680528060757,"QRSL1"
"223478_at",0.150171672517682,6.90260100513562,0.588962550554398,0.561045552085126,0.884359467572388,-5.63690133307489,"TIMM8B"
"210712_at",0.339687845125437,2.31967798530594,0.58847242066943,0.561369398005109,0.884363745395317,-5.63717022709213,"LDHAL6B"
"212175_s_at",0.0741027765883155,7.06826469148045,0.588244020628443,0.5615203425998,0.884363745395317,-5.63729545719678,"AK2"
"202698_x_at",-0.0810806256565295,12.029696390691,-0.586637693164039,0.562582516366438,0.884646392040491,-5.63817486163015,"COX4I1"
"202139_at",-0.0892390886344845,7.86926826755005,-0.586590876099011,0.562613489257823,0.884646392040491,-5.63820045720933,"AKR7A2"
"219933_at",0.136990028503257,8.14894018552118,0.586199135713842,0.562872688170275,0.884684963501839,-5.63841454970581,"GLRX2"
"232533_at",-0.0904093565745508,4.9188286169254,-0.585548008748829,0.56330364780793,0.884740124440207,-5.63877009389376,"METTL8"
"226655_at",-0.159899395897015,4.90162102399968,-0.585340106747963,0.563441286837322,0.884740124440207,-5.63888353677581,"STX17"
"221675_s_at",0.100082529817572,8.94062166883052,0.585064036198892,0.563624082582433,0.884824650800942,-5.63903411573292,"CHPT1"
"230027_s_at",0.124198336900284,7.39998667366738,0.583816394121742,0.564450566495547,0.885117170404735,-5.63971376478722,"MRPL43"
"241034_at",0.389928707393679,2.36705032285826,0.583027424975888,0.564973527396136,0.885344646028818,-5.64014282582706,"GLS"
"221932_s_at",-0.121578815208649,8.10943736153515,-0.582614260492938,0.565247488101285,0.88541837247158,-5.6403672900774,"GLRX5"
"218025_s_at",-0.0798436227989716,8.25993848168489,-0.582079125830822,0.565602425199998,0.885473942186437,-5.64065778858698,"ECI2"
"208541_x_at",0.141227313535816,5.781033434663,0.581745692348759,0.565823637928974,0.885545598193123,-5.64083866222377,"TFAM"
"218670_at",0.114831840010216,5.80214341578813,0.581267873844898,0.566140718006408,0.885659428336572,-5.64109768312452,"PUS1"
"210386_s_at",-0.070744064763325,7.27463470560985,-0.580957533529396,0.566346708044432,0.885681927690213,-5.64126580490973,"MTX1"
"209329_x_at",0.0557094168363699,9.2119170503186,0.580621767995363,0.566569617105671,0.885838878038797,-5.64144760214005,"HIGD2A"
"213181_s_at",0.0990040291625301,6.74255291812183,0.579734142650608,0.567159111180622,0.88615930389299,-5.64192770706418,"MOCS1"
"229696_at",-0.0911851657799158,5.8604485175272,-0.577575335313892,0.568594127039285,0.886569918776475,-5.64309239842945,"FECH"
"224343_x_at",0.166471854676115,0.679280512539838,0.577336056894786,0.56875329481224,0.886611465763274,-5.64322123079773,"YME1L1"
"207004_at",-0.217493378716924,5.51342165258372,-0.577316824948684,0.568766088863531,0.886611465763274,-5.64323158341591,"BCL2"
"233982_x_at",0.123398375185935,6.8228477276663,0.576811062472367,0.569102599617929,0.886837892878702,-5.64350371665611,"STYXL1"
"1568856_at",0.177495975685422,3.88556943681886,0.576788665694375,0.569117503718078,0.886837892878702,-5.6435157622248,"NBR1"
"226209_at",-0.189134786367515,4.06949562517205,-0.574365968813328,0.570730870190788,0.887537663818185,-5.64481606672758,"NDUFV3"
"232861_at",0.182810260426716,4.83322342124101,0.573057246219399,0.571603357730677,0.887679980819971,-5.6455162677355,"PDP2"
"218403_at",0.0691383151753968,7.80002567452762,0.570515691426622,0.573299656396982,0.888092982645873,-5.64687162909994,"TRIAP1"
"216202_s_at",-0.148593060696262,6.25210031979535,-0.570502193764039,0.573308671830287,0.888092982645873,-5.6468788114978,"SPTLC2"
"224904_at",0.130553651226358,7.89614185657752,0.569964399132566,0.573667936534909,0.888143363114868,-5.6471648491553,"PDPR"
"220305_at",0.102335490664086,6.77353801968412,0.567205692223757,0.575512619694883,0.88888532292641,-5.64862800109881,"MAVS"
"231919_at",0.0702484997399158,6.7207200964116,0.563919367864561,0.577713976581212,0.889577005233646,-5.65036197316866,"DBT"
"1566105_at",-0.241502034178626,2.56194741763824,-0.562630921355859,0.578578191900995,0.890033197403362,-5.65103912372776,"MFN2"
"205222_at",-0.230403844967905,5.49608180789329,-0.561884111118822,0.579079403499578,0.890033197403362,-5.65143092399323,"EHHADH"
"204294_at",0.0963492032231552,6.72836790023501,0.561671091718462,0.579222408177093,0.890033197403362,-5.65154258785161,"AMT"
"210377_at",-0.302621112052706,2.59387526397473,-0.561616777110654,0.579258873595596,0.890033197403362,-5.65157105274213,"ACSM3"
"205241_at",-0.12985379144325,5.96452911977577,-0.561190036937373,0.579545415594976,0.890066384042873,-5.65179460306693,"SCO2"
"216712_at",0.264650285383996,2.85606025980679,0.56061927460816,0.5799287738487,0.890187936474691,-5.65209334164274,"SLC25A30"
"201619_at",-0.114739670363074,9.31174549732655,-0.560079118050945,0.58029169141342,0.890187936474691,-5.65237578849999,"PRDX3"
"210687_at",-0.167944954394685,4.42302843598364,-0.560063218634936,0.580302375538045,0.890187936474691,-5.6523840982589,"CPT1A"
"235828_at",0.0939504031313249,5.99024699691054,0.55997114223949,0.580364251157595,0.890187936474691,-5.65243221706016,"PRELID2"
"1557502_at",-0.341743329865405,2.40399232366378,-0.559344612562284,0.580785367956241,0.890204917382455,-5.65275943473764,"PCCB"
"240031_at",0.143651842372058,4.27124656766656,0.558592693760244,0.581290964057117,0.89042847042135,-5.65315166850208,"MSRA"
"233136_at",0.149203348876767,4.32908924213155,0.558525687210213,0.581336030370857,0.89042847042135,-5.6531865971201,"PABPC5"
"203608_at",-0.0983942957799036,8.77977056908392,-0.558235976088738,0.581530900086593,0.890484568660173,-5.65333756837034,"ALDH5A1"
"208158_s_at",0.101327612834969,10.7089577485581,0.558051938031851,0.58165470725171,0.890495501583794,-5.65343343275368,"OSBPL1A"
"217284_x_at",0.257855292537038,4.86659547780861,0.557589107703702,0.581966122882282,0.89052489839411,-5.65367438240938,"SERHL2"
"226515_at",0.0912429692191386,7.38366471899832,0.557523504266247,0.582010270867685,0.89052489839411,-5.65370851983185,"CCDC127"
"203340_s_at",-0.160801795395598,7.48634449707933,-0.557144902146507,0.582265084426606,0.890615245822985,-5.65390545290638,"SLC25A12"
"214211_at",0.125807902446507,11.1359947046189,0.554763795996678,0.583868922942852,0.891517645433928,-5.65514101866229,"FTH1"
"244430_at",0.252797972781781,3.83001381887191,0.554729977820987,0.583891717497957,0.891517645433928,-5.65515852992897,"PLD6"
"236022_at",-0.240982861223872,4.60340001031155,-0.5541913598271,0.584254822790514,0.891648501470419,-5.65543728958257,"MYO19"
"222775_s_at",-0.0775914258679142,6.97310191616204,-0.552328625587782,0.585511428743771,0.892161343477637,-5.65639930664315,"MRPL35"
"210447_at",-0.340746323777763,2.93542772084195,-0.549408615312864,0.587483948057459,0.892864264535954,-5.65790100693756,"GLUD2"
"236247_at",-0.112532596874919,5.84382451387543,-0.548836165055635,0.587871030142569,0.892974137331011,-5.65819449666926,"NSUN4"
"235130_at",-0.139109227253272,4.63925289340433,-0.548004735465814,0.588433452521294,0.893231316642137,-5.65862023152162,"PANK2"
"225782_at",0.104868681811477,7.61944210623658,0.544877158118124,0.590551464444581,0.893509879907716,-5.66021607746749,"MSRB3"
"1554239_s_at",0.205842275105892,5.5083812290111,0.544163424308179,0.591035329283863,0.893509879907716,-5.66057901205868,"ZADH2"
"202676_x_at",0.162128428378306,6.04157372691759,0.542179533663562,0.592381291025899,0.894146049408364,-5.66158538632461,"FASTK"
"219184_x_at",-0.132907236743964,6.30216860163965,-0.540505388344592,0.593518265260172,0.894427355059388,-5.66243184616822,"TIMM22"
"208629_s_at",0.12227603651919,8.89426422490972,0.540184729729418,0.593736157162326,0.894489940794525,-5.66259368210032,"HADHA"
"223814_at",-0.124293920780647,4.87665845553802,-0.539206654197689,0.594401012286908,0.894850392676484,-5.66308673671117,"TRNT1"
"225749_at",-0.0857094049890565,6.36985616527185,-0.537789854616701,0.595364732709863,0.895082850342773,-5.66379940921906,"C16orf91"
"227546_x_at",-0.101271543515285,7.26949046961656,-0.536395628945841,0.596313834954441,0.895405105708247,-5.66449894074927,"AURKAIP1"
"237993_at",-0.239528409546814,3.15221499599259,-0.53600171452624,0.596582119668924,0.895405105708247,-5.66469626029568,"CHCHD5"
"218321_x_at",-0.0986963008305829,6.92746049655229,-0.53289643449787,0.598699079734797,0.896266580670121,-5.66624680330116,"STYXL1"
"203728_at",-0.180928425704157,4.90869028819791,-0.531676814615256,0.599531516478913,0.896655418245337,-5.66685338457634,"BAK1"
"229861_at",0.104015752697127,6.23261284591705,0.531451778144859,0.599685173057723,0.896693275255646,-5.66696515881634,"LIG3"
"231955_s_at",-0.0895527162253671,6.06854084361324,-0.531110872641658,0.599917981851591,0.896830740008662,-5.66713439650276,"HIBADH"
"238574_at",0.101653042284283,6.34562204910501,0.530392044053575,0.600409021194009,0.896994120577198,-5.66749090127444,"SLC25A51"
"213379_at",0.0937216251203302,5.87520482465713,0.530346534011005,0.600440116060734,0.896994120577198,-5.66751345622303,"COQ2"
"227455_at",-0.106234063449278,7.54134134730125,-0.529195822579534,0.601226599135555,0.897314492348189,-5.66808312521518,"C6orf136"
"226767_s_at",-0.0801404218938347,7.11086279197525,-0.529073544334773,0.601310202275502,0.897314492348189,-5.66814358903612,"FAHD1"
"236629_at",0.256612673358827,4.28103704507727,0.528704690910712,0.601562425572179,0.897411275369508,-5.66832589604536,"IBA57"
"1566932_x_at",0.221216210027915,1.74141217287811,0.528557191539051,0.601663300325746,0.897411275369508,-5.66839876334262,"TFB2M"
"229502_at",-0.309824314896085,3.31301097000141,-0.528047649061182,0.602011838382794,0.897515481069238,-5.66865033357951,"CHDH"
"214029_at",-0.267376320754087,2.66029227034483,-0.526923717044832,0.60278097290354,0.897897770052391,-5.66920440118061,"SLC25A42"
"218653_at",-0.212597280519198,4.84278582374038,-0.523325141691859,0.605246714142366,0.899154637715315,-5.67097064349927,"SLC25A15"
"219122_s_at",0.153278703029495,4.48831917232968,0.522009998672333,0.606149042676247,0.899707711438404,-5.67161318792351,"THG1L"
"203816_at",-0.0971904028111961,6.57621017272324,-0.520575101740507,0.607134261901825,0.90026923904861,-5.67231243895349,"DGUOK"
"204264_at",-0.114511878191687,5.65813437123262,-0.517442616034273,0.609287696017724,0.900821717311052,-5.67383242010871,"CPT2"
"229432_at",0.235491903841955,4.19995084062916,0.516151166473521,0.610176552481246,0.900983253892142,-5.67445646186345,"NAGS"
"230379_x_at",-0.0874234267537954,6.43245631322973,-0.515846598445598,0.610386264131462,0.901019321699602,-5.67460341013209,"NDUFAF7"
"228091_at",-0.0872720594895123,6.48759314868777,-0.514335290321079,0.611427382929741,0.901563078256385,-5.67533133316206,"STX17"
"204599_s_at",-0.095580810152135,7.34137440680567,-0.512439862046216,0.612734293400416,0.902007525231633,-5.67624131620888,"MRPL28"
"217935_s_at",-0.0760951433697095,7.671936031948,-0.51010943356216,0.614342929350843,0.902737019606216,-5.67735563706109,"UQCC1"
"234536_at",-0.23724216024226,2.83771156993718,-0.508569987185596,0.615406650226906,0.90347464599111,-5.67808901609874,"SARDH"
"204593_s_at",-0.0691108843562598,6.96901859529655,-0.507182619003502,0.616366022937792,0.903802939053392,-5.67874808880549,"MIEF1"
"213279_at",0.0910968408508692,7.06075518319918,0.506422090709059,0.616892227301485,0.903938815120788,-5.67910863225283,"DHRS1"
"1554078_s_at",0.0653927425852294,8.54008078458068,0.505260703108351,0.617696185792048,0.904350047405504,-5.67965818954538,"DNAJA3"
"224877_s_at",0.202722831941665,6.12125202367655,0.504956283585593,0.61790699738008,0.904350047405504,-5.67980203368319,"MRPS5"
"204123_at",-0.0981598971522992,5.51509110403433,-0.504626437198445,0.618135454795748,0.904425213705297,-5.67995779675564,"LIG3"
"227464_at",0.179759184432514,4.54410403810007,0.502941908036461,0.619302799098317,0.905093415039632,-5.68075172728655,"ACSF3"
"205892_s_at",0.147384685925211,0.863892261680601,0.502889469387961,0.619339154361673,0.905093415039632,-5.68077640029733,"FABP1"
"215798_at",-0.119497231967465,5.41704309628337,-0.50102301777116,0.620633791023627,0.905422239970493,-5.68165294831591,"ALDH1L1"
"236779_at",0.19458244012552,4.73252462286597,0.50035021080975,0.621100779440872,0.905518729026588,-5.68196813865717,"MRPS5"
"226896_at",-0.0641817890535449,7.61339567087797,-0.499908213928889,0.621407653012864,0.905518729026588,-5.68217497558974,"CHCHD1"
"202590_s_at",0.0681172539722737,7.03826037554268,0.497363158132682,0.623176013584457,0.906171678204949,-5.68336247832642,"PDK2"
"201849_at",-0.0688488666514582,10.5019581535054,-0.496771130144825,0.62358769839239,0.90632598695619,-5.68363786307555,"BNIP3"
"222714_s_at",0.0782866786965085,7.1554621017497,0.496684113668743,0.623648218473513,0.906338932230423,-5.68367831214865,"LACTB2"
"208909_at",-0.110876521508394,10.1209633874741,-0.496108646520772,0.624048524433597,0.906520476558128,-5.68394563983377,"UQCRFS1"
"200793_s_at",-0.109209187889216,9.8339109636374,-0.495462450419267,0.624498171012134,0.906645067585595,-5.68424546224632,"ACO2"
"212186_at",-0.0812019446293629,8.65374602111951,-0.495415244248214,0.624531024580155,0.906645067585595,-5.68426734999164,"ACACA"
"229725_at",-0.135312086869246,7.90862158765971,-0.494968004509626,0.624842324408994,0.906670744902313,-5.68447461708417,"ACSL6"
"1565898_at",0.257820200790208,2.47407106619996,0.493758827008964,0.625684323649716,0.906947873506048,-5.68503407583256,"METTL15"
"212085_at",-0.0902695040810022,9.93052727771971,-0.492553870599607,0.626523898438153,0.907241212320748,-5.68559024830402,"SLC25A6"
"241779_at",0.0765595847946604,6.08410304960359,0.492363989821157,0.626656248061741,0.907337847941578,-5.68567777028614,"MTX3"
"1566602_at",0.142122282069475,5.35514447441899,0.491898577003093,0.626980701326582,0.907386016443814,-5.68589215378079,"RPUSD3"
"205770_at",0.216828472598975,5.51850033223561,0.491136421968745,0.627512187624518,0.907584919167168,-5.68624279696364,"GSR"
"218392_x_at",-0.0830300320417648,7.35788924611078,-0.49001946656781,0.628291462767625,0.907805835596636,-5.68675571012899,"SFXN1"
"204330_s_at",0.191203546339323,4.60598331511054,0.48937470542046,0.628741498373247,0.907930361013197,-5.68705126777477,"MRPS12"
"1561010_a_at",0.166304716685811,4.04556209213055,0.488250025423312,0.629526861473629,0.908144493733304,-5.68756590693796,"MAOB"
"201766_at",-0.241602345575089,3.43658275016815,-0.487144849097288,0.630299037789738,0.908421331316678,-5.68807049116819,"ELAC2"
"218982_s_at",0.058439237525776,7.33142472028422,0.486897273875772,0.630472074989582,0.908465981254247,-5.68818337159201,"MRPS17"
"202471_s_at",-0.0947523033231588,8.39258522439542,-0.486459376653434,0.630778186102728,0.908615568042153,-5.68838289048291,"IDH3G"
"1561948_at",0.287385061742042,2.74061327245658,0.485101617794313,0.631727751151063,0.908784560035605,-5.68900040694303,"COQ10B"
"222416_at",-0.0802845812213426,7.07417252846259,-0.483875172081276,0.632586034520942,0.909167292993044,-5.68955674721918,"ALDH18A1"
"203800_s_at",0.0669769874786487,7.78525210908361,0.482959084285865,0.633227467525257,0.909270318302803,-5.68997140224108,"MRPS14"
"230726_at",-0.276906640040868,3.27859009311997,-0.481981409940169,0.633912345048263,0.909766718408675,-5.69041308384834,"MRPL38"
"209389_x_at",0.0716586139127556,10.2095122324115,0.48165462934028,0.634141334564094,0.90983776182117,-5.69056051708262,"DBI"
"232022_at",-0.119996108492964,5.10106838170896,-0.481478149824375,0.634265016946532,0.909888210186502,-5.69064009837799,"TFB1M"
"228594_at",0.0726309530644231,8.3753836354584,0.479805150290498,0.635438044684351,0.910218175666517,-5.69139309677058,"NADK2"
"202070_s_at",0.0932060011984046,8.66790766349873,0.479763945804863,0.635466947561133,0.910218175666517,-5.69141161002124,"IDH3A"
"203437_at",0.0716677649352212,6.66735825276254,0.478809201860919,0.636136817165844,0.910529385090893,-5.69184014162121,"TMEM11"
"241164_at",0.142155744135217,4.25733992843695,0.478587604665665,0.63629233981057,0.910619430797092,-5.69193948461559,"CHCHD3"
"1570542_a_at",0.132946988605782,4.75163065006014,0.478300455173752,0.636493894019631,0.910619430797092,-5.69206814790863,"PMPCB"
"218365_s_at",0.121679154470413,5.347404184635,0.478279499672666,0.63650860409273,0.910619430797092,-5.69207753449116,"DARS2"
"236998_at",0.143515897468116,4.90680660226174,0.478037245505263,0.636678669579161,0.910631001227601,-5.69218601794434,"COA3"
"217933_s_at",-0.0954157009928307,9.29645545765352,-0.476862774514707,0.637503450459934,0.910796350648567,-5.69271119178101,"LAP3"
"224535_s_at",0.0881808185844286,6.37164695313138,0.476726206882366,0.63759938698442,0.910796350648567,-5.69277217682787,"MRPL57"
"222744_s_at",-0.17100628677673,5.35571242404562,-0.476418204814343,0.637815777004026,0.910822899282225,-5.69290965399682,"TMLHE"
"208369_s_at",-0.0809970660673838,6.61813376235936,-0.475989270373868,0.63811718378943,0.910857779478936,-5.69310096431346,"GCDH"
"201923_at",-0.0585004000490515,8.08179463910694,-0.475607963708302,0.638385176363152,0.910882286819215,-5.69327089011013,"PRDX4"
"217006_x_at",-0.188906523248001,4.33806652130127,-0.474044195265089,0.639484758171068,0.911112576846025,-5.69396637178025,"FASN"
"215727_x_at",-0.185103372961517,4.4301192895755,-0.472180067466103,0.640796638318083,0.91139049520121,-5.69479250146208,"ARMCX6"
"213321_at",-0.155468751862522,6.23587901727662,-0.472105507092005,0.640849134963434,0.911401049809571,-5.69482547812543,"BCKDHB"
"224331_s_at",0.0535759756071221,8.68325002658505,0.471240498854634,0.641458311102515,0.911695360484976,-5.69520768162621,"MRPL36"
"207583_at",0.200826857446374,3.79409413042456,0.470404471607027,0.642047320714877,0.911924440200577,-5.69557642627137,"ABCD2"
"226385_s_at",0.0591002397687438,9.33554879047143,0.469716558199929,0.642532158097329,0.912010782195945,-5.69587936080592,"MALSU1"
"208787_at",-0.0770004865098118,9.36991525125317,-0.4694783596608,0.64270007667913,0.912011536169715,-5.69598415423493,"MRPL3"
"222930_s_at",0.15472898841483,4.16443215990219,0.468416180392011,0.643449097654443,0.912374305643926,-5.69645081601788,"AGMAT"
"213591_at",-0.0996509913230424,6.8721357478608,-0.467859544298174,0.643841776235632,0.912385637717304,-5.69669495630193,"ALDH7A1"
"220020_at",0.154998859513085,5.81786456478536,0.467329444616722,0.6442158326784,0.912519015532511,-5.6969271928509,"XPNPEP3"
"203681_at",0.162052534751658,0.757418548056223,0.467042142759317,0.644418602585834,0.912617444061829,-5.69705295174366,"IVD"
"233763_at",0.0786354674954133,5.71738935361002,0.466535860514044,0.644775991168063,0.91274079910188,-5.69727437883227,"LYRM2"
"211658_at",-0.116568682702945,7.35409161620864,-0.464629684637262,0.646122355237295,0.912890469288058,-5.69810594711488,"PRDX2"
"228921_at",0.288104771163282,3.08391279291735,0.464378082165748,0.646300158205973,0.912923564015279,-5.69821545886365,"SLC25A42"
"225392_at",-0.0673782664280336,7.88536513358859,-0.463480473614012,0.646934656471143,0.913052360302468,-5.69860567480217,"GFM2"
"227797_x_at",0.087131760041988,6.31127538843406,0.462386662557004,0.64770821335673,0.913538859736684,-5.69908018346649,"LYRM2"
"1559496_at",0.101530494820996,7.48022168533712,0.459825340807378,0.649521188635026,0.91365908672754,-5.70018700862639,"PPA2"
"200657_at",-0.103187139573154,9.77301617238097,-0.459428593018413,0.649802215012634,0.91365908672754,-5.70035791534343,"SLC25A5"
"228881_at",-0.19555463288604,4.46177840693288,-0.459045637976811,0.650073521716319,0.913834146391454,-5.70052274314164,"PARL"
"210803_at",-0.166760420310084,4.13283374251231,-0.458942023412309,0.650146936501574,0.913871849129326,-5.70056731671354,"TXNRD2"
"209605_at",-0.107289547515977,8.09206302031178,-0.457502781171847,0.651167065137489,0.914388907399952,-5.70118543695602,"TST"
"223515_s_at",-0.104922693219386,6.45157793866198,-0.457495015795516,0.651172571082237,0.914388907399952,-5.70118876682751,"COQ3"
"221619_s_at",-0.0591918199787967,11.547597745551,-0.457331466387917,0.6512885384648,0.914409916054876,-5.70125888556021,"MTCH1"
"1569430_at",0.213598466238652,3.47996035535952,0.456435860858095,0.651923740669244,0.9145444985882,-5.70164242287579,"PTRH1"
"219162_s_at",0.125840610093417,6.79404895954615,0.455756483712754,0.652405762907815,0.9145444985882,-5.7019328691286,"MRPL11"
"201391_at",-0.0602491110470535,8.13203815340412,-0.455515189615751,0.652576999580017,0.9145444985882,-5.70203592451365,"TRAP1"
"216733_s_at",0.0764507542489988,10.2965810045036,0.453996624663547,0.653655108689005,0.914573624611613,-5.70268326463334,"GATM"
"200075_s_at",-0.0589031174393364,9.57851821418875,-0.45290749050115,0.654428814366863,0.914930910533121,-5.70314623723157,"GUK1"
"201717_at",-0.0669173123039878,8.01458407186533,-0.445630956328668,0.659608023530345,0.916336858423882,-5.70621132425476,"MRPL49"
"235724_at",-0.21378371634759,3.92905790931574,-0.445626242751652,0.6596113841521,0.916336858423882,-5.70621329393283,"ACSS1"
"217803_at",0.0682837531537418,9.33960564204108,0.445039446809007,0.660029806739677,0.916496217661582,-5.70645834028857,"GOLPH3"
"229742_at",0.0707161706258412,8.25266382307513,0.444887548033768,0.660138138529363,0.916579568517152,-5.70652172158401,"C15orf61"
"227382_at",0.181463756767483,5.38784348554132,0.443158122559562,0.661372068992196,0.917257961024336,-5.7072418417003,"CYB5B"
"223734_at",0.21514337447752,4.70620866656398,0.442379477261709,0.661927944493217,0.917520343286052,-5.70756516341912,"MGARP"
"229415_at",-0.0888058672815462,7.77421975996774,-0.440403326677513,0.663339605928212,0.917785158129633,-5.70838322206943,"CYCS"
"1569938_at",-0.233267014629305,3.1798517372857,-0.440165869119415,0.663509318918624,0.917847468950975,-5.70848127892305,"SIRT5"
"225425_s_at",-0.0645922674620075,8.31359676438699,-0.439999015603024,0.663628581527688,0.917847468950975,-5.70855014908994,"MRPL41"
"1555713_at",0.177706365079385,4.72800623705374,0.438603048075468,0.664626736809701,0.918326617915214,-5.70912533981082,"PNKD"
"203466_at",-0.0819540946600104,7.24917500967933,-0.437481456662141,0.665429162450297,0.918812658406373,-5.70958617462745,"MPV17"
"223076_s_at",0.0911429043679986,7.27225611569613,0.436607560362847,0.666054659930052,0.918999823365861,-5.70994443287657,"NSUN2"
"218732_at",-0.08006524127859,7.31246271381373,-0.436233412212754,0.666322534413203,0.919130887138071,-5.71009760134487,"PTRH2"
"227186_s_at",-0.0763516360955386,9.5868238253467,-0.435408151797043,0.666913545872873,0.919460820579691,-5.71043498899914,"MRPL41"
"237502_at",-0.220802011507143,4.36285814661113,-0.435033356436696,0.667182028480774,0.919460820579691,-5.71058800739179,"CRLS1"
"230484_at",-0.145544019094335,5.37142174332256,-0.434939956239066,0.667248942231555,0.919460820579691,-5.71062611987993,"CHDH"
"218552_at",-0.0868527556725179,7.37367999680114,-0.432943710525964,0.668679761758673,0.919783922084823,-5.71143877398762,"ECHDC2"
"234452_at",0.213049346355952,4.09324013705736,0.432821684014952,0.668767266331689,0.91981111520028,-5.71148833058854,"HIBADH"
"213919_at",-0.108776405139608,5.13029886035901,-0.431722713368708,0.66955554710925,0.920329911987155,-5.71193401780462,"DNAJC4"
"201275_at",-0.0705093757704078,8.4715389002206,-0.431286793301058,0.669868335198653,0.920329911987155,-5.71211049614038,"FDPS"
"232295_at",-0.214996209791016,3.49424386579286,-0.42925008383563,0.67133054949089,0.920781935355559,-5.71293271430303,"GFM1"
"207005_s_at",0.201501215786987,4.01393963825638,0.429015859569954,0.671498790739941,0.920873043429838,-5.71302702483552,"BCL2"
"235335_at",0.216620907096281,3.95900191617332,0.427973810155492,0.672247497057078,0.921156391284713,-5.71344599237356,"ABCA9"
"224280_s_at",-0.0675414450047061,7.90316130165373,-0.42671062194213,0.67315555221534,0.921604799006332,-5.71395252618534,"MTFR1L"
"1570336_at",-0.178959632521678,2.32320213481281,-0.424029046006822,0.67508490204241,0.92239932059349,-5.71502294126654,"BDH1"
"203335_at",0.0697465070384082,8.19619065431454,0.423601744859847,0.675392547699982,0.922448559763207,-5.71519289491338,"PHYH"
"218890_x_at",-0.0753631442122089,6.78887354044583,-0.422942684896206,0.675867166295879,0.922637666219139,-5.71545469684048,"MRPL35"
"231137_at",0.152770287908365,4.60120864307149,0.422538911257278,0.676158009231957,0.92277346634454,-5.7156148916829,"IDH3A"
"212891_s_at",-0.078280537084655,7.02997759631693,-0.421922468463764,0.67660213903026,0.922843128411183,-5.71585917111133,"GADD45GIP1"
"238458_at",-0.119101048110597,8.01842130906089,-0.419051648247373,0.678672052829796,0.923659662659676,-5.71699217107168,"MICU3"
"220103_s_at",-0.204594423777659,3.49132405766401,-0.417996104754698,0.679433766241197,0.923903923903825,-5.71740683658466,"MRPS18C"
"206781_at",-0.195049384419491,4.32531497827351,-0.417114443835413,0.680070266441622,0.924047181764574,-5.71775240336256,"DNAJC4"
"204836_at",0.0789957765353435,6.12114831513639,0.416852161460024,0.68025966341922,0.924150918381127,-5.71785506612873,"GLDC"
"218455_at",0.0527957417627411,7.60159873804367,0.415381782372222,0.681321835713428,0.924578549916923,-5.718429424799,"NFS1"
"215652_at",-0.190464820413424,2.32284495870421,-0.414204432927662,0.682172812230853,0.924992206863763,-5.71888787857672,"SDHD"
"200789_at",0.0724514895170074,8.24976846130627,0.413434605705906,0.682729467437146,0.925113924563,-5.71918695191455,"ECH1"
"224345_x_at",-0.0665898423598743,9.41990882153197,-0.411646881139536,0.68402286019941,0.925626862760022,-5.71987935710429,"FAM162A"
"1553306_at",0.213178942956897,3.3664148106108,0.40836606205435,0.686399039615485,0.926398226751327,-5.72114235931149,"CASP8"
"239084_at",-0.0943341612891178,6.08763802377641,-0.407738977011955,0.686853589818649,0.926499450775469,-5.72138263123821,"SNAP29"
"205295_at",-0.0836212859421924,7.28388098871096,-0.407718412389141,0.686868498368008,0.926499450775469,-5.72139050454918,"CKMT2"
"201966_at",0.0708086406836661,9.44974306101393,0.406000552014546,0.688114335246276,0.926979349966113,-5.72204681705256,"NDUFS2"
"227700_x_at",-0.100700812576932,6.10800087104599,-0.405414547604585,0.688539526265096,0.927301252910818,-5.72227007635091,"ATAD3A"
"221010_s_at",-0.184368199465323,3.6625722654848,-0.405076537800595,0.688784825669598,0.927393173788133,-5.72239870864345,"SIRT5"
"218327_s_at",0.0625088160785944,7.1988458831059,0.403204305138829,0.690144163786623,0.927994125372854,-5.72310928538994,"SNAP29"
"218722_s_at",0.054729006555936,7.26809549142577,0.402930951047865,0.690342721817622,0.92804030663237,-5.72321276107421,"CCDC51"
"201931_at",-0.054416103348788,8.27712995229871,-0.402147831924368,0.690911686241277,0.928126351028593,-5.72350882046478,"ETFA"
"240840_s_at",0.181972625745736,2.03366818667558,0.397522902176313,0.69427562880704,0.929087548793811,-5.72524569617871,"SETD9"
"218201_at",-0.0652336951820182,9.17736629940547,-0.39708389131879,0.69459527651817,0.929126166176126,-5.72540953511478,"NDUFB2"
"213314_at",-0.0690853461555131,5.8535868819448,-0.396208555041765,0.695232788364738,0.929211126653177,-5.72573567762988,"SMIM8"
"211152_s_at",0.0586970347434456,6.35470036928526,0.393868423774108,0.696938238055324,0.92958968214175,-5.72660410232579,"HTRA2"
"217791_s_at",0.0790787947231639,6.43925302861977,0.393002730076729,0.69756955356618,0.929990010814319,-5.72692407557149,"ALDH18A1"
"203339_at",-0.113913244851547,7.24894195186924,-0.392965081915051,0.697597013889882,0.929998251560956,-5.72693797512511,"SLC25A12"
"202428_x_at",0.0569358150846435,11.438842392243,0.392254020852124,0.698115735957643,0.930010559320823,-5.72720024926684,"DBI"
"200850_s_at",-0.0836029027787593,12.1797234211847,-0.390810985560023,0.699168895511934,0.930500712167816,-5.72773107015499,"AHCYL1"
"219658_at",0.0700402327590885,5.92128860315507,0.390448236150441,0.699433734766335,0.93057957196487,-5.7278642038833,"PTCD2"
"202486_at",-0.0885388803025503,6.49024943207574,-0.3895129726427,0.70011673877215,0.93074026455293,-5.7282068947457,"AFG3L2"
"224151_s_at",-0.0897309389556259,8.25123361354096,-0.389485091301075,0.700137103899862,0.93074026455293,-5.72821709832352,"AK3"
"223356_s_at",0.0536664464883955,8.32064726119038,0.388138925593545,0.701120643616175,0.931026514574874,-5.72870888917227,"MTIF3"
"227653_at",0.145133564133011,5.03821047812114,0.387283720014978,0.701745752450014,0.931277852053822,-5.72902044578606,"TRMT5"
"204276_at",0.0682233473182124,7.46229211702663,0.387031138911739,0.701930416455041,0.931377191550474,-5.72911233283653,"TK2"
"209549_s_at",-0.0452417166674725,8.36533769989938,-0.385589406179296,0.702984835166376,0.931609792499128,-5.72963569088593,"DGUOK"
"211025_x_at",0.0647357928109188,10.8622872184513,0.385174151289848,0.703288646421576,0.931609792499128,-5.72978607328327,"COX5B"
"222577_at",0.132321709926649,4.93462040673592,0.38407169991725,0.704095471909745,0.931675045868778,-5.73018454400655,"CCDC90B"
"202801_at",-0.0689575258350076,7.34466126146121,-0.383545968638676,0.704480351015072,0.931675045868778,-5.73037416747922,"PRKACA"
"209177_at",-0.0714833963691775,8.83092202734879,-0.383417198532439,0.704574633692296,0.931675045868778,-5.73042057383827,"NDUFAF3"
"216721_at",0.193631896965224,2.44293540431071,0.381034474481697,0.706320078916438,0.931904321049426,-5.73127648633729,"SLC25A30"
"222444_at",0.0496556137515644,8.96720807696647,0.38090662268393,0.706413782098173,0.931904321049426,-5.73132226377294,"ARMCX3"
"223357_s_at",-0.199351767961218,3.04845437827848,-0.380427219047768,0.706765181244496,0.93200991324525,-5.73149377949338,"MTIF3"
"1555864_s_at",-0.051540774253584,8.78735058122436,-0.380389651502185,0.706792720762886,0.93200991324525,-5.73150721097888,"PDHA1"
"209017_s_at",-0.0471968938636604,8.0008798257905,-0.377510876328778,0.708904262006516,0.932652701925625,-5.73253255916789,"LONP1"
"219217_at",0.0661549065907307,7.06372135064783,0.377354100442812,0.709019323179612,0.932652701925625,-5.73258817790137,"NARS2"
"232200_at",0.132642769652468,3.874814530933,0.377242235674517,0.709101427423862,0.932707986681907,-5.73262784975007,"HSPA9"
"204607_at",-0.103695503244267,1.62149411803509,-0.376563001002224,0.709600035212292,0.932910635707961,-5.73286848480784,"HMGCS2"
"203159_at",-0.12806174328006,9.47542886364585,-0.375371614991538,0.710474917645135,0.933062746756941,-5.7332895268078,"GLS"
"242274_x_at",0.175944551528906,3.70819440040459,0.374346896038871,0.711227733327474,0.933315577557486,-5.73365061322067,"SLC25A42"
"243630_at",0.10356223333824,5.44512944269919,0.37356543543397,0.711802038506913,0.933408892077121,-5.73392532568436,"NDUFB1"
"214835_s_at",-0.0900524659536689,7.07335409768223,-0.372015037624873,0.712941957893143,0.933754039226478,-5.73446866890593,"SUCLG2"
"217063_x_at",-0.158109231073886,3.86765180734582,-0.370215485671657,0.71426591828793,0.934046660797934,-5.73509652872532,"YME1L1"
"231829_at",-0.118214798948609,6.33407431407097,-0.369070924629998,0.715108465632679,0.934496297827039,-5.73549429800164,"MAVS"
"228542_at",0.100132617612084,5.4844359336363,0.368834654483368,0.715282437358297,0.934513596642571,-5.73557625736592,"MRS2"
"201597_at",-0.0553815560656148,11.292665404885,-0.368371461447842,0.71562354365046,0.934651331777122,-5.73573678308709,"COX7A2"
"1559138_a_at",-0.175766542019864,3.42712541812745,-0.368243571635814,0.715717735330097,0.934651331777122,-5.73578106987806,"SPATA19"
"230727_at",0.0636372528963421,5.95636848699505,0.367293627580037,0.716417518734595,0.934864772891653,-5.73610954890688,"CISD3"
"209646_x_at",0.167014763460793,4.34270929018415,0.366272410858355,0.717170087193515,0.935053042322012,-5.73646173761279,"ALDH1B1"
"229222_at",-0.0847078155386432,7.17975554594768,-0.363544064595943,0.719182121472027,0.935901640491557,-5.73739791175353,"ACSS3"
"214274_s_at",-0.04067995127619,9.13138923429552,-0.362384346063355,0.720037988315662,0.93620795311495,-5.73779374834219,"ACAA1"
"225320_at",0.0724288060273434,6.66298196161865,0.361933237694248,0.720371004702982,0.936349571261733,-5.73794738335616,"MCU"
"218202_x_at",0.0641214296392316,5.62163970795339,0.361767446229348,0.720493409101117,0.936374231261023,-5.73800379977981,"MRPL44"
"205208_at",0.0730803622008949,8.0505827939399,0.360920523962445,0.721118813018593,0.936626773925011,-5.73829159628072,"ALDH1L1"
"223296_at",-0.0519850970532664,8.50425480896697,-0.360028843498126,0.721777481914308,0.936813300181347,-5.73859388134614,"SLC25A33"
"231839_at",0.0565526406939527,7.73355811887156,0.3599919137051,0.721804766030263,0.936823284538765,-5.73860638482089,"PDE12"
"218288_s_at",-0.052627045711311,8.74824167062174,-0.358614803612119,0.722822456748097,0.937160507695614,-5.73907173309908,"CCDC90B"
"200006_at",-0.0421765825542261,11.7037466520295,-0.35830950375271,0.723048145197971,0.93722885398892,-5.73917466007244,"PARK7"
"1553732_s_at",0.142338508381202,3.50750087238165,0.358158376591494,0.723159873184979,0.93725919981624,-5.73922557809764,"CEP89"
"209910_at",0.127453255317264,3.93339000158641,0.354214253468456,0.726077959185787,0.937753586491037,-5.7405469249372,"SLC25A16"
"1554667_s_at",-0.0438140523618029,7.19229628551644,-0.351383122582479,0.728175193466549,0.938287340524677,-5.74148647573686,"METTL8"
"228697_at",-0.168366875395073,8.44740798268701,-0.350960729036973,0.728488277947278,0.938334157874227,-5.74162601342566,"HINT3"
"235823_at",0.0965750728360312,4.67983197620928,0.35022691722007,0.729032304452692,0.938375061955741,-5.74186803321966,"ACSF3"
"202343_x_at",0.0538132826111674,10.961520093434,0.350169149068842,0.729075138204723,0.938375061955741,-5.74188706455241,"COX5B"
"225790_at",0.0654740390395949,5.80835409023917,0.349904450323845,0.729271417677375,0.938375061955741,-5.74197422805928,"MSRB3"
"219016_at",0.0604714047769858,6.57828542934731,0.349629744526919,0.729475137460885,0.938511781463624,-5.74206461784525,"FASTKD5"
"214630_at",0.0919523634911565,3.12685835630273,0.349080820981464,0.729882275695418,0.938605209669351,-5.74224502636859,"CYP11B2"
"236178_at",-0.0656739369441234,5.49338028284506,-0.347693398478813,0.730911690557893,0.938683026411121,-5.74269976422623,"SMIM8"
"1552774_a_at",-0.0724890229097922,6.10320308170209,-0.34556702044579,0.732490378704068,0.939358049114051,-5.74339322139584,"SLC25A27"
"241343_at",-0.0732574034924179,6.14262676640403,-0.345146689547928,0.732802587504538,0.939402693950522,-5.74352980179769,"RNASEH1"
"203328_x_at",-0.0497883293882522,6.01453812924588,-0.34422934708964,0.733484123753788,0.939603637195462,-5.74382730740921,"IDE"
"227323_at",0.142247251120578,1.95293659707516,0.341354385227689,0.735621506007663,0.939932177148189,-5.74475461546032,"COX4I1"
"224902_at",0.0646859968202652,7.73368885102444,0.336010980192727,0.739599799721702,0.940717058883576,-5.74645765198925,"PDPR"
"235244_at",-0.0972473844721878,5.63593826682107,-0.335946094453881,0.739648154375137,0.940717058883576,-5.74647816868294,"CCDC58"
"203176_s_at",-0.0864369275672579,6.62746037698483,-0.335919167131118,0.739668221683567,0.940717058883576,-5.74648668187673,"TFAM"
"218197_s_at",-0.0827750499515344,8.59777844869257,-0.335422974645195,0.74003803759223,0.940717058883576,-5.74664343437907,"OXR1"
"200979_at",-0.0428560049928521,7.42513978348664,-0.335150702699483,0.740240990938675,0.940833707228092,-5.74672935047454,"PDHA1"
"204309_at",0.167985238457625,3.21991327231936,0.334389581239143,0.740808437613172,0.940973341784296,-5.74696915765616,"CYP11A1"
"221825_at",-0.0521519319309826,8.04436042690828,-0.334283696634239,0.740887390693353,0.940973341784296,-5.74700247601762,"ANGEL2"
"217491_x_at",-0.0497792070669878,11.5953907835221,-0.333985416237968,0.741109819644497,0.941027118891044,-5.74709627873791,"COX7C"
"219458_s_at",-0.050320802835781,6.47543048107192,-0.333221046773363,0.741679917786486,0.941099088355595,-5.74733627773954,"NSUN3"
"205512_s_at",-0.0485066376484072,6.61558883787019,-0.331066802220297,0.743287449282494,0.941686982089996,-5.7480097427509,"AIFM1"
"218133_s_at",0.0562130739493715,7.07555912569041,0.330959834752583,0.743367301084629,0.941732737712076,-5.74804307040359,"NIF3L1"
"214547_at",0.185690904952052,2.67932533800335,0.330577161270895,0.743652992882784,0.941742635138556,-5.74816221189565,"ADCY10"
"201036_s_at",0.059689289388852,8.31758022696765,0.330561577772759,0.743664627817403,0.941742635138556,-5.74816706076535,"HADH"
"222701_s_at",0.0595328372394592,7.26971248647023,0.330239809973223,0.743904879601089,0.941770286051829,-5.7482671295289,"CHCHD7"
"235689_at",-0.0585987485233964,5.54669507660654,-0.327707899816801,0.745796280553401,0.942295556593518,-5.74905117629411,"MTFMT"
"240362_at",0.0990839998498047,4.64118965749751,0.327093381940316,0.746255586366629,0.942324384569213,-5.74924056992763,"MPC1"
"226452_at",-0.067855727569778,6.53236123544191,-0.325253528533922,0.747631308756774,0.942658277724143,-5.74980550419285,"PDK1"
"205996_s_at",0.055840981276231,6.12338426607323,0.324411803391015,0.74826098028621,0.942870941983072,-5.75006290633682,"AK2"
"205164_at",-0.0923491586441515,6.46441156472676,-0.324218876015786,0.748405329054828,0.942870941983072,-5.75012181100253,"GCAT"
"1554127_s_at",-0.122305676043455,5.10732247647209,-0.32244647452877,0.749731881086928,0.943292750793253,-5.75066133622619,"MSRB3"
"218647_s_at",-0.0603612752155144,6.61704543047967,-0.321707867045049,0.750284922963456,0.943398650768966,-5.75088530559666,"YRDC"
"222343_at",0.11070673587655,3.99958369641772,0.320029112794902,0.75154241728861,0.943750724121081,-5.75139246382545,"BCL2L11"
"203093_s_at",0.0465822229762293,6.41355151741629,0.319761666188901,0.751742816573407,0.943750724121081,-5.75147301759084,"TIMM44"
"223354_x_at",-0.0432262862058398,8.66306402803285,-0.317429046739592,0.753491412328495,0.943836751118603,-5.75217276188747,"MFF"
"223079_s_at",-0.105504885259527,5.20690094666946,-0.315887266348619,0.754647909737774,0.944408068657876,-5.75263248030628,"GLS"
"225324_at",0.0669473127992007,6.91181668606283,0.315463174682274,0.754966125444561,0.944443237517769,-5.7527585441061,"CRLS1"
"226241_s_at",-0.0443435719437639,7.58185727155913,-0.31261231297051,0.757106400781427,0.945238823123763,-5.75360162085905,"MRPL52"
"224319_s_at",-0.0680555929619559,6.10866516029571,-0.312303736838988,0.757338182087766,0.945309706180017,-5.7536924199269,"MIEF1"
"206068_s_at",-0.18530561676012,3.86526108120536,-0.311809296892783,0.757709619790433,0.945438924178248,-5.75383772433874,"ACADL"
"219448_at",0.132688170140433,4.14966879763492,0.31120896567112,0.758160685781936,0.945555332945368,-5.75401384081653,"TMEM70"
"204594_s_at",0.0398872635758042,7.29527240686927,0.310933135439787,0.758367963360966,0.945555332945368,-5.75409464703119,"MIEF1"
"228797_at",0.0620089206506761,6.51126770701874,0.310915170954027,0.758381463734742,0.945555332945368,-5.75409990737629,"NLN"
"1555886_at",-0.0696132236021128,5.41509161682509,-0.310421695955716,0.758752342426382,0.94566503790853,-5.75424428842577,"PDSS2"
"211322_s_at",0.101214259917033,3.05931174956616,0.30966339390131,0.759322370547489,0.945807256659045,-5.75446570931546,"SARDH"
"202564_x_at",0.0431383739001729,9.28587607931712,0.308934641863559,0.759870316021209,0.946100478356225,-5.75467799556777,"ARL2"
"227157_at",0.047215240515858,6.76238104373044,0.30867197450274,0.760067845789604,0.946152982102096,-5.75475438921534,"PRIMPOL"
"213621_s_at",0.128912490229763,4.27846287559983,0.307481123342111,0.760963591391572,0.946484464108574,-5.75509992542724,"GUK1"
"1559042_at",0.0715292758519789,4.55406943793179,0.307109732564836,0.761243017119282,0.946506044381729,-5.75520741677672,"NDUFB6"
"223334_at",-0.0412065457351674,8.65419111057005,-0.306716114200396,0.761539202379221,0.946506044381729,-5.75532120076625,"TMEM126A"
"200845_s_at",0.0714562348538952,10.1033125219925,0.306176018757949,0.761945667206782,0.946624385337435,-5.75547709155909,"PRDX6"
"223317_at",-0.175024106426308,2.1342996147826,-0.303150290869386,0.764224052223645,0.947445639445518,-5.75634538342519,"ALKBH7"
"229112_at",-0.082143259443818,5.47671769779333,-0.302313784622528,0.764854327507024,0.947575639715763,-5.75658392558438,"SIRT5"
"1562321_at",0.187734349358435,5.51464555916089,0.302219195644839,0.764925607057728,0.947575639715763,-5.75661085787544,"PDK4"
"218558_s_at",0.0551380038739534,6.93845045962369,0.302209123897546,0.764933196962978,0.947575639715763,-5.75661372510837,"MRPL39"
"223048_at",0.0403772668036166,6.92781922193628,0.301426721316739,0.765522875889239,0.947773609567426,-5.75683617031558,"SDHAF2"
"203127_s_at",-0.0538238343418825,7.39199605039666,-0.301113136658614,0.765759257915737,0.947846979959873,-5.75692516507536,"SPTLC2"
"227572_at",0.0445635998588814,7.97254288528831,0.300756198581747,0.766028348136876,0.947875207198109,-5.75702635159596,"USP30"
"243845_at",-0.177576231441583,3.45098784430433,-0.299530847137191,0.766952349468254,0.948068098921668,-5.75737281387516,"HSPD1"
"228590_at",-0.0476407429359197,7.53533312460404,-0.297439475929249,0.768530201282067,0.94819979774709,-5.75796089665194,"PTCD3"
"1552616_a_at",-0.0950510844557815,4.88751751436327,-0.297366091054351,0.768585585590985,0.94819979774709,-5.75798145783398,"ACACB"
"1555905_a_at",-0.0751579843577042,5.13724188581682,-0.296620400622656,0.769148436638457,0.948242125498999,-5.75819010193777,"TCAIM"
"221997_s_at",0.0466801309812352,4.91003451171399,0.296389275309587,0.769322917423605,0.948242125498999,-5.75825466522163,"MRPL52"
"211902_x_at",-0.159273681882995,3.50635162014912,-0.294939126981019,0.770417943393555,0.948648960276734,-5.75865861432305,"YME1L1"
"222931_s_at",-0.0439460668235143,6.52625162582139,-0.294830175273117,0.770500233872081,0.948675993161254,-5.75868888416669,"THNSL1"
"239623_at",0.137497820322967,3.27491934091879,0.294459326091841,0.770780354228099,0.948745660805349,-5.75879183327867,"C5orf63"
"224044_at",-0.110586500230507,4.28324789116564,-0.29426134956321,0.770929908464956,0.948758881845153,-5.75884673963907,"RHOT1"
"1562442_a_at",-0.087366176268561,5.11230023926071,-0.293762045150234,0.771307130057108,0.948895160913012,-5.75898505278222,"SSBP1"
"218024_at",-0.0439181454595562,10.493955460076,-0.291981350382883,0.772652900607888,0.949201860346472,-5.75947642730715,"MPC1"
"209623_at",0.0396424471068513,7.59440316324906,0.2883459670799,0.775402608964163,0.949769573625061,-5.76047038527618,"MCCC2"
"209078_s_at",0.0431545100227387,8.00389644908346,0.288226250857294,0.775493210154079,0.949769573625061,-5.76050290685238,"TXN2"
"201014_s_at",-0.0439336638474797,7.05635446229307,-0.287992984413525,0.775669755406254,0.949769573625061,-5.76056623645504,"PAICS"
"223087_at",0.0419540627879839,9.52810348294964,0.286470053366879,0.776822671220301,0.949856537927458,-5.76097844631153,"ECHDC1"
"236006_s_at",-0.105388447305109,5.14207550041948,-0.28606172439895,0.777131880224409,0.949984768611656,-5.76108859923884,"AKAP10"
"219680_at",0.0674728000195524,6.20980590920941,0.2855820287342,0.777495179776974,0.950031870443996,-5.76121780509285,"NLRX1"
"223109_at",-0.0492498533466149,7.61019545105708,-0.285204648325559,0.777781026670145,0.9500819510949,-5.76131930102216,"TRUB2"
"215919_s_at",0.0953036977683146,5.2510665834328,0.284699653865909,0.77816358470836,0.9500819510949,-5.76145491005903,"MRPS11"
"210775_x_at",-0.0402330499630732,6.83919763323319,-0.284472797329377,0.778335458197264,0.950135935440538,-5.76151575144412,"CASP9"
"219320_at",-0.105724917237611,4.7051393203976,-0.284428441164177,0.778369065135224,0.950135935440538,-5.76152764183736,"MYO19"
"207746_at",0.121788823413943,3.20465368714959,0.284121169071484,0.778601885281568,0.950158851897828,-5.7616099605694,"POLQ"
"214763_at",-0.138183749096153,4.10158689220351,-0.283821625339288,0.7788288699136,0.950240967480368,-5.76169012379714,"ACOT11"
"218633_x_at",0.0360598879498652,8.31437347523907,0.283745050234483,0.778886899280688,0.950240967480368,-5.76171060317791,"ABHD10"
"216862_s_at",-0.0545406017265553,7.65727527622917,-0.282843676315751,0.779570067374138,0.950623797900152,-5.76195125566562,"CMC4"
"200658_s_at",0.0386918242945384,8.14934813003029,0.281823317810593,0.780343633807151,0.950858386022838,-5.76222275742293,"PHB"
"212215_at",-0.0532626378620993,10.3539954752103,-0.279022818686435,0.782467963777066,0.951552707349852,-5.76296291878011,"PREPL"
"231683_at",0.122556400680902,4.16778887469299,0.278958180266067,0.782517015884288,0.951570683012509,-5.76297991577654,"GLYAT"
"235874_at",-0.14917113030595,3.37050924971247,-0.27837085522666,0.782962760736398,0.951658098768297,-5.76313417657421,"PRSS35"
"228509_at",0.152259824147316,6.67514791823166,0.276764348673755,0.784182389143899,0.951796025153541,-5.7635544751239,"SPHKAP"
"228019_s_at",-0.0466176941553492,8.24220806177245,-0.274693256384,0.78575555068315,0.952390222604074,-5.76409275351529,"MRPS18C"
"223244_s_at",-0.0489708453140045,10.3405841392487,-0.274095609805011,0.786209684152409,0.95249924958969,-5.7642473354151,"NDUFA12"
"224655_at",-0.0414772381318049,10.3093707923187,-0.273586160461809,0.786596860083991,0.952629110745407,-5.76437884087871,"AK3"
"224803_s_at",-0.123587282987573,3.83158643275891,-0.271882294795436,0.787892185029315,0.95287506315955,-5.76481689788679,"MRPL20"
"201413_at",-0.0332788167367055,10.3598161693642,-0.271476807404225,0.788200539290778,0.953020142756578,-5.7649207464607,"HSD17B4"
"228616_at",0.151634814010009,3.15838326593973,0.271445161371829,0.788224606103548,0.953028027920591,-5.76492884478396,"POLRMT"
"237506_at",-0.171553839598131,3.83170291144766,-0.269849751914141,0.78943819236198,0.953689133271347,-5.7653358993683,"TMEM177"
"217066_s_at",0.0795429872256328,5.72448904250708,0.269554952059693,0.789662498259149,0.953751236351775,-5.7654108539113,"DMPK"
"217636_at",0.138738861321207,2.5936904580618,0.269534109111441,0.789678357840761,0.953751236351775,-5.76541615026774,"POLG"
"226351_at",0.046621795605353,5.5752794082906,0.268270567046854,0.790639970232063,0.953866814021688,-5.76573646593432,"NSUN4"
"203858_s_at",-0.0418746607355177,6.37684815646604,-0.268133025419809,0.790744666014629,0.953866814021688,-5.76577124329984,"COX10"
"230024_at",-0.110884183584301,4.30048184482101,-0.267820310345822,0.790982717559198,0.953927389812956,-5.76585024726046,"AARS2"
"218620_s_at",0.0539074773002878,5.69966953996395,0.266906454005688,0.791678500816055,0.954272747205612,-5.76608059765956,"HEMK1"
"204809_at",0.0348374610526245,7.15674559442521,0.264369511425349,0.793610974133083,0.954906871341311,-5.76671596787303,"CLPX"
"202069_s_at",-0.0579585813210879,8.54758721853587,-0.264268853533045,0.793687676377446,0.95490930686138,-5.76674105295172,"IDH3A"
"244723_at",-0.145556087434747,3.05660165545382,-0.262103466946852,0.795338231703115,0.955677608437243,-5.76727839204635,"ACSM2A"
"225942_at",-0.0504409364144678,5.94087781232211,-0.261831998359383,0.79554522595651,0.955677608437243,-5.76734544673502,"NLN"
"212674_s_at",0.0336807400752206,8.30690940333986,0.261479796914833,0.79581380157236,0.955713332191987,-5.7674323400642,"DHX30"
"209731_at",-0.049576628402162,6.16673247658586,-0.26085435161032,0.796290805866157,0.955750716866296,-5.76758636010938,"NTHL1"
"226710_at",0.0644462253936798,6.52875192628848,0.259842492266018,0.797062684751661,0.956052796960157,-5.76783476060058,"C8orf82"
"223086_x_at",-0.0294584067677343,9.68549444009397,-0.258006057652065,0.798464112977667,0.956647681440239,-5.76828313335607,"MRPL51"
"218969_at",0.0370942323273999,7.0454924693179,0.257176862905477,0.799097117627902,0.956929324617217,-5.7684845482974,"PAM16"
"225264_at",-0.0276130911284804,7.3754878288614,-0.256031334061464,0.799971840799552,0.957090602597962,-5.76876174155104,"RARS2"
"210820_x_at",0.0375448488396674,6.26273639978198,0.255506461394232,0.80037272125558,0.957232874764088,-5.76888833832021,"COQ7"
"209077_at",-0.0366160968004761,8.26082961897153,-0.254160870555286,0.801400693505713,0.957363054705036,-5.76921170819166,"TXN2"
"223593_at",0.0510924475947717,6.36327276820295,0.253944204329914,0.801566251089207,0.957479727017429,-5.76926361828644,"AADAT"
"223448_x_at",0.0371645757717333,7.71274440293136,0.253797286509521,0.801678518348245,0.957522231169408,-5.76929879262222,"MRPS22"
"200925_at",-0.0415111587424672,12.5684744796608,-0.252845236504156,0.80240613245471,0.957787902752933,-5.76952623705264,"COX6A1"
"228075_x_at",0.0388839213413492,7.02584874159897,0.25099257701415,0.803822566562292,0.95837666220022,-5.76996639984198,"TFB1M"
"201013_s_at",-0.036356356602601,9.23825025026364,-0.250720513520291,0.804030627866586,0.958385429746395,-5.77003076673241,"PAICS"
"212038_s_at",-0.0669376812563624,9.98200940385235,-0.250534108038789,0.804173190463995,0.958411389632484,-5.77007482790129,"VDAC1"
"202366_at",-0.0530903687359431,5.98640550022638,-0.249725160778391,0.804791951858888,0.958575737669268,-5.77026566327954,"ACADS"
"202054_s_at",0.039465986730408,8.50395419487167,0.249599537761719,0.804888052170575,0.958575737669268,-5.77029524341193,"ALDH3A2"
"231505_s_at",0.103145089548444,5.15376823477506,0.249344183173196,0.805083405421883,0.958575737669268,-5.7703553254737,"SFXN4"
"205530_at",-0.034735337440279,6.55568088429696,-0.248751102387752,0.805537178187002,0.958597183585531,-5.77049463466887,"ETFDH"
"224281_s_at",-0.0421915720509729,9.80807210985041,-0.246633324878525,0.807158078774526,0.959160195206185,-5.77098938782826,"NGRN"
"243614_s_at",-0.0864049706304207,4.71602599736753,-0.244419102815456,0.808853734503453,0.95938173448459,-5.77150217202044,"PRODH2"
"204355_at",0.0277627697016509,8.06976067323282,0.243465050257181,0.809584643683182,0.959692038928914,-5.77172169951543,"DHX30"
"223647_x_at",0.0450639738194338,6.78227168812429,0.242471679929759,0.810345861635817,0.959810991550819,-5.7719493662415,"HSCB"
"212741_at",-0.0759262907827024,9.51470526020038,-0.240567773221428,0.811805352731074,0.959936501864474,-5.77238312659203,"MAOA"
"213735_s_at",-0.031736651017849,11.4437471735651,-0.238588041689194,0.813323704451385,0.960362924822642,-5.7728305532683,"COX5B"
"231693_at",0.109301612725587,1.75964884224904,0.237955675803704,0.813808853382299,0.960362924822642,-5.77297269497242,"FABP1"
"204331_s_at",-0.0472212384596369,7.26379344678019,-0.236616970059345,0.814836153319273,0.960616847342159,-5.7732723674118,"MRPS12"
"222727_s_at",0.096206741393797,4.25519378075264,0.235493616715591,0.815698455949293,0.960796771033562,-5.77352253431073,"SLC8B1"
"228971_at",0.0667846217944496,8.48973747996705,0.234772163761056,0.816252378706833,0.960886774280048,-5.77368257452975,"SLC25A3"
"213626_at",-0.0296203950220652,8.1838328254034,-0.233054524270207,0.817571552309212,0.961272167157275,-5.7740616322026,"CBR4"
"219169_s_at",-0.0302113767612053,7.139833679674,-0.232774285727779,0.817786831892856,0.96140185787616,-5.77412321382221,"TFB1M"
"218642_s_at",-0.0391885574846445,7.47511912443888,-0.23207781986368,0.81832192083063,0.961487437240182,-5.77427594078805,"CHCHD7"
"207464_at",-0.103379010139675,4.49399146208363,-0.231978951326086,0.818397887981967,0.961487437240182,-5.77429758459839,"AHCYL1"
"222994_at",-0.0485450631047662,9.46238829624231,-0.230038809197848,0.81988899048427,0.961819343435549,-5.7747204531633,"PRDX5"
"201918_at",-0.0355059338194836,9.05267626227942,-0.228518540706813,0.821057880337074,0.96211105049798,-5.77504933647344,"SLC25A36"
"238286_at",0.113080184805306,1.76437123348973,0.228062845411464,0.821408333243968,0.96221144644166,-5.77514749521393,"SPG7"
"231202_at",-0.0683398054678569,4.21326321054314,-0.22787825596556,0.821550302687789,0.96221144644166,-5.77518720106739,"ALDH1L2"
"201282_at",-0.0383468761577207,7.82542658848604,-0.227672317756012,0.821708698970489,0.962233318764969,-5.7752314613413,"OGDH"
"201347_x_at",-0.0309137177448068,8.6324991576901,-0.227346104013191,0.821959620301022,0.962327894288412,-5.77530148971391,"GRHPR"
"228090_at",0.0339492696048516,5.99916127201026,0.226730240682724,0.822433390654882,0.962409021928167,-5.77543342469928,"NMNAT3"
"1556895_a_at",-0.13326092225391,2.51788803857757,-0.226334792748445,0.822737636386363,0.962409021928167,-5.77551795274686,"NT5DC2"
"205571_at",0.0605621941784901,7.14361895214959,0.225867864642624,0.823096913162664,0.962631255478536,-5.7756175707214,"LIPT1"
"220942_x_at",-0.0368906477644721,9.5271296031013,-0.225463974675089,0.823407717083394,0.962662480261361,-5.77570357444352,"FAM162A"
"228543_at",-0.0352270483131003,7.59820475785808,-0.22359985640164,0.824842584549097,0.962999422990337,-5.77609853084105,"PET117"
"200844_s_at",-0.0358549117897041,9.73660298078624,-0.222115218715887,0.825985798495395,0.962999422990337,-5.77641074977777,"PRDX6"
"211196_at",0.127150450719797,1.80821850983336,0.221447217808099,0.826500306205981,0.962999422990337,-5.77655055457907,"DBT"
"1560587_s_at",-0.0447826394398418,9.90514167131196,-0.220594473584321,0.82715722159832,0.963037189242966,-5.77672841466665,"PRDX5"
"217806_s_at",-0.0231085882090691,8.11958634603291,-0.21885777901107,0.828495487974147,0.963671301048137,-5.77708853043866,"POLDIP2"
"210625_s_at",0.0395182351350952,6.71994049332156,0.217751221070345,0.829348457563939,0.963888955268424,-5.7773165044494,"AKAP1"
"203270_at",-0.10065451907399,4.87173372447175,-0.217327490322633,0.829675139025501,0.963888955268424,-5.77740349708068,"DTYMK"
"223091_x_at",-0.0356825912186556,8.60654390727633,-0.217316035398179,0.829683970801653,0.963888955268424,-5.77740584645298,"MFF"
"228622_s_at",-0.0354234831149826,7.01311534695134,-0.217296501563337,0.829699031491043,0.963888955268424,-5.77740985250225,"DNAJC4"
"226010_at",-0.0364330309612835,8.49018811252611,-0.217165332246856,0.829800165440966,0.963944596471747,-5.77743674375381,"SLC25A23"
"230194_at",-0.0345959090539169,7.42528543279755,-0.216855337421194,0.830039189011434,0.963993876073267,-5.77750023206185,"LRPPRC"
"227482_at",-0.0353245124738633,6.54804111425762,-0.216677249765026,0.830176512220817,0.963993876073267,-5.7775366643472,"ADCK1"
"223004_s_at",0.0291197677678867,9.81291844758762,0.21660671168548,0.830230905581525,0.963993876073267,-5.77755108643343,"TIMMDC1"
"223042_s_at",0.0263627744038313,9.63962595406702,0.216587239018072,0.830245921506808,0.963993876073267,-5.77755506695547,"FUNDC2"
"219967_at",0.0991605391958126,4.49109420181173,0.215614424328289,0.830996169952843,0.964327347638561,-5.77775347200148,"MRM1"
"200692_s_at",0.0315427838316749,9.44502439700335,0.215149112829449,0.831355082514779,0.964386367713953,-5.77784805751074,"HSPA9"
"201509_at",0.0411100870393952,7.7663823623007,0.215113713630675,0.831382388797616,0.964386367713953,-5.77785524489947,"IDH3B"
"211569_s_at",-0.0336123139528899,7.29173781334461,-0.214572833318055,0.831799640602333,0.964513979981162,-5.77796491773992,"HADH"
"226749_at",0.0317184213638296,7.56142035299539,0.213928350340507,0.8322968802796,0.964843927619538,-5.77809523871762,"MRPS9"
"221913_at",-0.0675298027727854,6.23703970582224,-0.212474824171105,0.833418583947749,0.965134434343328,-5.77838772291217,"SIRT3"
"218316_at",0.0226676693940595,7.49482532730313,0.210123687001107,0.8352337446196,0.965992935772783,-5.77885662258738,"TIMM9"
"226083_at",-0.0865739329248461,4.73126135004478,-0.209489944316337,0.835723175887944,0.966098870047773,-5.77898212387129,"TMEM70"
"222971_at",-0.125474149216881,2.51981112797846,-0.207084547203158,0.83758144471915,0.966543999983891,-5.77945503199845,"NDUFA2"
"228959_at",0.0509605853977378,8.58281010986983,0.206547880356545,0.837996173490098,0.966590121788151,-5.77955979983063,"PDK3"
"222083_at",0.0492521618270064,1.15592175584115,0.205774375332298,0.838594011425538,0.966700670669957,-5.77971032652298,"GLYAT"
"244122_at",0.0560898280490597,4.72905905541877,0.205512573339134,0.83879637917698,0.966784851842696,-5.77976114661129,"MGST3"
"232183_at",0.0431176061687739,6.3237388132443,0.205209967344596,0.839030301684517,0.966910187216338,-5.77981980710901,"SERAC1"
"227316_at",0.099553117918432,3.43278175066503,0.201427355474592,0.841955626193318,0.968019914952509,-5.78054580278765,"PET117"
"237765_at",-0.0926501057832416,2.62990490707443,-0.200409769649588,0.842742983949934,0.968328676732304,-5.78073881024464,"SLC25A47"
"205851_at",0.0290221980489102,5.9806194960077,0.198244242107965,0.844419115919816,0.968503414064195,-5.78114630739023,"NME6"
"219281_at",-0.0308795026052911,7.85151137526813,-0.196682400332864,0.845628455217553,0.969149624021669,-5.78143746748071,"MSRA"
"208255_s_at",0.0388003759363651,7.18705266228807,0.196040413176981,0.846125659969999,0.969312011550162,-5.7815564817037,"FKBP8"
"221590_s_at",-0.0376415967935704,8.26444231429691,-0.194480677053304,0.847333910940584,0.969313937315163,-5.78184401620722,"ALDH6A1"
"214864_s_at",-0.0246161594213665,8.83487428262911,-0.193641135751973,0.847984419987572,0.969313937315163,-5.78199783630664,"GRHPR"
"214025_at",0.0945324660526812,3.90191715953638,0.192838679368526,0.84860629678026,0.969417048862492,-5.78214424170545,"DDX28"
"234697_x_at",0.0596783821940736,5.7911457962135,0.192550829683083,0.848829394989534,0.969417048862492,-5.78219661119877,"TAMM41"
"211414_at",-0.121305226437152,3.07759747904704,-0.192434548553576,0.848919522443725,0.969417048862492,-5.78221774451436,"GLS"
"235426_at",0.0836365830966573,3.57380571401616,0.190436046366909,0.850468852271723,0.969743174149026,-5.78257896991088,"GATM"
"219244_s_at",0.0274086608495077,7.31085961230536,0.189696636230696,0.851042232065303,0.969743174149026,-5.78271166409875,"MRPL46"
"204824_at",0.0384754013825812,6.74893640871438,0.187181600879909,0.852993153342396,0.969743174149026,-5.78315915868455,"ENDOG"
"221648_s_at",0.0419207076052811,4.97695266154769,0.186176106883592,0.853773385788943,0.969930891028338,-5.78333639774815,"AGMAT"
"236491_at",0.0858413588671292,2.18726873801297,0.185993206003655,0.853915327568167,0.969930891028338,-5.78336853548511,"BCL2L10"
"238728_at",-0.0338793156469942,6.06479412093873,-0.185608455989539,0.854213932430336,0.969930891028338,-5.78343603756834,"MRPS23"
"231686_at",0.0936071248894313,3.36520241095972,0.183625600388287,0.855753178507832,0.970109593033255,-5.78378170765635,"GATM"
"40850_at",0.0261722521886457,7.4042459256376,0.182209311115208,0.856852968388552,0.970300433986313,-5.7840263421048,"FKBP8"
"211138_s_at",-0.102431968234063,3.6313812744864,-0.18219135250139,0.856866915671165,0.970300433986313,-5.7840294319542,"KMO"
"1556092_s_at",0.0536759001182079,1.896788473479,0.182000354668303,0.857015254144651,0.970300433986313,-5.78406227508397,"HEMK1"
"238616_at",0.0383914632723566,7.46180779832314,0.181974241709145,0.857035535191181,0.970300433986313,-5.78406676268187,"QDPR"
"226854_at",0.0274837705878559,6.21862026296985,0.180211438806899,0.858404874743277,0.970624005710174,-5.7843682213573,"MTG2"
"201384_s_at",-0.0258714066076118,9.4636458081197,-0.17951260649501,0.858947850615357,0.970886128247852,-5.78448691936035,"NBR1"
"201134_x_at",0.028958165818853,11.9346777018185,0.178715720563916,0.859567098037356,0.971068938482833,-5.78462171070506,"COX7C"
"225947_at",0.0252164528738657,6.77649714476704,0.178483284398987,0.859747737754942,0.971118798312882,-5.78466091406268,"MYO19"
"243801_x_at",-0.026688110892223,7.33791994806506,-0.177696745648732,0.86035906057767,0.971276804581895,-5.78479319655373,"MRPL30"
"209368_at",-0.0907126178089342,5.0744769851129,-0.174547513472476,0.862807628056661,0.972250236898054,-5.78531700693688,"EPHX2"
"218126_at",-0.0171692988661095,8.45820033568386,-0.172260226082226,0.864586899995773,0.972866578637388,-5.78569159382937,"RMDN3"
"226266_at",-0.0529771301592049,4.96582720790922,-0.172067782521464,0.864736634410892,0.972866578637388,-5.78572288535432,"PGS1"
"201682_at",0.0264796099814572,8.47528932889163,0.171629652536903,0.865077549060314,0.972866578637388,-5.78579399561365,"PMPCB"
"231840_x_at",-0.0356591603091219,7.18218548366305,-0.167490788718733,0.868299356650258,0.973048983538769,-5.78645682605642,"LYRM7"
"242270_at",-0.0426241934493836,5.46162872303243,-0.167058116600009,0.86863629558954,0.973082312116416,-5.78652518575777,"ACP6"
"244546_at",-0.0473678104135853,7.16429455845252,-0.166788882216895,0.86884597184495,0.973090764181119,-5.78656763420391,"CYCS"
"1554176_a_at",0.0400676401343488,3.96707142528508,0.166500398477767,0.869070650095328,0.973102586462411,-5.78661304176763,"C3orf33"
"229672_at",-0.0293817959157067,6.56699472244017,-0.166405499193288,0.869144562447801,0.973145225878417,-5.78662796184663,"UQCC1"
"214584_x_at",0.100735626551596,3.68940361018662,0.165554185583829,0.869807662554373,0.973299046789807,-5.78676142596311,"ACACB"
"238448_at",-0.0575507516402894,4.29257024809367,-0.165332826908039,0.86998009784161,0.973330488186819,-5.78679601744362,"MRPL19"
"34764_at",-0.0244355808937284,7.47442610796367,-0.165303804686112,0.870002706229156,0.973330488186819,-5.78680054929097,"LARS2"
"209609_s_at",0.020522990715534,8.66982095096122,0.164498578597473,0.870630024303951,0.973482795661095,-5.78692596958444,"MRPL9"
"218398_at",-0.0271100451033946,6.82408010510763,-0.163569435395727,0.871353988193561,0.973605769775101,-5.78706993162517,"MRPS30"
"218320_s_at",0.0237063772695864,9.23151163001603,0.163108010793355,0.871713560563109,0.973759358989688,-5.78714112270085,"NDUFB11"
"225772_s_at",0.0227555400575505,8.63250511326975,0.162592293224047,0.872115474819425,0.973759358989688,-5.78722045292652,"COX14"
"1554513_s_at",0.069196914501488,4.0055869024647,0.162209691525198,0.87241367047237,0.973854618839256,-5.7872791446503,"CEP89"
"228541_x_at",-0.0202676523012053,7.34521632614565,-0.161618866898687,0.872874190558833,0.973983453398781,-5.78736950708951,"NGRN"
"223088_x_at",0.0268707425954552,7.35966553405665,0.160974603535173,0.873376415655594,0.974018744828926,-5.78746766762143,"ECHDC1"
"212174_at",0.0223776208086273,6.99813515994811,0.160837333016718,0.873483429664969,0.974018744828926,-5.78748853172088,"AK2"
"225204_at",-0.0367063960798006,9.00985055659306,-0.160567361854022,0.873693902232024,0.974018744828926,-5.78752951352031,"PPTC7"
"1555960_at",0.0364828761743563,5.10925405796962,0.159971941761883,0.87415813191471,0.974080363708679,-5.78761965584788,"HINT1"
"221936_x_at",0.0712277221961803,3.37850148601909,0.15936366559864,0.874632432454993,0.974217305885581,-5.78771139943004,"MRPL41"
"219986_s_at",-0.031525858777864,6.10119054455554,-0.159157681718523,0.874793058264525,0.974242948109643,-5.78774238801362,"ACAD10"
"1553983_at",-0.0547438158760652,4.83086839891566,-0.159095507644725,0.874841542554728,0.974242948109643,-5.78775173373489,"DTYMK"
"214829_at",-0.0371281112507917,6.86017853890692,-0.15905059757271,0.874876564422937,0.974242948109643,-5.78775848214415,"AASS"
"225609_at",-0.0256035483561307,7.20626270870042,-0.158454193730448,0.875341677934174,0.974539532723123,-5.78784792046693,"GSR"
"224330_s_at",0.0257187528859261,8.64229425133377,0.157269852888636,0.876265437083101,0.974649042929864,-5.7880245333976,"MRPL27"
"241342_at",0.0295775837853268,7.47253963984715,0.157180671001294,0.87633500419209,0.97467339233745,-5.78803777897281,"TMEM65"
"227559_at",-0.0359561148391505,8.13701082038586,-0.156822023036758,0.876614780880027,0.97467339233745,-5.78809097079702,"NDUFAF4"
"239852_at",-0.103069373430451,2.28293384191242,-0.156289144293694,0.877030502923648,0.974674374828778,-5.78816977922667,"MMAA"
"230305_at",-0.030867093091778,7.4064444357842,-0.154462595837172,0.878455745372368,0.975088570085548,-5.78843787950707,"DNAJC15"
"203152_at",0.0199547415073177,8.30701010343996,0.15384733465631,0.878935923424186,0.975295272930168,-5.78852747919983,"MRPL40"
"224812_at",0.0179513068965316,7.82792975748116,0.153242708728313,0.879407847206588,0.975366301806736,-5.78861518240408,"HIBADH"
"1561329_s_at",0.0925046831747868,3.55747067156067,0.153018813476237,0.879582613882036,0.97537407813538,-5.78864757178343,"RPUSD3"
"1566342_at",-0.044060852451221,8.36808213504408,-0.15184222587177,0.880501128806807,0.975615876937387,-5.78881700378628,"SOD2"
"221588_x_at",0.0294922344777681,10.4106660478958,0.150228451885516,0.881761214493832,0.975885931842049,-5.7890472690048,"ALDH6A1"
"36475_at",0.0207608015803852,6.98605876261595,0.148491103174851,0.883118145670989,0.976333376140943,-5.78929242188775,"GCAT"
"206353_at",0.0252532715478691,5.42743089084303,0.148463477396031,0.883139725334173,0.976337361868838,-5.78929629710257,"COX6A2"
"227960_s_at",-0.0288894236556418,7.30464108299124,-0.146882738920445,0.884374659479274,0.976668959105321,-5.78951683693707,"FAHD1"
"204388_s_at",-0.0439827848675149,7.03489451434213,-0.145067998832335,0.885792771640199,0.977102712520863,-5.78976711847856,"MAOA"
"1555610_at",0.0802626214902207,1.8759818203481,0.144408856186784,0.886307948892652,0.977188924197866,-5.78985725581513,"AGK"
"218046_s_at",-0.0263361944008395,6.4344159804315,-0.144263257437132,0.88642175384024,0.977188924197866,-5.78987711109862,"MRPS16"
"1557411_s_at",-0.0406278204520987,5.17178880861971,-0.14324544023547,0.887217383649585,0.977261200109044,-5.79001535229337,"SLC25A43"
"1555127_at",-0.0341255619898697,4.35721695471695,-0.142866982828004,0.887513255349962,0.977261200109044,-5.79006650564941,"MOCS1"
"1554512_a_at",0.0994405723557314,2.66617672735646,0.141862084982916,0.888298948241648,0.977420115385114,-5.79020167485751,"CEP89"
"200980_s_at",0.0208390847068622,8.63563726392888,0.141677703439658,0.888443122080974,0.977420115385114,-5.79022637267799,"PDHA1"
"228355_s_at",-0.0237168443080945,7.90521379658044,-0.14083614875515,0.889101210243829,0.977547824299556,-5.79033869134478,"NDUFAF2"
"244763_at",0.0310061756360663,4.35126251958316,0.140250388580886,0.889559317240574,0.977782605052381,-5.79041647591436,"MTRF1"
"223371_s_at",0.042476991108068,4.57351761538274,0.139311514503073,0.890293666398075,0.978014455606049,-5.79054047624615,"DNAJC4"
"218408_at",-0.024168190063668,7.44040323759229,-0.138757166479186,0.890727301768215,0.978096583055956,-5.79061330048232,"TIMM10"
"202847_at",-0.0270067418847972,5.97130996157407,-0.138121737263805,0.891224405000682,0.978271417554882,-5.79069641970077,"PCK2"
"1560033_at",0.0960844957323856,3.1826046391484,0.137895921950304,0.891401073713346,0.978271417554882,-5.79072586641652,"MCCC2"
"222886_at",0.0533470657982461,3.77953154880688,0.137317062032649,0.89185397622479,0.978410551468635,-5.79080113106715,"NSUN3"
"209364_at",-0.0232129609519198,7.60355560610452,-0.136780133865849,0.89227410457184,0.978504422813306,-5.7908706610724,"BAD"
"221256_s_at",-0.0329387999533825,5.77536571268346,-0.13670224739719,0.892335050794325,0.978516883131711,-5.79088072446473,"HDHD3"
"217646_at",-0.055551958294619,4.70126968868842,-0.135649568886124,0.893158838487432,0.978577892023921,-5.79101617537113,"SURF1"
"205849_s_at",-0.0149284779781903,11.5482729285241,-0.135033025420171,0.893641379629175,0.978577892023921,-5.79109502217625,"UQCRB"
"242752_at",0.0404761932752364,6.10072474503066,0.133435058467419,0.894892230975554,0.978863897754978,-5.79129770923938,"PPM1K"
"225410_at",-0.0144444751240435,8.0589780364463,-0.132763922234575,0.895417663578015,0.978955148582195,-5.79138211814287,"COA5"
"224210_s_at",0.0406191604263653,5.3695314212076,0.129337644243675,0.898100849318238,0.979548611021019,-5.79180641844443,"PXMP4"
"220865_s_at",0.0226315561685894,6.04053089491825,0.129242758072924,0.898175174268082,0.979548611021019,-5.79181801123991,"PDSS1"
"217408_at",0.0235636505506465,7.65948876567301,0.129156354394233,0.898242855650493,0.979561723009419,-5.79182856028942,"MRPS18B"
"223477_s_at",0.0229195826399469,6.72945633072058,0.127690752592507,0.899391004024774,0.979886089743676,-5.79200642280515,"C12orf65"
"225862_at",0.0190448442276933,7.14002928757103,0.125816774042523,0.900859398330256,0.980382989369717,-5.79223089218117,"SLC25A26"
"230909_at",-0.0666163814793417,2.49042567529574,-0.125760456212561,0.900903532911772,0.980387504307847,-5.79223758676197,"COX18"
"218105_s_at",-0.0207943276018017,6.91116203314108,-0.123403835611714,0.902750634492096,0.980790642538236,-5.79251503832142,"MRPL4"
"218809_at",0.020483051943459,7.99302496255026,0.121739425939611,0.904055523101814,0.980918737275866,-5.79270783567982,"PANK2"
"203478_at",0.0174453006084801,10.0489939530697,0.121484480001411,0.904255423748131,0.980918737275866,-5.79273713648703,"NDUFC1"
"221432_s_at",-0.0137764557145954,8.4112825011604,-0.117987844225822,0.906997745192303,0.98148979002707,-5.79313281207942,"SLC25A28"
"203609_s_at",-0.0452901728043311,5.65470535296681,-0.117845344326132,0.90710952935027,0.98148979002707,-5.79314869246564,"ALDH5A1"
"237555_at",-0.0524415970370258,4.61424626922607,-0.117414213031191,0.907447742493998,0.98148979002707,-5.79319662160717,"CARS2"
"230085_at",0.0336200441369198,6.43131329539539,0.116728244221235,0.907985906761698,0.981667930245853,-5.79327251951202,"PDK3"
"200848_at",-0.029094619015376,10.5801439152377,-0.115381965048075,0.909042235294509,0.982142364443129,-5.79342018499363,"AHCYL1"
"242996_at",0.064264429326271,2.82932368950481,0.114917929665983,0.909406370108602,0.982167558984353,-5.79347068580136,"MTRF1"
"222553_x_at",-0.0257912600288055,8.83502134773147,-0.113750914924528,0.910322231247011,0.982275864127191,-5.7935967931166,"OXR1"
"213631_x_at",-0.0308690698785392,4.73915234483997,-0.113724579347733,0.910342900597899,0.982275864127191,-5.79359962409733,"DHODH"
"223309_x_at",-0.0149079690740131,8.48890993571091,-0.113324359499473,0.910657019126157,0.982275864127191,-5.79364256572032,"PNPLA8"
"203089_s_at",0.0190897862172827,6.90018045485825,0.112939513641048,0.910959085103665,0.982301542188491,-5.79368371517013,"HTRA2"
"210862_s_at",-0.0526320259302259,2.43342867688392,-0.112492217222072,0.911310185731912,0.982407102399151,-5.79373136640953,"SARDH"
"1553030_a_at",-0.0224302112776992,5.83491901513486,-0.11179254539977,0.911859422552748,0.982491206681501,-5.79380552479544,"SUOX"
"204041_at",-0.022417923297204,9.61411145816506,-0.110672548460492,0.912738704010252,0.982694234748624,-5.79392327145053,"MAOB"
"211752_s_at",-0.0179007964598049,8.77710105607422,-0.11046620161702,0.91290071411511,0.982694234748624,-5.79394483574575,"NDUFS7"
"223507_at",-0.0151982649133345,7.65645126471649,-0.11035263108802,0.91298988393595,0.982694234748624,-5.79395668729157,"CLPX"
"229595_at",-0.0184313457632585,7.55268595097162,-0.110093829962103,0.913193085791663,0.982694234748624,-5.79398364874453,"CHCHD4"
"223310_x_at",-0.0135854528007175,9.76954417013592,-0.110033035704619,0.913240820250859,0.982694234748624,-5.79398997301243,"PNPLA8"
"203746_s_at",-0.0216361863601009,6.51091299129034,-0.109549888962392,0.913620189376865,0.982745150459002,-5.79404010943878,"HCCS"
"239683_at",0.0231474300333434,5.78869691774755,0.108899252232028,0.914131105375257,0.982971307091484,-5.79410727814224,"CLYBL"
"202799_at",0.0164277362094816,7.71256113548538,0.108650686748163,0.914326302698388,0.982990409587599,-5.79413283336356,"CLPP"
"200642_at",0.016475239077316,12.2926469595087,0.108177592222188,0.914697836755099,0.983074996406049,-5.79418131141461,"SOD1"
"217139_at",0.0370340638501974,3.75464312864368,0.10562623014034,0.916701829379273,0.983462324658423,-5.79443910663067,"VDAC1"
"214082_at",0.0375405493920029,5.01540421323689,0.105125142466486,0.917095479985496,0.983642653426283,-5.79448901546623,"CA5B"
"219363_s_at",0.0139554334503636,7.77296164938307,0.104885306010692,0.917283901280088,0.983663343167315,-5.79451281951583,"MTERF3"
"212410_at",-0.0119005377706106,9.28867244603134,-0.104362147159811,0.917694924535855,0.983691302045794,-5.79456455517426,"MICU2"
"227648_at",0.0527095601459369,3.8999650560352,0.104271812202136,0.917765899163507,0.983691302045794,-5.79457346231374,"SMDT1"
"203658_at",-0.0143199876190895,7.660607603669,-0.103228938970159,0.918585316910749,0.984011838916468,-5.7946757329068,"SLC25A20"
"223291_at",-0.0228808807521607,5.14235596433788,-0.102921977076655,0.918826523857388,0.984011838916468,-5.79470563984122,"MRPS15"
"1563696_at",-0.0649804557563203,2.64341201534408,-0.102524209403108,0.919139096658545,0.984011838916468,-5.79474426151337,"HSD17B4"
"208950_s_at",-0.0214683916223918,8.5927148453352,-0.102218063328433,0.919379680622399,0.984011838916468,-5.79477388533285,"ALDH7A1"
"214166_at",-0.0311780567878363,4.93902141813785,-0.102200197915073,0.919393720344979,0.984011838916468,-5.79477561132259,"SDHB"
"219822_at",0.0230936966650456,5.72420146157279,0.101455608017559,0.919978887753271,0.984017939788587,-5.7948472785857,"MTRF1"
"238295_at",0.0207967563302941,6.30224340648064,0.101204234738486,0.920176450441342,0.984132953356556,-5.79487135520842,"TEFM"
"219249_s_at",0.0485846770678661,2.51174798101024,0.0990117702672848,0.921899801701569,0.984367388665956,-5.79507882011116,"FKBP10"
"235621_at",-0.0272360655517478,5.65752052598883,-0.0975088871876893,0.923081343659247,0.984545180844797,-5.79521840984113,"FAHD2A"
"225206_s_at",0.0141231623636872,7.66644811315301,0.0960209574881122,0.924251306704746,0.984720524788795,-5.79535450911637,"MTRF1L"
"1553096_s_at",-0.0191037294088105,5.91836050281064,-0.0956898074913364,0.924511714535866,0.984720524788795,-5.79538451455319,"BCL2L11"
"1554646_at",0.0288325317510147,4.20791570347993,0.0956282764812119,0.92456010188307,0.984730202829165,-5.79539007845505,"OSBPL1A"
"239161_at",0.0235486682737734,5.38593710131382,0.0949047202840078,0.925129121095131,0.984930685998537,-5.79545523727965,"FDX1"
"243283_at",-0.0451509835757519,3.10790957784082,-0.0943046493516013,0.92560105980101,0.985027690802908,-5.79550890069714,"CROT"
"241663_at",0.0429250879398072,1.25924228583022,0.0924402875624243,0.927067503473489,0.985487742253571,-5.79567345770882,"TCAIM"
"232055_at",-0.0241051998389518,5.21739313608976,-0.0916690329903313,0.927674223195902,0.98561190133115,-5.7957405720633,"SFXN1"
"229843_at",-0.0369433640585493,4.53542397386592,-0.090706026285787,0.928431850302452,0.985799092386299,-5.7958235838156,"RMDN1"
"1559239_s_at",-0.0295613020639569,4.27375420500791,-0.09018319311706,0.928843208137146,0.985831907843086,-5.79586828542268,"ACAT1"
"228931_at",0.0184559470432623,6.99311181743257,0.0872668647580872,0.931138100929922,0.986349950645432,-5.79611289054151,"COQ4"
"223528_s_at",0.013681056990235,7.07013604516009,0.0872429957708886,0.931156886245032,0.986349950645432,-5.79611485938755,"METTL17"
"32091_at",0.0154549023269108,8.48160424949145,0.0869025338242321,0.931424840237087,0.986349950645432,-5.7961428839789,"SLC25A44"
"212739_s_at",-0.0141802256961206,7.54172927682282,-0.0863093731643178,0.931891695518482,0.986349950645432,-5.79619144747673,"NME4"
"239378_at",-0.0377324699585848,4.83470140524661,-0.0857503055162122,0.932331740155439,0.986510806289728,-5.79623691540682,"PITRM1"
"1561125_at",0.0611105528847016,2.53538281813604,0.0853579362596457,0.932640588840825,0.986604309982198,-5.79626864972149,"MTHFD1L"
"44120_at",0.010248281548959,7.37842249170461,0.0852885217668397,0.932695228734091,0.986608280521259,-5.79627424873334,"ADCK2"
"233613_x_at",-0.0460898733017598,4.23837065216096,-0.0849847255796925,0.932934367057253,0.986626204600302,-5.79629869954486,"REXO2"
"221270_s_at",0.032935603344127,6.11752791240335,0.0841079124034448,0.933624601312792,0.986764971054956,-5.79636878020029,"QTRT1"
"229361_at",0.0412237407075425,1.92413259092318,0.0839231715954873,0.933770037498076,0.986764971054956,-5.79638345325417,"SLC25A27"
"231228_at",0.0346504660873247,3.69660693847232,0.0829583464618005,0.934529628721962,0.986923714304988,-5.7964595606161,"BCL2L1"
"232376_at",0.0327813342611057,4.28043350197898,0.0825367713381685,0.934861547868866,0.986923714304988,-5.79649253920833,"PCCA"
"204289_at",-0.0372396466541584,4.51596319281764,-0.0823070577897912,0.935042413511022,0.986923714304988,-5.79651043835181,"ALDH6A1"
"200736_s_at",0.0193149665357685,9.96484507799521,0.0822972071209927,0.935050169543754,0.986923714304988,-5.79651120479525,"GPX1"
"225398_at",0.0118664550393842,6.47460565193977,0.07968550553672,0.937106749608441,0.98752497077281,-5.79671117691622,"RPUSD4"
"238975_at",-0.0415809668633536,3.14593702240314,-0.0793359058061882,0.937382075395404,0.987619427239406,-5.79673745588671,"MMAB"
"242565_x_at",-0.0189428313138554,7.19469976935574,-0.0788882810521305,0.937734611950634,0.987770808314946,-5.79677093467957,"YBEY"
"225943_at",-0.0154829918583856,6.45517073273631,-0.078745253981564,0.937847258742801,0.987783824563552,-5.79678159206184,"NLN"
"1562644_at",-0.0484101092302087,2.75617061530204,-0.0779178501797508,0.938498940081501,0.98802855553608,-5.79684286508807,"MTHFD2L"
"238974_at",-0.0108920362312985,9.1089260992439,-0.0777676826759405,0.938617219986225,0.98802855553608,-5.79685391632076,"C2orf69"
"228512_at",-0.0116568785191326,7.05703219083101,-0.0772781915201083,0.939002779175533,0.988100369229481,-5.79688979136827,"PTCD3"
"223978_s_at",-0.0131393425050335,6.77336960832203,-0.0771178852770842,0.939129051445669,0.988156670794527,-5.79690149107694,"CRLS1"
"222841_s_at",-0.0128639139122617,6.18760309526028,-0.075118673659666,0.940703953637788,0.988495776841608,-5.7970453607038,"TIMM22"
"220256_s_at",0.0210538043477118,5.04460057193864,0.0732526091551807,0.942174189487367,0.98870872077199,-5.7971762406973,"OXCT2"
"204282_s_at",-0.0124814502912359,6.09357420117757,-0.0732074782139816,0.942209749883409,0.98870872077199,-5.79717936528745,"FARS2"
"1556894_at",0.0441764107471257,3.36429570963767,0.072390143386485,0.942853780325633,0.988857748252163,-5.79723561947105,"NT5DC2"
"227795_at",-0.0226818243165025,3.59407508112364,-0.0718531391166614,0.943276941948958,0.988965536671836,-5.79727223587507,"NDUFV1"
"223193_x_at",-0.0111753290216515,9.54884549517012,-0.0689369590498946,0.945575197021561,0.989498605837513,-5.79746632147445,"FAM162A"
"1559393_at",-0.032488972204351,2.68237757898057,-0.0679194118381005,0.946377244713036,0.989548992261309,-5.79753215263811,"ALDH1L2"
"218605_at",-0.0101488250869181,6.89421606635345,-0.0671958124214723,0.946947632933712,0.989701546808286,-5.7975783712213,"TFB2M"
"205238_at",0.0134183474437868,5.9947389066335,0.0671652045087621,0.9469717607227,0.989701546808286,-5.79758031533684,"TRMT2B"
"241716_at",-0.0232288063357842,5.22474836833333,-0.065576026502182,0.948224557739551,0.990017520947563,-5.79768003836299,"HSPD1"
"221845_s_at",0.0151376907328726,5.67536408179722,0.0649063473063424,0.948752526885536,0.990226154437073,-5.79772134677259,"CLPB"
"221478_at",0.00841443145656178,10.1352613237586,0.0638712104417035,0.949568666440694,0.990511634350818,-5.79778436407628,"BNIP3L"
"228283_at",0.00853870656010683,7.45677155212956,0.0637607193976879,0.949655784925847,0.990511634350818,-5.79779103075663,"CMC1"
"228252_at",-0.0308508525528141,3.92149448752615,-0.0636852966442577,0.94971525360541,0.990519407600882,-5.79779557490063,"PIF1"
"212449_s_at",0.011836271808564,7.92068469267554,0.0621263614864639,0.950944495242933,0.990730586272836,-5.7978882950829,"LYPLA1"
"244084_at",0.0152340589306537,7.40936174832813,0.0603791242246718,0.952322362512008,0.991228554206529,-5.79798948483877,"AIFM3"
"210544_s_at",0.01049744297424,6.97237142730111,0.0594440273773563,0.95305984004387,0.991319645126975,-5.79804245477773,"ALDH3A2"
"228841_at",0.00768901254365305,9.18544979693224,0.0580784929604237,0.954136864658684,0.991566606157058,-5.79811832273773,"LYRM7"
"217980_s_at",-0.00755982461454368,8.06437684198609,-0.057319932205257,0.954735195343814,0.991687504124475,-5.7981597062363,"MRPL16"
"1552485_at",-0.00925105785850715,5.12392407531306,-0.053860732514768,0.957464048863235,0.992141536729465,-5.79834152814507,"LACTB"
"203616_at",-0.0123521458747092,8.0540508465314,-0.0523544158591243,0.958652501649479,0.992378536831003,-5.79841716772059,"POLB"
"202026_at",-0.00799707656794508,8.97060812823638,-0.0519757421997914,0.958951282786186,0.99245190994546,-5.79843584541002,"SDHD"
"219449_s_at",0.0123869623837683,8.45642327982033,0.051102348166872,0.959640431474914,0.992697881583286,-5.79847840779635,"TMEM70"
"215037_s_at",-0.00989618913433354,6.21800545090174,-0.0509373488248467,0.959770627268391,0.992702164908573,-5.79848636758882,"BCL2L1"
"222708_s_at",-0.00620922038740615,7.63908955312207,-0.0503107039264602,0.960265103383517,0.992702164908573,-5.79851636330956,"STX17"
"224038_at",0.0226857456668433,3.25829730153579,0.0500383843436845,0.960479991753015,0.992759407415338,-5.79852928276644,"TIMM23"
"1554938_a_at",-0.025954137087085,3.57931228281566,-0.0494546008617921,0.960940667643978,0.992903818136386,-5.79855674254343,"ACOT11"
"213634_s_at",-0.0106148411804638,6.07567164474779,-0.046463760851515,0.963301015978633,0.993483018971715,-5.79869237101363,"TRMU"
"49327_at",0.00813503793495437,7.446119016342,0.0462062653931012,0.963504245694289,0.993526668237374,-5.79870365253472,"SIRT3"
"214045_at",-0.00934581319511969,6.35695875071109,-0.0454131304539764,0.964130247560226,0.993580230457926,-5.79873800787049,"LIAS"
"223605_at",0.010106189448059,9.89975684697073,0.0453112435848547,0.964210666062302,0.993625402374732,-5.79874237808391,"SLC25A18"
"208822_s_at",-0.00757288499506843,7.87574066624386,-0.0452291470298835,0.964275464506193,0.993654485302528,-5.79874589229544,"DAP3"
"227348_at",0.00861377034203664,5.66519127261948,0.0449536504389043,0.964492914558441,0.993654485302528,-5.79875763858854,"PARS2"
"223248_at",0.00996266727609983,7.27767609216904,0.0445575863204569,0.964805533717916,0.99371485173499,-5.79877439976566,"HSDL1"
"1555548_at",0.0193833115292579,4.16677280266701,0.0427296649516489,0.966248412075291,0.993833925950961,-5.79884983453859,"NDUFA10"
"227291_s_at",0.00738589664619566,8.65776473410281,0.0426214391747762,0.966333844323725,0.993833925950961,-5.79885420175462,"BOLA3"
"212656_at",-0.00575918571439645,7.03242090629382,-0.0403568960512463,0.968121542311495,0.994053532736164,-5.79894304245097,"TSFM"
"209485_s_at",-0.00809049772857563,10.0055670907359,-0.0385712718608468,0.969531287559038,0.994565000768759,-5.79900967581854,"OSBPL1A"
"1565694_at",-0.0114938564917648,4.72832755435193,-0.0355463536121546,0.971919679704295,0.9948939554763,-5.79911567638659,"DTYMK"
"238746_at",-0.0192694486284009,4.36487325182848,-0.0351338077838595,0.972245435712733,0.99497910885215,-5.79912946260411,"PXMP4"
"202002_at",-0.0104681291534614,5.53561626575241,-0.0350911103435086,0.972279150909352,0.99497910885215,-5.7991308802533,"ACAA2"
"227451_s_at",0.00533780910251631,7.49351154501318,0.0322843920410036,0.974495533090012,0.995641173217581,-5.79922028865057,"MCUR1"
"218447_at",-0.00360109823740725,9.18662463397133,-0.0313655767885634,0.975221140458342,0.995954484709494,-5.79924793935154,"CMC2"
"201848_s_at",0.00588525356864635,8.66726703362362,0.0312714158504099,0.975295502532751,0.995978588204061,-5.79925072792457,"BNIP3"
"209916_at",-0.0059547831629598,7.41880160395624,-0.0298301652917499,0.976433734780257,0.996192247032731,-5.79929236432291,"DHTKD1"
"218001_at",-0.00472819660810515,6.63302059399748,-0.0297360416286389,0.976508071040155,0.996202035399129,-5.79929501514663,"MRPS2"
"227374_at",0.00375439403754502,6.50875969923249,0.0290689326779278,0.977034941352241,0.996420408219818,-5.79931356298614,"EARS2"
"223484_at",0.0179119050690105,1.78420318870576,0.0289778697809761,0.977106861973068,0.996442072105984,-5.7993160621957,"C15orf48"
"217960_s_at",0.00570739903968014,6.97336754074346,0.0280499619259949,0.977839726016479,0.996461229972578,-5.79934108149581,"TOMM22"
"236844_at",0.0137198615244431,2.48504326424769,0.0275167021515335,0.978260904986662,0.996496433820897,-5.79935509147076,"DHX30"
"232644_x_at",0.0043328143177505,9.12100543463105,0.0274542013208288,0.978310269784532,0.996528030645217,-5.7993567159089,"OCIAD1"
"240846_at",-0.0125870661552082,3.45461207668388,-0.0251564468430941,0.980125156065446,0.99694382918047,-5.79941387205488,"PCBD2"
"215654_at",0.011713438861394,3.59129342535595,0.0240868526906552,0.980970015075311,0.997038570508151,-5.79943877515599,"BCAT2"
"50374_at",-0.00329891226298446,7.03025536046432,-0.0236720227940238,0.981297690150992,0.997038570508151,-5.79944814240527,"OXLD1"
"218440_at",0.00265037295597267,7.90244497939232,0.023042479148528,0.981794974471167,0.997139373873236,-5.79946204724409,"MCCC1"
"209223_at",-0.0123256407214003,3.66158452281662,-0.0228847896992073,0.98191953650145,0.997149512939491,-5.79946547146667,"NDUFA2"
"223172_s_at",0.00382784234530554,5.92499924104901,0.0207064605642868,0.983640288364969,0.997474430380828,-5.79951036796813,"MTFP1"
"212228_s_at",0.00286853188897113,7.98489319280633,0.0193625925215347,0.984701905821129,0.997612222588282,-5.79953582787175,"COQ9"
"226007_at",0.00227007318313992,7.6319734905131,0.0169763489770909,0.986587039680982,0.998135200638589,-5.79957682744984,"ISCA2"
"1564706_s_at",-0.0112274799507639,3.86870395096914,-0.0155717007112167,0.987696750486405,0.998185565176145,-5.79959844398729,"GLS2"
"204290_s_at",0.00312030074109123,9.82913382815256,0.0154069187983442,0.987826934431365,0.998185565176145,-5.79960085758921,"ALDH6A1"
"205760_s_at",-0.0028011159348373,6.95614158797193,-0.0153730212841379,0.987853714792658,0.998185565176145,-5.79960135091034,"OGG1"
"223320_s_at",0.00185693544824504,6.54283639915307,0.0119056715722418,0.990593127503906,0.998256635423208,-5.79964607239206,"ABCB10"
"228689_at",0.00495628209466712,4.37096851122763,0.0113800046318438,0.991008446785985,0.998256635423208,-5.79965185995181,"NDUFA11"
"224510_s_at",-0.0055953894843795,3.42462990149793,-0.010381962639246,0.991796987465206,0.998389420141088,-5.79966212930878,"CLPB"
"210626_at",-0.0041966193583603,3.03080573716318,-0.00897519458960504,0.992908471792674,0.998591997809708,-5.79967500471112,"AKAP1"
"221826_at",0.00174489133360426,5.80027263502368,0.00831215027826785,0.993432346833523,0.998714511798121,-5.79968042431995,"ANGEL2"
"229535_at",-0.00115728225929431,6.64176190954514,-0.00822030324249258,0.993504915935229,0.998714511798121,-5.79968114227899,"PTPMT1"
"226386_at",0.00141423828918776,7.90507924473757,0.00800297636152171,0.99367662792477,0.998714511798121,-5.79968280933181,"MALSU1"
"217722_s_at",0.00114722047446814,11.4091823953816,0.00756098758746478,0.99402584831347,0.998843718156931,-5.79968606191797,"NGRN"
"229680_at",0.00328625971355184,2.20172251203149,0.00740890563642948,0.994146010287466,0.998909025079904,-5.79968713836787,"TACO1"
"40255_at",-0.00132788206156191,5.79635563681502,-0.00737455375338516,0.994173152187124,0.998915166827442,-5.79968737848552,"DDX28"
"208951_at",-0.0012564131176034,8.36186401730047,-0.00665975157075703,0.994737928885498,0.999208971936188,-5.79969212171737,"ALDH7A1"
"1568857_a_at",-0.00135321466410515,5.07149290234054,-0.00553202793728116,0.995628967024765,0.999341366158276,-5.79969862252874,"NBR1"
"218939_at",0.00213260889514797,4.9541902086037,0.00467507028653403,0.99630607119676,0.999341366158276,-5.79970275832985,"LETM1"
"218160_at",0.000753506327363933,9.51060987523611,0.00438067213534855,0.996538683387121,0.999341366158276,-5.7997040188716,"NDUFA8"
"201633_s_at",-0.000799815412258182,6.96531742972111,-0.00403913815774752,0.996808539297764,0.999349852816104,-5.79970537854428,"CYB5B"
"221957_at",-0.000703477054290008,5.85799861530944,-0.00400073426084276,0.996838883356395,0.999349852816104,-5.79970552453412,"PDK3"
"226815_at",0.000791040268749819,5.09552866800774,0.00298167221750031,0.997644076143988,0.999521007230137,-5.79970888890603,"TAMM41"
"214079_at",0.00117533872769796,3.31856028491406,0.00243938673489137,0.998072553953187,0.999598256350123,-5.7997102788921,"DHRS2"
"217874_at",-0.000282811171396273,9.73358563007354,-0.0024181565098135,0.998089328673479,0.999598256350123,-5.79971032765277,"SUCLG1"
"222528_s_at",0.000674963128060723,6.48598821980256,0.00208302989666053,0.998354123680844,0.99962394311593,-5.79971104089048,"SLC25A37"
"218511_s_at",2.72074850907323e-05,7.27716261575654,0.00022389623560061,0.999823091456147,0.999956872055151,-5.79971306877275,"PNPO"
